Region,שם מוסד,רשות מקומית,פיקוח,מגזר,מחזור סיום,מקצוע,"י""ל",מספר נבחנים,ממוצע ציון סופי,סמל מוסד
east,שש שנתי בוקעאתא,בוקעאתה,ממלכתי,דרוזי,2021,אזרחות,2,120,72.69,249219
east,שש שנתי בוקעאתא,בוקעאתה,ממלכתי,דרוזי,2022,אזרחות,2,105,77.98,249219
east,שש שנתי בוקעאתא,בוקעאתה,ממלכתי,דרוזי,2023,אזרחות,2,130,78.58,249219
east,שש שנתי בוקעאתא,בוקעאתה,ממלכתי,דרוזי,2021,אנגלית,3,38,74.47,249219
east,שש שנתי בוקעאתא,בוקעאתה,ממלכתי,דרוזי,2021,אנגלית,4,40,74.6,249219
east,שש שנתי בוקעאתא,בוקעאתה,ממלכתי,דרוזי,2021,אנגלית,5,42,83.55,249219
east,שש שנתי בוקעאתא,בוקעאתה,ממלכתי,דרוזי,2022,אנגלית,3,32,74.31,249219
east,שש שנתי בוקעאתא,בוקעאתה,ממלכתי,דרוזי,2022,אנגלית,4,20,70.85,249219
east,שש שנתי בוקעאתא,בוקעאתה,ממלכתי,דרוזי,2022,אנגלית,5,52,84.21,249219
east,שש שנתי בוקעאתא,בוקעאתה,ממלכתי,דרוזי,2023,אנגלית,3,37,69.62,249219
east,שש שנתי בוקעאתא,בוקעאתה,ממלכתי,דרוזי,2023,אנגלית,4,40,72.9,249219
east,שש שנתי בוקעאתא,בוקעאתה,ממלכתי,דרוזי,2023,אנגלית,5,53,82.38,249219
east,שש שנתי בוקעאתא,בוקעאתה,ממלכתי,דרוזי,2021,ביולוגיה,5,42,75.95,249219
east,שש שנתי בוקעאתא,בוקעאתה,ממלכתי,דרוזי,2022,ביולוגיה,5,28,76.89,249219
east,שש שנתי בוקעאתא,בוקעאתה,ממלכתי,דרוזי,2023,ביולוגיה,5,26,71.12,249219
east,שש שנתי בוקעאתא,בוקעאתה,ממלכתי,דרוזי,2021,גאוגרפיה,5,26,81.88,249219
east,שש שנתי בוקעאתא,בוקעאתה,ממלכתי,דרוזי,2022,גאוגרפיה,5,18,75.44,249219
east,שש שנתי בוקעאתא,בוקעאתה,ממלכתי,דרוזי,2023,גאוגרפיה,5,13,82.46,249219
east,שש שנתי בוקעאתא,בוקעאתה,ממלכתי,דרוזי,2021,הסטוריה - בי'ס דרוזי,2,88,91.25,249219
east,שש שנתי בוקעאתא,בוקעאתה,ממלכתי,דרוזי,2021,הסטוריה - בי'ס דרוזי,5,32,80.47,249219
east,שש שנתי בוקעאתא,בוקעאתה,ממלכתי,דרוזי,2022,הסטוריה - בי'ס דרוזי,2,66,89.61,249219
east,שש שנתי בוקעאתא,בוקעאתה,ממלכתי,דרוזי,2022,הסטוריה - בי'ס דרוזי,5,39,85.28,249219
east,שש שנתי בוקעאתא,בוקעאתה,ממלכתי,דרוזי,2023,הסטוריה - בי'ס דרוזי,2,68,87.06,249219
east,שש שנתי בוקעאתא,בוקעאתה,ממלכתי,דרוזי,2023,הסטוריה - בי'ס דרוזי,5,62,86.48,249219
east,שש שנתי בוקעאתא,בוקעאתה,ממלכתי,דרוזי,2021,חנוך גופני,5,14,89,249219
east,שש שנתי בוקעאתא,בוקעאתה,ממלכתי,דרוזי,2023,חנוך גופני,5,26,66.96,249219
east,שש שנתי בוקעאתא,בוקעאתה,ממלכתי,דרוזי,2021,כימיה,5,28,81.18,249219
east,שש שנתי בוקעאתא,בוקעאתה,ממלכתי,דרוזי,2022,כימיה,5,28,78,249219
east,שש שנתי בוקעאתא,בוקעאתה,ממלכתי,דרוזי,2023,כימיה,5,27,75.78,249219
east,שש שנתי בוקעאתא,בוקעאתה,ממלכתי,דרוזי,2021,מדעי המחשב,5,19,69.79,249219
east,שש שנתי בוקעאתא,בוקעאתה,ממלכתי,דרוזי,2022,מדעי המחשב,5,21,76.05,249219
east,שש שנתי בוקעאתא,בוקעאתה,ממלכתי,דרוזי,2023,מדעי המחשב,5,22,75.5,249219
east,שש שנתי בוקעאתא,בוקעאתה,ממלכתי,דרוזי,2021,מדעי לימודי הסביבה,5,22,72.59,249219
east,שש שנתי בוקעאתא,בוקעאתה,ממלכתי,דרוזי,2022,מדעי לימודי הסביבה,5,17,68.76,249219
east,שש שנתי בוקעאתא,בוקעאתה,ממלכתי,דרוזי,2023,מדעי לימודי הסביבה,5,13,68.15,249219
east,שש שנתי בוקעאתא,בוקעאתה,ממלכתי,דרוזי,2021,מנהל וכלכלה,5,28,78.04,249219
east,שש שנתי בוקעאתא,בוקעאתה,ממלכתי,דרוזי,2022,מנהל וכלכלה,5,21,71.57,249219
east,שש שנתי בוקעאתא,בוקעאתה,ממלכתי,דרוזי,2023,מנהל וכלכלה,5,21,60.33,249219
east,שש שנתי בוקעאתא,בוקעאתה,ממלכתי,דרוזי,2021,מתמטיקה,3,69,70.3,249219
east,שש שנתי בוקעאתא,בוקעאתה,ממלכתי,דרוזי,2021,מתמטיקה,4,24,80.58,249219
east,שש שנתי בוקעאתא,בוקעאתה,ממלכתי,דרוזי,2021,מתמטיקה,5,21,76.67,249219
east,שש שנתי בוקעאתא,בוקעאתה,ממלכתי,דרוזי,2022,מתמטיקה,3,54,65.67,249219
east,שש שנתי בוקעאתא,בוקעאתה,ממלכתי,דרוזי,2022,מתמטיקה,4,34,80.97,249219
east,שש שנתי בוקעאתא,בוקעאתה,ממלכתי,דרוזי,2022,מתמטיקה,5,13,73.46,249219
east,שש שנתי בוקעאתא,בוקעאתה,ממלכתי,דרוזי,2023,מתמטיקה,3,76,61.43,249219
east,שש שנתי בוקעאתא,בוקעאתה,ממלכתי,דרוזי,2023,מתמטיקה,4,34,73.59,249219
east,שש שנתי בוקעאתא,בוקעאתה,ממלכתי,דרוזי,2023,מתמטיקה,5,20,76.85,249219
east,שש שנתי בוקעאתא,בוקעאתה,ממלכתי,דרוזי,2021,ניהול משאבי אנוש,3,27,81.63,249219
east,שש שנתי בוקעאתא,בוקעאתה,ממלכתי,דרוזי,2022,ניהול משאבי אנוש,3,21,80.33,249219
east,שש שנתי בוקעאתא,בוקעאתה,ממלכתי,דרוזי,2023,ניהול משאבי אנוש,3,24,81.58,249219
east,שש שנתי בוקעאתא,בוקעאתה,ממלכתי,דרוזי,2021,עברית בחינוך הדרוזי,3,61,60.15,249219
east,שש שנתי בוקעאתא,בוקעאתה,ממלכתי,דרוזי,2021,עברית בחינוך הדרוזי,5,59,79.02,249219
east,שש שנתי בוקעאתא,בוקעאתה,ממלכתי,דרוזי,2022,עברית בחינוך הדרוזי,3,36,61.83,249219
east,שש שנתי בוקעאתא,בוקעאתה,ממלכתי,דרוזי,2022,עברית בחינוך הדרוזי,5,69,82.99,249219
east,שש שנתי בוקעאתא,בוקעאתה,ממלכתי,דרוזי,2023,עברית בחינוך הדרוזי,3,65,63.6,249219
east,שש שנתי בוקעאתא,בוקעאתה,ממלכתי,דרוזי,2023,עברית בחינוך הדרוזי,5,65,80.91,249219
east,שש שנתי בוקעאתא,בוקעאתה,ממלכתי,דרוזי,2021,ערבית לדרוזים,3,68,71.49,249219
east,שש שנתי בוקעאתא,בוקעאתה,ממלכתי,דרוזי,2021,ערבית לדרוזים,5,52,84.5,249219
east,שש שנתי בוקעאתא,בוקעאתה,ממלכתי,דרוזי,2022,ערבית לדרוזים,3,68,76.09,249219
east,שש שנתי בוקעאתא,בוקעאתה,ממלכתי,דרוזי,2022,ערבית לדרוזים,5,37,85.46,249219
east,שש שנתי בוקעאתא,בוקעאתה,ממלכתי,דרוזי,2023,ערבית לדרוזים,3,56,69.23,249219
east,שש שנתי בוקעאתא,בוקעאתה,ממלכתי,דרוזי,2023,ערבית לדרוזים,5,74,81.24,249219
east,שש שנתי בוקעאתא,בוקעאתה,ממלכתי,דרוזי,2021,פיסיקה,5,20,83.25,249219
east,שש שנתי בוקעאתא,בוקעאתה,ממלכתי,דרוזי,2023,פיסיקה,5,30,81.63,249219
east,שש שנתי בוקעאתא,בוקעאתה,ממלכתי,דרוזי,2022,תכנון ותכנות מערכות,5,23,89.61,249219
east,שש שנתי בוקעאתא,בוקעאתה,ממלכתי,דרוזי,2023,תכנון ותכנות מערכות,5,20,93.15,249219
east,אדם ואדמה גולן,גולן,ממלכתי,יהודי,2022,אזרחות,2,14,79.14,631309
east,אדם ואדמה גולן,גולן,ממלכתי,יהודי,2023,אזרחות,2,14,72.64,631309
east,אדם ואדמה גולן,גולן,ממלכתי,יהודי,2022,הסטוריה,2,14,79.57,631309
east,אדם ואדמה גולן,גולן,ממלכתי,יהודי,2023,הסטוריה,2,13,79.15,631309
east,אדם ואדמה גולן,גולן,ממלכתי,יהודי,2022,חקלאות,5,14,88.64,631309
east,אדם ואדמה גולן,גולן,ממלכתי,יהודי,2023,חקלאות,5,14,88.57,631309
east,אדם ואדמה גולן,גולן,ממלכתי,יהודי,2022,ספרות,2,14,70,631309
east,אדם ואדמה גולן,גולן,ממלכתי,יהודי,2023,ספרות,2,13,76,631309
east,אדם ואדמה גולן,גולן,ממלכתי,יהודי,2022,עברית )לשון והבעה(,2,14,76.36,631309
east,אדם ואדמה גולן,גולן,ממלכתי,יהודי,2023,עברית )לשון והבעה(,2,12,75.33,631309
east,אדם ואדמה גולן,גולן,ממלכתי,יהודי,2022,תנ'ך,2,14,80,631309
east,אדם ואדמה גולן,גולן,ממלכתי,יהודי,2023,תנ'ך,2,14,78.36,631309
east,תיכון פה הזהב,גוש חלב,ממלכתי,ערבי,2021,אזרחות,2,45,85.44,247098
east,תיכון פה הזהב,גוש חלב,ממלכתי,ערבי,2022,אזרחות,2,45,86.38,247098
east,תיכון פה הזהב,גוש חלב,ממלכתי,ערבי,2023,אזרחות,2,43,84.98,247098
east,תיכון פה הזהב,גוש חלב,ממלכתי,ערבי,2021,אלקטרוניקה ומחשבים,5,23,89.96,247098
east,תיכון פה הזהב,גוש חלב,ממלכתי,ערבי,2022,אלקטרוניקה ומחשבים,5,23,84.87,247098
east,תיכון פה הזהב,גוש חלב,ממלכתי,ערבי,2023,אלקטרוניקה ומחשבים,5,25,82.84,247098
east,תיכון פה הזהב,גוש חלב,ממלכתי,ערבי,2021,אנגלית,4,20,82.55,247098
east,תיכון פה הזהב,גוש חלב,ממלכתי,ערבי,2021,אנגלית,5,17,95.29,247098
east,תיכון פה הזהב,גוש חלב,ממלכתי,ערבי,2022,אנגלית,3,11,71.09,247098
east,תיכון פה הזהב,גוש חלב,ממלכתי,ערבי,2022,אנגלית,5,25,92.44,247098
east,תיכון פה הזהב,גוש חלב,ממלכתי,ערבי,2023,אנגלית,5,24,88.79,247098
east,תיכון פה הזהב,גוש חלב,ממלכתי,ערבי,2021,ביולוגיה,5,23,74.52,247098
east,תיכון פה הזהב,גוש חלב,ממלכתי,ערבי,2022,ביולוגיה,5,16,74.81,247098
east,תיכון פה הזהב,גוש חלב,ממלכתי,ערבי,2023,ביולוגיה,5,14,73.5,247098
east,תיכון פה הזהב,גוש חלב,ממלכתי,ערבי,2021,הסטוריה - בי'ס ערבי,2,45,88.53,247098
east,תיכון פה הזהב,גוש חלב,ממלכתי,ערבי,2022,הסטוריה - בי'ס ערבי,2,45,87.2,247098
east,תיכון פה הזהב,גוש חלב,ממלכתי,ערבי,2023,הסטוריה - בי'ס ערבי,2,43,88.21,247098
east,תיכון פה הזהב,גוש חלב,ממלכתי,ערבי,2021,מדעי לימודי הסביבה,5,20,79.3,247098
east,תיכון פה הזהב,גוש חלב,ממלכתי,ערבי,2022,מדעי לימודי הסביבה,5,21,69.67,247098
east,תיכון פה הזהב,גוש חלב,ממלכתי,ערבי,2023,מדעי לימודי הסביבה,5,18,69.22,247098
east,תיכון פה הזהב,גוש חלב,ממלכתי,ערבי,2021,מערכות אלקטרוניות,3,12,90,247098
east,תיכון פה הזהב,גוש חלב,ממלכתי,ערבי,2021,מערכות אלקטרוניות,5,11,90.36,247098
east,תיכון פה הזהב,גוש חלב,ממלכתי,ערבי,2022,מערכות אלקטרוניות,3,11,90.09,247098
east,תיכון פה הזהב,גוש חלב,ממלכתי,ערבי,2022,מערכות אלקטרוניות,5,13,97.38,247098
east,תיכון פה הזהב,גוש חלב,ממלכתי,ערבי,2023,מערכות אלקטרוניות,3,13,91,247098
east,תיכון פה הזהב,גוש חלב,ממלכתי,ערבי,2023,מערכות אלקטרוניות,5,12,95.5,247098
east,תיכון פה הזהב,גוש חלב,ממלכתי,ערבי,2021,מתמטיקה,3,21,82.48,247098
east,תיכון פה הזהב,גוש חלב,ממלכתי,ערבי,2021,מתמטיקה,4,14,86.71,247098
east,תיכון פה הזהב,גוש חלב,ממלכתי,ערבי,2022,מתמטיקה,3,21,70.05,247098
east,תיכון פה הזהב,גוש חלב,ממלכתי,ערבי,2022,מתמטיקה,4,11,88.36,247098
east,תיכון פה הזהב,גוש חלב,ממלכתי,ערבי,2022,מתמטיקה,5,12,86.92,247098
east,תיכון פה הזהב,גוש חלב,ממלכתי,ערבי,2023,מתמטיקה,3,18,82.33,247098
east,תיכון פה הזהב,גוש חלב,ממלכתי,ערבי,2023,מתמטיקה,4,17,77.53,247098
east,תיכון פה הזהב,גוש חלב,ממלכתי,ערבי,2021,עברית בחינוך הערבי,3,45,88.8,247098
east,תיכון פה הזהב,גוש חלב,ממלכתי,ערבי,2022,עברית בחינוך הערבי,3,45,84.18,247098
east,תיכון פה הזהב,גוש חלב,ממלכתי,ערבי,2023,עברית בחינוך הערבי,3,43,87.23,247098
east,תיכון פה הזהב,גוש חלב,ממלכתי,ערבי,2021,ערבית לערבים,3,43,86.33,247098
east,תיכון פה הזהב,גוש חלב,ממלכתי,ערבי,2022,ערבית לערבים,3,45,80,247098
east,תיכון פה הזהב,גוש חלב,ממלכתי,ערבי,2023,ערבית לערבים,3,43,76.77,247098
east,תיכון פה הזהב,גוש חלב,ממלכתי,ערבי,2022,פיסיקה,5,11,89.36,247098
east,אברט חצור הגלילית,חצור הגלילית,ממלכתי,יהודי,2021,אזרחות,2,71,69.08,770776
east,אברט חצור הגלילית,חצור הגלילית,ממלכתי,יהודי,2022,אזרחות,2,69,78.26,770776
east,אברט חצור הגלילית,חצור הגלילית,ממלכתי,יהודי,2023,אזרחות,2,52,81.21,770776
east,אברט חצור הגלילית,חצור הגלילית,ממלכתי,יהודי,2021,אלקטרוניקה ומחשבים,5,16,80.06,770776
east,אברט חצור הגלילית,חצור הגלילית,ממלכתי,יהודי,2022,אלקטרוניקה ומחשבים,5,21,76.29,770776
east,אברט חצור הגלילית,חצור הגלילית,ממלכתי,יהודי,2023,אלקטרוניקה ומחשבים,5,13,74.31,770776
east,אברט חצור הגלילית,חצור הגלילית,ממלכתי,יהודי,2021,אמנות שימושית,5,16,65.69,770776
east,אברט חצור הגלילית,חצור הגלילית,ממלכתי,יהודי,2022,אמנות שימושית,5,22,71,770776
east,אברט חצור הגלילית,חצור הגלילית,ממלכתי,יהודי,2021,אנגלית,3,27,69.52,770776
east,אברט חצור הגלילית,חצור הגלילית,ממלכתי,יהודי,2021,אנגלית,4,15,65.53,770776
east,אברט חצור הגלילית,חצור הגלילית,ממלכתי,יהודי,2021,אנגלית,5,28,79.04,770776
east,אברט חצור הגלילית,חצור הגלילית,ממלכתי,יהודי,2022,אנגלית,3,12,68.42,770776
east,אברט חצור הגלילית,חצור הגלילית,ממלכתי,יהודי,2022,אנגלית,4,23,75.78,770776
east,אברט חצור הגלילית,חצור הגלילית,ממלכתי,יהודי,2022,אנגלית,5,34,82.15,770776
east,אברט חצור הגלילית,חצור הגלילית,ממלכתי,יהודי,2023,אנגלית,3,11,69.82,770776
east,אברט חצור הגלילית,חצור הגלילית,ממלכתי,יהודי,2023,אנגלית,4,21,75.29,770776
east,אברט חצור הגלילית,חצור הגלילית,ממלכתי,יהודי,2023,אנגלית,5,19,84.32,770776
east,אברט חצור הגלילית,חצור הגלילית,ממלכתי,יהודי,2021,הסטוריה,2,73,70.33,770776
east,אברט חצור הגלילית,חצור הגלילית,ממלכתי,יהודי,2022,הסטוריה,2,70,75.24,770776
east,אברט חצור הגלילית,חצור הגלילית,ממלכתי,יהודי,2023,הסטוריה,2,54,77.57,770776
east,אברט חצור הגלילית,חצור הגלילית,ממלכתי,יהודי,2021,"מחשבת ישראל לבי""ס כל",5,22,76.32,770776
east,אברט חצור הגלילית,חצור הגלילית,ממלכתי,יהודי,2022,"מחשבת ישראל לבי""ס כל",5,14,75.71,770776
east,אברט חצור הגלילית,חצור הגלילית,ממלכתי,יהודי,2023,"מחשבת ישראל לבי""ס כל",5,24,74.71,770776
east,אברט חצור הגלילית,חצור הגלילית,ממלכתי,יהודי,2021,מכניקה הנדסית,5,15,74.13,770776
east,אברט חצור הגלילית,חצור הגלילית,ממלכתי,יהודי,2022,מכניקה הנדסית,5,11,72.82,770776
east,אברט חצור הגלילית,חצור הגלילית,ממלכתי,יהודי,2021,מערכות אלקטרוניות,3,12,88.25,770776
east,אברט חצור הגלילית,חצור הגלילית,ממלכתי,יהודי,2022,מערכות אלקטרוניות,3,21,92,770776
east,אברט חצור הגלילית,חצור הגלילית,ממלכתי,יהודי,2021,"מערכות תיב""מ",3,13,65.08,770776
east,אברט חצור הגלילית,חצור הגלילית,ממלכתי,יהודי,2023,מערכות תקשוב,5,12,52.5,770776
east,אברט חצור הגלילית,חצור הגלילית,ממלכתי,יהודי,2021,מתמטיקה,3,52,76.44,770776
east,אברט חצור הגלילית,חצור הגלילית,ממלכתי,יהודי,2022,מתמטיקה,3,47,76.02,770776
east,אברט חצור הגלילית,חצור הגלילית,ממלכתי,יהודי,2022,מתמטיקה,4,11,74.18,770776
east,אברט חצור הגלילית,חצור הגלילית,ממלכתי,יהודי,2023,מתמטיקה,3,29,78.48,770776
east,אברט חצור הגלילית,חצור הגלילית,ממלכתי,יהודי,2023,מתמטיקה,4,11,75.55,770776
east,אברט חצור הגלילית,חצור הגלילית,ממלכתי,יהודי,2021,ספרות,2,71,71.17,770776
east,אברט חצור הגלילית,חצור הגלילית,ממלכתי,יהודי,2022,ספרות,2,71,76.99,770776
east,אברט חצור הגלילית,חצור הגלילית,ממלכתי,יהודי,2023,ספרות,2,53,82.17,770776
east,אברט חצור הגלילית,חצור הגלילית,ממלכתי,יהודי,2021,עברית )לשון והבעה(,2,73,72.49,770776
east,אברט חצור הגלילית,חצור הגלילית,ממלכתי,יהודי,2022,עברית )לשון והבעה(,2,70,78.6,770776
east,אברט חצור הגלילית,חצור הגלילית,ממלכתי,יהודי,2023,עברית )לשון והבעה(,2,52,72.08,770776
east,אברט חצור הגלילית,חצור הגלילית,ממלכתי,יהודי,2021,עצוב,5,15,80.73,770776
east,אברט חצור הגלילית,חצור הגלילית,ממלכתי,יהודי,2022,עצוב,5,15,83.13,770776
east,אברט חצור הגלילית,חצור הגלילית,ממלכתי,יהודי,2022,פיסיקה,5,11,81.45,770776
east,אברט חצור הגלילית,חצור הגלילית,ממלכתי,יהודי,2023,פיסיקה,5,11,81.64,770776
east,אברט חצור הגלילית,חצור הגלילית,ממלכתי,יהודי,2022,פסיכולוגיה התפתחותית,5,12,84.67,770776
east,אברט חצור הגלילית,חצור הגלילית,ממלכתי,יהודי,2021,תנ'ך,2,72,80.6,770776
east,אברט חצור הגלילית,חצור הגלילית,ממלכתי,יהודי,2022,תנ'ך,2,70,82.4,770776
east,אברט חצור הגלילית,חצור הגלילית,ממלכתי,יהודי,2023,תנ'ך,2,54,80.39,770776
east,"קרית החינוך אמי""ת",חצור הגלילית,ממלכתי דתי,יהודי,2021,אזרחות,2,51,76.88,770784
east,"קרית החינוך אמי""ת",חצור הגלילית,ממלכתי דתי,יהודי,2022,אזרחות,2,36,76.33,770784
east,"קרית החינוך אמי""ת",חצור הגלילית,ממלכתי דתי,יהודי,2023,אזרחות,2,54,73.46,770784
east,"קרית החינוך אמי""ת",חצור הגלילית,ממלכתי דתי,יהודי,2021,אנגלית,3,21,70.62,770784
east,"קרית החינוך אמי""ת",חצור הגלילית,ממלכתי דתי,יהודי,2021,אנגלית,5,23,88.3,770784
east,"קרית החינוך אמי""ת",חצור הגלילית,ממלכתי דתי,יהודי,2022,אנגלית,4,13,68.77,770784
east,"קרית החינוך אמי""ת",חצור הגלילית,ממלכתי דתי,יהודי,2022,אנגלית,5,16,86.88,770784
east,"קרית החינוך אמי""ת",חצור הגלילית,ממלכתי דתי,יהודי,2023,אנגלית,4,20,74.8,770784
east,"קרית החינוך אמי""ת",חצור הגלילית,ממלכתי דתי,יהודי,2023,אנגלית,5,22,81.77,770784
east,"קרית החינוך אמי""ת",חצור הגלילית,ממלכתי דתי,יהודי,2021,ביולוגיה,5,11,83.36,770784
east,"קרית החינוך אמי""ת",חצור הגלילית,ממלכתי דתי,יהודי,2021,הסטוריה,2,42,75.83,770784
east,"קרית החינוך אמי""ת",חצור הגלילית,ממלכתי דתי,יהודי,2022,הסטוריה,2,36,75.53,770784
east,"קרית החינוך אמי""ת",חצור הגלילית,ממלכתי דתי,יהודי,2023,הסטוריה,2,53,79.81,770784
east,"קרית החינוך אמי""ת",חצור הגלילית,ממלכתי דתי,יהודי,2021,מחשבת ישראל וספרות,2,50,79.46,770784
east,"קרית החינוך אמי""ת",חצור הגלילית,ממלכתי דתי,יהודי,2022,מחשבת ישראל וספרות,2,36,78.67,770784
east,"קרית החינוך אמי""ת",חצור הגלילית,ממלכתי דתי,יהודי,2023,מחשבת ישראל וספרות,2,48,77.21,770784
east,"קרית החינוך אמי""ת",חצור הגלילית,ממלכתי דתי,יהודי,2021,מתמטיקה,3,29,71.03,770784
east,"קרית החינוך אמי""ת",חצור הגלילית,ממלכתי דתי,יהודי,2021,מתמטיקה,4,12,84.25,770784
east,"קרית החינוך אמי""ת",חצור הגלילית,ממלכתי דתי,יהודי,2022,מתמטיקה,3,18,67.39,770784
east,"קרית החינוך אמי""ת",חצור הגלילית,ממלכתי דתי,יהודי,2022,מתמטיקה,4,11,78.91,770784
east,"קרית החינוך אמי""ת",חצור הגלילית,ממלכתי דתי,יהודי,2023,מתמטיקה,3,29,63.21,770784
east,"קרית החינוך אמי""ת",חצור הגלילית,ממלכתי דתי,יהודי,2023,מתמטיקה,4,14,68.86,770784
east,"קרית החינוך אמי""ת",חצור הגלילית,ממלכתי דתי,יהודי,2021,עברית )לשון והבעה(,2,51,71.63,770784
east,"קרית החינוך אמי""ת",חצור הגלילית,ממלכתי דתי,יהודי,2022,עברית )לשון והבעה(,2,36,73.67,770784
east,"קרית החינוך אמי""ת",חצור הגלילית,ממלכתי דתי,יהודי,2023,עברית )לשון והבעה(,2,52,73.04,770784
east,"קרית החינוך אמי""ת",חצור הגלילית,ממלכתי דתי,יהודי,2021,תושבע'פ ותלמוד,5,49,76.18,770784
east,"קרית החינוך אמי""ת",חצור הגלילית,ממלכתי דתי,יהודי,2022,תושבע'פ ותלמוד,5,35,75.49,770784
east,"קרית החינוך אמי""ת",חצור הגלילית,ממלכתי דתי,יהודי,2023,תושבע'פ ותלמוד,5,52,76.73,770784
east,"קרית החינוך אמי""ת",חצור הגלילית,ממלכתי דתי,יהודי,2021,תיירות,5,14,65.21,770784
east,"קרית החינוך אמי""ת",חצור הגלילית,ממלכתי דתי,יהודי,2021,תנ'ך,3,45,77.73,770784
east,"קרית החינוך אמי""ת",חצור הגלילית,ממלכתי דתי,יהודי,2022,תנ'ך,3,25,67.4,770784
east,"קרית החינוך אמי""ת",חצור הגלילית,ממלכתי דתי,יהודי,2023,תנ'ך,3,31,66.16,770784
east,"קרית החינוך אמי""ת",חצור הגלילית,ממלכתי דתי,יהודי,2023,תנ'ך,5,21,82.86,770784
east,עיוני מג'דל שמס,מג'דל שמס,ממלכתי,דרוזי,2021,אזרחות,2,199,74.04,247858
east,עיוני מג'דל שמס,מג'דל שמס,ממלכתי,דרוזי,2022,אזרחות,2,155,79.52,247858
east,עיוני מג'דל שמס,מג'דל שמס,ממלכתי,דרוזי,2023,אזרחות,2,225,85.5,247858
east,עיוני מג'דל שמס,מג'דל שמס,ממלכתי,דרוזי,2021,אנגלית,3,21,71.86,247858
east,עיוני מג'דל שמס,מג'דל שמס,ממלכתי,דרוזי,2021,אנגלית,4,87,72.28,247858
east,עיוני מג'דל שמס,מג'דל שמס,ממלכתי,דרוזי,2021,אנגלית,5,82,81.71,247858
east,עיוני מג'דל שמס,מג'דל שמס,ממלכתי,דרוזי,2022,אנגלית,3,39,68.41,247858
east,עיוני מג'דל שמס,מג'דל שמס,ממלכתי,דרוזי,2022,אנגלית,4,46,72.91,247858
east,עיוני מג'דל שמס,מג'דל שמס,ממלכתי,דרוזי,2022,אנגלית,5,61,80.36,247858
east,עיוני מג'דל שמס,מג'דל שמס,ממלכתי,דרוזי,2023,אנגלית,3,54,62.91,247858
east,עיוני מג'דל שמס,מג'דל שמס,ממלכתי,דרוזי,2023,אנגלית,4,68,69.9,247858
east,עיוני מג'דל שמס,מג'דל שמס,ממלכתי,דרוזי,2023,אנגלית,5,97,82.09,247858
east,עיוני מג'דל שמס,מג'דל שמס,ממלכתי,דרוזי,2021,ביולוגיה,5,56,73.75,247858
east,עיוני מג'דל שמס,מג'דל שמס,ממלכתי,דרוזי,2022,ביולוגיה,5,47,74.57,247858
east,עיוני מג'דל שמס,מג'דל שמס,ממלכתי,דרוזי,2023,ביולוגיה,5,70,75.39,247858
east,עיוני מג'דל שמס,מג'דל שמס,ממלכתי,דרוזי,2022,בקרת מכונות,5,13,74.69,247858
east,עיוני מג'דל שמס,מג'דל שמס,ממלכתי,דרוזי,2023,בקרת מכונות,5,18,90.39,247858
east,עיוני מג'דל שמס,מג'דל שמס,ממלכתי,דרוזי,2021,גאוגרפיה,5,27,77.15,247858
east,עיוני מג'דל שמס,מג'דל שמס,ממלכתי,דרוזי,2023,גאוגרפיה,5,36,65,247858
east,עיוני מג'דל שמס,מג'דל שמס,ממלכתי,דרוזי,2021,הסטוריה - בי'ס דרוזי,2,194,88.96,247858
east,עיוני מג'דל שמס,מג'דל שמס,ממלכתי,דרוזי,2022,הסטוריה - בי'ס דרוזי,2,155,89.61,247858
east,עיוני מג'דל שמס,מג'דל שמס,ממלכתי,דרוזי,2023,הסטוריה - בי'ס דרוזי,2,182,89.54,247858
east,עיוני מג'דל שמס,מג'דל שמס,ממלכתי,דרוזי,2023,הסטוריה - בי'ס דרוזי,5,41,92,247858
east,עיוני מג'דל שמס,מג'דל שמס,ממלכתי,דרוזי,2021,חנוך גופני,5,20,83.55,247858
east,עיוני מג'דל שמס,מג'דל שמס,ממלכתי,דרוזי,2022,חנוך גופני,5,16,72.88,247858
east,עיוני מג'דל שמס,מג'דל שמס,ממלכתי,דרוזי,2023,חנוך גופני,5,15,66.27,247858
east,עיוני מג'דל שמס,מג'דל שמס,ממלכתי,דרוזי,2021,כימיה,5,25,74.36,247858
east,עיוני מג'דל שמס,מג'דל שמס,ממלכתי,דרוזי,2023,כימיה,5,11,71.36,247858
east,עיוני מג'דל שמס,מג'דל שמס,ממלכתי,דרוזי,2023,מדעי הבריאות,5,26,75.19,247858
east,עיוני מג'דל שמס,מג'דל שמס,ממלכתי,דרוזי,2021,מדעי המחשב,5,79,79.22,247858
east,עיוני מג'דל שמס,מג'דל שמס,ממלכתי,דרוזי,2022,מדעי המחשב,5,15,55.73,247858
east,עיוני מג'דל שמס,מג'דל שמס,ממלכתי,דרוזי,2023,מדעי המחשב,5,44,76.45,247858
east,עיוני מג'דל שמס,מג'דל שמס,ממלכתי,דרוזי,2022,מדעי לימודי הסביבה,5,15,67.87,247858
east,עיוני מג'דל שמס,מג'דל שמס,ממלכתי,דרוזי,2023,מכטרוניקה,5,17,74.06,247858
east,עיוני מג'דל שמס,מג'דל שמס,ממלכתי,דרוזי,2023,מערכות רפואיות,5,26,89.77,247858
east,עיוני מג'דל שמס,מג'דל שמס,ממלכתי,דרוזי,2023,מערכות תקשוב,5,13,77.08,247858
east,עיוני מג'דל שמס,מג'דל שמס,ממלכתי,דרוזי,2021,מתמטיקה,3,64,65.92,247858
east,עיוני מג'דל שמס,מג'דל שמס,ממלכתי,דרוזי,2021,מתמטיקה,4,71,71.97,247858
east,עיוני מג'דל שמס,מג'דל שמס,ממלכתי,דרוזי,2021,מתמטיקה,5,51,77.12,247858
east,עיוני מג'דל שמס,מג'דל שמס,ממלכתי,דרוזי,2022,מתמטיקה,3,59,71.22,247858
east,עיוני מג'דל שמס,מג'דל שמס,ממלכתי,דרוזי,2022,מתמטיקה,4,46,66.91,247858
east,עיוני מג'דל שמס,מג'דל שמס,ממלכתי,דרוזי,2022,מתמטיקה,5,38,70.32,247858
east,עיוני מג'דל שמס,מג'דל שמס,ממלכתי,דרוזי,2023,מתמטיקה,3,91,70.34,247858
east,עיוני מג'דל שמס,מג'דל שמס,ממלכתי,דרוזי,2023,מתמטיקה,4,75,72.68,247858
east,עיוני מג'דל שמס,מג'דל שמס,ממלכתי,דרוזי,2023,מתמטיקה,5,50,81.5,247858
east,עיוני מג'דל שמס,מג'דל שמס,ממלכתי,דרוזי,2021,ניהול מלונאי,3,13,60.38,247858
east,עיוני מג'דל שמס,מג'דל שמס,ממלכתי,דרוזי,2021,עברית בחינוך הדרוזי,3,131,71.38,247858
east,עיוני מג'דל שמס,מג'דל שמס,ממלכתי,דרוזי,2021,עברית בחינוך הדרוזי,5,63,85.08,247858
east,עיוני מג'דל שמס,מג'דל שמס,ממלכתי,דרוזי,2022,עברית בחינוך הדרוזי,3,88,65.67,247858
east,עיוני מג'דל שמס,מג'דל שמס,ממלכתי,דרוזי,2022,עברית בחינוך הדרוזי,5,62,83.44,247858
east,עיוני מג'דל שמס,מג'דל שמס,ממלכתי,דרוזי,2023,עברית בחינוך הדרוזי,3,151,67.21,247858
east,עיוני מג'דל שמס,מג'דל שמס,ממלכתי,דרוזי,2023,עברית בחינוך הדרוזי,5,66,87.36,247858
east,עיוני מג'דל שמס,מג'דל שמס,ממלכתי,דרוזי,2021,ערבית לדרוזים,3,104,73.82,247858
east,עיוני מג'דל שמס,מג'דל שמס,ממלכתי,דרוזי,2021,ערבית לדרוזים,5,88,87.05,247858
east,עיוני מג'דל שמס,מג'דל שמס,ממלכתי,דרוזי,2022,ערבית לדרוזים,3,66,73.95,247858
east,עיוני מג'דל שמס,מג'דל שמס,ממלכתי,דרוזי,2022,ערבית לדרוזים,5,82,84.27,247858
east,עיוני מג'דל שמס,מג'דל שמס,ממלכתי,דרוזי,2023,ערבית לדרוזים,3,137,77.04,247858
east,עיוני מג'דל שמס,מג'דל שמס,ממלכתי,דרוזי,2023,ערבית לדרוזים,5,81,87.56,247858
east,עיוני מג'דל שמס,מג'דל שמס,ממלכתי,דרוזי,2021,פיסיקה,5,51,83.57,247858
east,עיוני מג'דל שמס,מג'דל שמס,ממלכתי,דרוזי,2022,פיסיקה,5,37,74.59,247858
east,עיוני מג'דל שמס,מג'דל שמס,ממלכתי,דרוזי,2023,פיסיקה,5,50,81.56,247858
east,עיוני מג'דל שמס,מג'דל שמס,ממלכתי,דרוזי,2021,תיירות,5,18,77.83,247858
east,עיוני מג'דל שמס,מג'דל שמס,ממלכתי,דרוזי,2021,תכנון ותכנות מערכות,5,60,90.83,247858
east,עיוני מג'דל שמס,מג'דל שמס,ממלכתי,דרוזי,2022,תכנון ותכנות מערכות,5,59,90.8,247858
east,עיוני מג'דל שמס,מג'דל שמס,ממלכתי,דרוזי,2023,תכנון ותכנות מערכות,5,54,89.65,247858
east,עיוני מג'דל שמס,מג'דל שמס,ממלכתי,דרוזי,2023,תשתיות מחשוב ותקשוב,5,11,75.73,247858
east,תיכון מסעדה,מסעדה,ממלכתי,דרוזי,2023,אומנות,5,11,83.36,247817
east,תיכון מסעדה,מסעדה,ממלכתי,דרוזי,2021,אזרחות,2,116,71.53,247817
east,תיכון מסעדה,מסעדה,ממלכתי,דרוזי,2022,אזרחות,2,114,80.54,247817
east,תיכון מסעדה,מסעדה,ממלכתי,דרוזי,2023,אזרחות,2,107,77.12,247817
east,תיכון מסעדה,מסעדה,ממלכתי,דרוזי,2021,אנגלית,3,31,62.61,247817
east,תיכון מסעדה,מסעדה,ממלכתי,דרוזי,2021,אנגלית,4,52,71.38,247817
east,תיכון מסעדה,מסעדה,ממלכתי,דרוזי,2021,אנגלית,5,33,81.15,247817
east,תיכון מסעדה,מסעדה,ממלכתי,דרוזי,2022,אנגלית,3,31,62.61,247817
east,תיכון מסעדה,מסעדה,ממלכתי,דרוזי,2022,אנגלית,4,53,70.51,247817
east,תיכון מסעדה,מסעדה,ממלכתי,דרוזי,2022,אנגלית,5,30,84.43,247817
east,תיכון מסעדה,מסעדה,ממלכתי,דרוזי,2023,אנגלית,3,31,66.55,247817
east,תיכון מסעדה,מסעדה,ממלכתי,דרוזי,2023,אנגלית,4,40,70.6,247817
east,תיכון מסעדה,מסעדה,ממלכתי,דרוזי,2023,אנגלית,5,36,82.94,247817
east,תיכון מסעדה,מסעדה,ממלכתי,דרוזי,2021,ביולוגיה,5,32,71.69,247817
east,תיכון מסעדה,מסעדה,ממלכתי,דרוזי,2022,ביולוגיה,5,32,70.47,247817
east,תיכון מסעדה,מסעדה,ממלכתי,דרוזי,2023,ביולוגיה,5,26,72.54,247817
east,תיכון מסעדה,מסעדה,ממלכתי,דרוזי,2023,גאוגרפיה,5,14,76.36,247817
east,תיכון מסעדה,מסעדה,ממלכתי,דרוזי,2021,הסטוריה - בי'ס דרוזי,2,116,88.72,247817
east,תיכון מסעדה,מסעדה,ממלכתי,דרוזי,2022,הסטוריה - בי'ס דרוזי,2,114,91.43,247817
east,תיכון מסעדה,מסעדה,ממלכתי,דרוזי,2023,הסטוריה - בי'ס דרוזי,2,108,90.64,247817
east,תיכון מסעדה,מסעדה,ממלכתי,דרוזי,2021,חנוך גופני,5,27,87.04,247817
east,תיכון מסעדה,מסעדה,ממלכתי,דרוזי,2022,חנוך גופני,5,25,84.72,247817
east,תיכון מסעדה,מסעדה,ממלכתי,דרוזי,2023,חנוך גופני,5,16,75.25,247817
east,תיכון מסעדה,מסעדה,ממלכתי,דרוזי,2021,ישומים בביוטכנולוגיה,5,24,85.25,247817
east,תיכון מסעדה,מסעדה,ממלכתי,דרוזי,2022,ישומים בביוטכנולוגיה,5,30,87.23,247817
east,תיכון מסעדה,מסעדה,ממלכתי,דרוזי,2023,ישומים בביוטכנולוגיה,5,25,88.56,247817
east,תיכון מסעדה,מסעדה,ממלכתי,דרוזי,2021,כימיה,5,19,79.63,247817
east,תיכון מסעדה,מסעדה,ממלכתי,דרוזי,2022,כימיה,5,17,83.94,247817
east,תיכון מסעדה,מסעדה,ממלכתי,דרוזי,2021,מדעי המחשב,5,21,85.86,247817
east,תיכון מסעדה,מסעדה,ממלכתי,דרוזי,2022,מדעי המחשב,5,22,84.5,247817
east,תיכון מסעדה,מסעדה,ממלכתי,דרוזי,2023,מדעי לימודי הסביבה,5,13,68.15,247817
east,תיכון מסעדה,מסעדה,ממלכתי,דרוזי,2021,מנהל וכלכלה,5,17,75.53,247817
east,תיכון מסעדה,מסעדה,ממלכתי,דרוזי,2023,מנהל וכלכלה,5,11,71.73,247817
east,תיכון מסעדה,מסעדה,ממלכתי,דרוזי,2021,מערכות ביוטכנולוגיה,5,27,93.22,247817
east,תיכון מסעדה,מסעדה,ממלכתי,דרוזי,2022,מערכות ביוטכנולוגיה,5,30,81,247817
east,תיכון מסעדה,מסעדה,ממלכתי,דרוזי,2023,מערכות ביוטכנולוגיה,5,23,83.26,247817
east,תיכון מסעדה,מסעדה,ממלכתי,דרוזי,2021,מתמטיקה,3,68,70.13,247817
east,תיכון מסעדה,מסעדה,ממלכתי,דרוזי,2021,מתמטיקה,4,38,78.37,247817
east,תיכון מסעדה,מסעדה,ממלכתי,דרוזי,2022,מתמטיקה,3,60,66.02,247817
east,תיכון מסעדה,מסעדה,ממלכתי,דרוזי,2022,מתמטיקה,4,44,77.39,247817
east,תיכון מסעדה,מסעדה,ממלכתי,דרוזי,2023,מתמטיקה,3,66,64.95,247817
east,תיכון מסעדה,מסעדה,ממלכתי,דרוזי,2023,מתמטיקה,4,30,68.23,247817
east,תיכון מסעדה,מסעדה,ממלכתי,דרוזי,2021,ניהול משאבי אנוש,3,16,75.13,247817
east,תיכון מסעדה,מסעדה,ממלכתי,דרוזי,2023,ניהול משאבי אנוש,3,11,78.91,247817
east,תיכון מסעדה,מסעדה,ממלכתי,דרוזי,2021,עברית בחינוך הדרוזי,3,54,63.07,247817
east,תיכון מסעדה,מסעדה,ממלכתי,דרוזי,2021,עברית בחינוך הדרוזי,5,62,80.29,247817
east,תיכון מסעדה,מסעדה,ממלכתי,דרוזי,2022,עברית בחינוך הדרוזי,3,50,59.94,247817
east,תיכון מסעדה,מסעדה,ממלכתי,דרוזי,2022,עברית בחינוך הדרוזי,5,63,81.49,247817
east,תיכון מסעדה,מסעדה,ממלכתי,דרוזי,2023,עברית בחינוך הדרוזי,3,63,62.49,247817
east,תיכון מסעדה,מסעדה,ממלכתי,דרוזי,2023,עברית בחינוך הדרוזי,5,43,82.14,247817
east,תיכון מסעדה,מסעדה,ממלכתי,דרוזי,2021,ערבית לדרוזים,3,69,73.38,247817
east,תיכון מסעדה,מסעדה,ממלכתי,דרוזי,2021,ערבית לדרוזים,5,47,82.62,247817
east,תיכון מסעדה,מסעדה,ממלכתי,דרוזי,2022,ערבית לדרוזים,3,47,68.11,247817
east,תיכון מסעדה,מסעדה,ממלכתי,דרוזי,2022,ערבית לדרוזים,5,66,83.5,247817
east,תיכון מסעדה,מסעדה,ממלכתי,דרוזי,2023,ערבית לדרוזים,3,48,68.67,247817
east,תיכון מסעדה,מסעדה,ממלכתי,דרוזי,2023,ערבית לדרוזים,5,58,82.1,247817
east,תיכון מסעדה,מסעדה,ממלכתי,דרוזי,2021,פיסיקה,5,20,79.7,247817
east,תיכון מסעדה,מסעדה,ממלכתי,דרוזי,2022,פיסיקה,5,22,70.68,247817
east,תיכון מסעדה,מסעדה,ממלכתי,דרוזי,2021,תכנון ותכנות מערכות,5,21,79.86,247817
east,תיכון מסעדה,מסעדה,ממלכתי,דרוזי,2022,תכנון ותכנות מערכות,5,24,90.38,247817
east,תיכון מסעדה,מסעדה,ממלכתי,דרוזי,2023,תכנון ותכנות מערכות,5,16,93.56,247817
east,"ישיבת תיכונית אמי""ת",צפת,ממלכתי דתי,יהודי,2021,אזרחות,2,53,73.57,240234
east,"ישיבת תיכונית אמי""ת",צפת,ממלכתי דתי,יהודי,2022,אזרחות,2,53,78.34,240234
east,"ישיבת תיכונית אמי""ת",צפת,ממלכתי דתי,יהודי,2023,אזרחות,2,67,75.06,240234
east,"ישיבת תיכונית אמי""ת",צפת,ממלכתי דתי,יהודי,2021,אנגלית,3,13,74,240234
east,"ישיבת תיכונית אמי""ת",צפת,ממלכתי דתי,יהודי,2021,אנגלית,4,17,69.71,240234
east,"ישיבת תיכונית אמי""ת",צפת,ממלכתי דתי,יהודי,2021,אנגלית,5,24,85.33,240234
east,"ישיבת תיכונית אמי""ת",צפת,ממלכתי דתי,יהודי,2022,אנגלית,4,21,64.62,240234
east,"ישיבת תיכונית אמי""ת",צפת,ממלכתי דתי,יהודי,2022,אנגלית,5,25,86.44,240234
east,"ישיבת תיכונית אמי""ת",צפת,ממלכתי דתי,יהודי,2023,אנגלית,4,24,73.08,240234
east,"ישיבת תיכונית אמי""ת",צפת,ממלכתי דתי,יהודי,2023,אנגלית,5,40,84.77,240234
east,"ישיבת תיכונית אמי""ת",צפת,ממלכתי דתי,יהודי,2021,ביולוגיה,5,12,76.42,240234
east,"ישיבת תיכונית אמי""ת",צפת,ממלכתי דתי,יהודי,2021,הסטוריה,2,53,80.4,240234
east,"ישיבת תיכונית אמי""ת",צפת,ממלכתי דתי,יהודי,2022,הסטוריה,2,54,78.85,240234
east,"ישיבת תיכונית אמי""ת",צפת,ממלכתי דתי,יהודי,2023,הסטוריה,2,73,82.45,240234
east,"ישיבת תיכונית אמי""ת",צפת,ממלכתי דתי,יהודי,2021,מחשבת ישראל וספרות,2,52,77.42,240234
east,"ישיבת תיכונית אמי""ת",צפת,ממלכתי דתי,יהודי,2022,מחשבת ישראל וספרות,2,52,79.81,240234
east,"ישיבת תיכונית אמי""ת",צפת,ממלכתי דתי,יהודי,2023,מחשבת ישראל וספרות,2,66,81.17,240234
east,"ישיבת תיכונית אמי""ת",צפת,ממלכתי דתי,יהודי,2021,מערכות תקשוב,5,24,78.79,240234
east,"ישיבת תיכונית אמי""ת",צפת,ממלכתי דתי,יהודי,2022,מערכות תקשוב,5,26,79.23,240234
east,"ישיבת תיכונית אמי""ת",צפת,ממלכתי דתי,יהודי,2023,מערכות תקשוב,5,18,83.61,240234
east,"ישיבת תיכונית אמי""ת",צפת,ממלכתי דתי,יהודי,2021,מתמטיקה,3,31,79.58,240234
east,"ישיבת תיכונית אמי""ת",צפת,ממלכתי דתי,יהודי,2021,מתמטיקה,4,14,71.36,240234
east,"ישיבת תיכונית אמי""ת",צפת,ממלכתי דתי,יהודי,2022,מתמטיקה,3,25,79.72,240234
east,"ישיבת תיכונית אמי""ת",צפת,ממלכתי דתי,יהודי,2022,מתמטיקה,4,22,82.27,240234
east,"ישיבת תיכונית אמי""ת",צפת,ממלכתי דתי,יהודי,2023,מתמטיקה,3,32,77.91,240234
east,"ישיבת תיכונית אמי""ת",צפת,ממלכתי דתי,יהודי,2023,מתמטיקה,4,23,74.35,240234
east,"ישיבת תיכונית אמי""ת",צפת,ממלכתי דתי,יהודי,2023,מתמטיקה,5,14,74.71,240234
east,"ישיבת תיכונית אמי""ת",צפת,ממלכתי דתי,יהודי,2021,עברית )לשון והבעה(,2,50,72.02,240234
east,"ישיבת תיכונית אמי""ת",צפת,ממלכתי דתי,יהודי,2022,עברית )לשון והבעה(,2,51,77.59,240234
east,"ישיבת תיכונית אמי""ת",צפת,ממלכתי דתי,יהודי,2023,עברית )לשון והבעה(,2,71,77.59,240234
east,"ישיבת תיכונית אמי""ת",צפת,ממלכתי דתי,יהודי,2021,פיסיקה,5,12,75.25,240234
east,"ישיבת תיכונית אמי""ת",צפת,ממלכתי דתי,יהודי,2022,פיסיקה,5,11,78.36,240234
east,"ישיבת תיכונית אמי""ת",צפת,ממלכתי דתי,יהודי,2023,פיסיקה,5,16,72.63,240234
east,"ישיבת תיכונית אמי""ת",צפת,ממלכתי דתי,יהודי,2021,תושבע'פ ותלמוד,5,52,81.08,240234
east,"ישיבת תיכונית אמי""ת",צפת,ממלכתי דתי,יהודי,2022,תושבע'פ ותלמוד,5,46,84.87,240234
east,"ישיבת תיכונית אמי""ת",צפת,ממלכתי דתי,יהודי,2023,תושבע'פ ותלמוד,3,15,86.87,240234
east,"ישיבת תיכונית אמי""ת",צפת,ממלכתי דתי,יהודי,2023,תושבע'פ ותלמוד,5,53,88.32,240234
east,"ישיבת תיכונית אמי""ת",צפת,ממלכתי דתי,יהודי,2021,תנ'ך,5,47,75.51,240234
east,"ישיבת תיכונית אמי""ת",צפת,ממלכתי דתי,יהודי,2022,תנ'ך,5,46,79.65,240234
east,"ישיבת תיכונית אמי""ת",צפת,ממלכתי דתי,יהודי,2023,תנ'ך,5,62,78.84,240234
east,"ישיבת תיכונית אמי""ת",צפת,ממלכתי דתי,יהודי,2021,תשתיות מחשוב ותקשוב,5,23,74.04,240234
east,"ישיבת תיכונית אמי""ת",צפת,ממלכתי דתי,יהודי,2022,תשתיות מחשוב ותקשוב,5,26,73.77,240234
east,"ישיבת תיכונית אמי""ת",צפת,ממלכתי דתי,יהודי,2023,תשתיות מחשוב ותקשוב,3,15,82.67,240234
east,עמל בגין צפת,צפת,ממלכתי,יהודי,2023,אופטיקה יישומית,5,18,66.67,270025
east,עמל בגין צפת,צפת,ממלכתי,יהודי,2021,אזרחות,2,134,76.54,270025
east,עמל בגין צפת,צפת,ממלכתי,יהודי,2022,אזרחות,2,110,75.8,270025
east,עמל בגין צפת,צפת,ממלכתי,יהודי,2022,אזרחות,5,12,80.17,270025
east,עמל בגין צפת,צפת,ממלכתי,יהודי,2023,אזרחות,2,110,75.12,270025
east,עמל בגין צפת,צפת,ממלכתי,יהודי,2023,אזרחות,5,12,83.25,270025
east,עמל בגין צפת,צפת,ממלכתי,יהודי,2021,אלקטרוניקה ומחשבים,5,16,86.75,270025
east,עמל בגין צפת,צפת,ממלכתי,יהודי,2022,אלקטרוניקה ומחשבים,5,13,69.77,270025
east,עמל בגין צפת,צפת,ממלכתי,יהודי,2021,אמנות שימושית,5,29,83.03,270025
east,עמל בגין צפת,צפת,ממלכתי,יהודי,2023,אמנות שימושית,5,26,84.19,270025
east,עמל בגין צפת,צפת,ממלכתי,יהודי,2021,אנגלית,3,65,71.8,270025
east,עמל בגין צפת,צפת,ממלכתי,יהודי,2021,אנגלית,4,29,74.14,270025
east,עמל בגין צפת,צפת,ממלכתי,יהודי,2021,אנגלית,5,43,85.44,270025
east,עמל בגין צפת,צפת,ממלכתי,יהודי,2022,אנגלית,3,43,71.09,270025
east,עמל בגין צפת,צפת,ממלכתי,יהודי,2022,אנגלית,4,27,71.85,270025
east,עמל בגין צפת,צפת,ממלכתי,יהודי,2022,אנגלית,5,50,84.86,270025
east,עמל בגין צפת,צפת,ממלכתי,יהודי,2023,אנגלית,3,38,74.24,270025
east,עמל בגין צפת,צפת,ממלכתי,יהודי,2023,אנגלית,4,32,73.41,270025
east,עמל בגין צפת,צפת,ממלכתי,יהודי,2023,אנגלית,5,48,83.98,270025
east,עמל בגין צפת,צפת,ממלכתי,יהודי,2021,ביולוגיה,5,18,81.39,270025
east,עמל בגין צפת,צפת,ממלכתי,יהודי,2022,ביולוגיה,5,24,79.25,270025
east,עמל בגין צפת,צפת,ממלכתי,יהודי,2023,ביולוגיה,5,15,74,270025
east,עמל בגין צפת,צפת,ממלכתי,יהודי,2021,הסטוריה,2,142,76.67,270025
east,עמל בגין צפת,צפת,ממלכתי,יהודי,2022,הסטוריה,2,129,81.6,270025
east,עמל בגין צפת,צפת,ממלכתי,יהודי,2023,הסטוריה,2,126,82.7,270025
east,עמל בגין צפת,צפת,ממלכתי,יהודי,2021,טלוויזיה וקולנוע,5,31,73.45,270025
east,עמל בגין צפת,צפת,ממלכתי,יהודי,2022,טלוויזיה וקולנוע,5,30,69.53,270025
east,עמל בגין צפת,צפת,ממלכתי,יהודי,2023,טלוויזיה וקולנוע,5,20,69.55,270025
east,עמל בגין צפת,צפת,ממלכתי,יהודי,2021,כימיה,5,14,80.07,270025
east,עמל בגין צפת,צפת,ממלכתי,יהודי,2021,מדעי הבריאות,5,12,83.17,270025
east,עמל בגין צפת,צפת,ממלכתי,יהודי,2022,מדעי הבריאות,5,17,78.94,270025
east,עמל בגין צפת,צפת,ממלכתי,יהודי,2022,מדעי המחשב,5,12,88,270025
east,עמל בגין צפת,צפת,ממלכתי,יהודי,2021,מערכות אלקטרוניות,5,17,74.88,270025
east,עמל בגין צפת,צפת,ממלכתי,יהודי,2022,מערכות אלקטרוניות,5,15,81.13,270025
east,עמל בגין צפת,צפת,ממלכתי,יהודי,2023,מערכות אלקטרוניות,5,12,78.25,270025
east,עמל בגין צפת,צפת,ממלכתי,יהודי,2021,מערכות רפואיות,5,12,91.25,270025
east,עמל בגין צפת,צפת,ממלכתי,יהודי,2022,מערכות רפואיות,5,15,88.8,270025
east,עמל בגין צפת,צפת,ממלכתי,יהודי,2021,מתמטיקה,3,99,72.23,270025
east,עמל בגין צפת,צפת,ממלכתי,יהודי,2021,מתמטיקה,4,20,76.8,270025
east,עמל בגין צפת,צפת,ממלכתי,יהודי,2021,מתמטיקה,5,13,73.54,270025
east,עמל בגין צפת,צפת,ממלכתי,יהודי,2022,מתמטיקה,3,80,74.06,270025
east,עמל בגין צפת,צפת,ממלכתי,יהודי,2022,מתמטיקה,4,24,80.21,270025
east,עמל בגין צפת,צפת,ממלכתי,יהודי,2022,מתמטיקה,5,11,75.36,270025
east,עמל בגין צפת,צפת,ממלכתי,יהודי,2023,מתמטיקה,3,81,75,270025
east,עמל בגין צפת,צפת,ממלכתי,יהודי,2023,מתמטיקה,4,25,78.84,270025
east,עמל בגין צפת,צפת,ממלכתי,יהודי,2021,ספרות,2,141,78.91,270025
east,עמל בגין צפת,צפת,ממלכתי,יהודי,2022,ספרות,2,126,81.84,270025
east,עמל בגין צפת,צפת,ממלכתי,יהודי,2023,ספרות,2,122,80.98,270025
east,עמל בגין צפת,צפת,ממלכתי,יהודי,2021,עברית )לשון והבעה(,2,143,71.24,270025
east,עמל בגין צפת,צפת,ממלכתי,יהודי,2022,עברית )לשון והבעה(,2,129,74.78,270025
east,עמל בגין צפת,צפת,ממלכתי,יהודי,2023,עברית )לשון והבעה(,2,123,73.15,270025
east,עמל בגין צפת,צפת,ממלכתי,יהודי,2021,עצוב,3,28,91.32,270025
east,עמל בגין צפת,צפת,ממלכתי,יהודי,2022,עצוב,5,12,92.08,270025
east,עמל בגין צפת,צפת,ממלכתי,יהודי,2023,עצוב,5,18,91.78,270025
east,עמל בגין צפת,צפת,ממלכתי,יהודי,2022,פיסיקה,5,11,76.09,270025
east,עמל בגין צפת,צפת,ממלכתי,יהודי,2021,תאטרון,5,28,84.86,270025
east,עמל בגין צפת,צפת,ממלכתי,יהודי,2022,תאטרון,5,28,84.25,270025
east,עמל בגין צפת,צפת,ממלכתי,יהודי,2023,תאטרון,5,40,80.15,270025
east,עמל בגין צפת,צפת,ממלכתי,יהודי,2022,תכנון ותכנות מערכות,5,11,94,270025
east,עמל בגין צפת,צפת,ממלכתי,יהודי,2021,תנ'ך,2,119,79.18,270025
east,עמל בגין צפת,צפת,ממלכתי,יהודי,2021,תנ'ך,5,22,84.64,270025
east,עמל בגין צפת,צפת,ממלכתי,יהודי,2022,תנ'ך,2,113,75.21,270025
east,עמל בגין צפת,צפת,ממלכתי,יהודי,2022,תנ'ך,5,11,75.27,270025
east,עמל בגין צפת,צפת,ממלכתי,יהודי,2023,תנ'ך,2,100,79.04,270025
east,עמל בגין צפת,צפת,ממלכתי,יהודי,2023,תנ'ך,5,23,79.87,270025
east,בית חנה,צפת,ממלכתי דתי,יהודי,2023,אומנות,5,11,83.09,270801
east,בית חנה,צפת,ממלכתי דתי,יהודי,2021,אזרחות,2,89,86.24,270801
east,בית חנה,צפת,ממלכתי דתי,יהודי,2022,אזרחות,2,69,86,270801
east,בית חנה,צפת,ממלכתי דתי,יהודי,2023,אזרחות,2,95,83.81,270801
east,בית חנה,צפת,ממלכתי דתי,יהודי,2021,אידיש,5,15,95.33,270801
east,בית חנה,צפת,ממלכתי דתי,יהודי,2021,אנגלית,4,42,81.02,270801
east,בית חנה,צפת,ממלכתי דתי,יהודי,2021,אנגלית,5,36,93.94,270801
east,בית חנה,צפת,ממלכתי דתי,יהודי,2022,אנגלית,4,31,75.58,270801
east,בית חנה,צפת,ממלכתי דתי,יהודי,2022,אנגלית,5,27,90.15,270801
east,בית חנה,צפת,ממלכתי דתי,יהודי,2023,אנגלית,4,50,79.96,270801
east,בית חנה,צפת,ממלכתי דתי,יהודי,2023,אנגלית,5,32,88.97,270801
east,בית חנה,צפת,ממלכתי דתי,יהודי,2021,הסטוריה,2,89,86.42,270801
east,בית חנה,צפת,ממלכתי דתי,יהודי,2022,הסטוריה,2,70,84.7,270801
east,בית חנה,צפת,ממלכתי דתי,יהודי,2023,הסטוריה,2,99,81.69,270801
east,בית חנה,צפת,ממלכתי דתי,יהודי,2021,יהדות,5,86,90.2,270801
east,בית חנה,צפת,ממלכתי דתי,יהודי,2022,יהדות,5,66,86.89,270801
east,בית חנה,צפת,ממלכתי דתי,יהודי,2023,יהדות,5,88,86.5,270801
east,בית חנה,צפת,ממלכתי דתי,יהודי,2021,מנהל וכלכלה,5,19,95.05,270801
east,בית חנה,צפת,ממלכתי דתי,יהודי,2022,מנהל וכלכלה,5,11,83,270801
east,בית חנה,צפת,ממלכתי דתי,יהודי,2023,מנהל וכלכלה,5,23,90.17,270801
east,בית חנה,צפת,ממלכתי דתי,יהודי,2021,מתמטיקה,3,53,90.7,270801
east,בית חנה,צפת,ממלכתי דתי,יהודי,2021,מתמטיקה,4,24,86.54,270801
east,בית חנה,צפת,ממלכתי דתי,יהודי,2022,מתמטיקה,3,27,83.41,270801
east,בית חנה,צפת,ממלכתי דתי,יהודי,2022,מתמטיקה,4,25,82.72,270801
east,בית חנה,צפת,ממלכתי דתי,יהודי,2022,מתמטיקה,5,13,84,270801
east,בית חנה,צפת,ממלכתי דתי,יהודי,2023,מתמטיקה,3,45,83.49,270801
east,בית חנה,צפת,ממלכתי דתי,יהודי,2023,מתמטיקה,4,37,83.16,270801
east,בית חנה,צפת,ממלכתי דתי,יהודי,2021,ניהול משאבי אנוש,3,18,87.56,270801
east,בית חנה,צפת,ממלכתי דתי,יהודי,2022,ניהול משאבי אנוש,3,12,89,270801
east,בית חנה,צפת,ממלכתי דתי,יהודי,2023,ניהול משאבי אנוש,3,22,88,270801
east,בית חנה,צפת,ממלכתי דתי,יהודי,2021,ספרות,2,87,87.72,270801
east,בית חנה,צפת,ממלכתי דתי,יהודי,2022,ספרות,2,70,87.5,270801
east,בית חנה,צפת,ממלכתי דתי,יהודי,2023,ספרות,2,95,85.76,270801
east,בית חנה,צפת,ממלכתי דתי,יהודי,2021,עברית )לשון והבעה(,2,89,87.85,270801
east,בית חנה,צפת,ממלכתי דתי,יהודי,2022,עברית )לשון והבעה(,2,70,84,270801
east,בית חנה,צפת,ממלכתי דתי,יהודי,2023,עברית )לשון והבעה(,2,96,83.25,270801
east,בית חנה,צפת,ממלכתי דתי,יהודי,2021,עצוב,5,38,89.61,270801
east,בית חנה,צפת,ממלכתי דתי,יהודי,2022,עצוב,5,18,94.11,270801
east,בית חנה,צפת,ממלכתי דתי,יהודי,2022,פסיכולוגיה התפתחותית,5,22,91.36,270801
east,בית חנה,צפת,ממלכתי דתי,יהודי,2023,פסיכולוגיה התפתחותית,5,28,89.75,270801
east,בית חנה,צפת,ממלכתי דתי,יהודי,2022,רישומי פעילויות בחינ,5,20,86.35,270801
east,בית חנה,צפת,ממלכתי דתי,יהודי,2023,רישומי פעילויות בחינ,5,29,87,270801
east,בית חנה,צפת,ממלכתי דתי,יהודי,2021,תנ'ך,3,21,73.14,270801
east,בית חנה,צפת,ממלכתי דתי,יהודי,2021,תנ'ך,5,70,90.61,270801
east,בית חנה,צפת,ממלכתי דתי,יהודי,2022,תנ'ך,3,13,62.23,270801
east,בית חנה,צפת,ממלכתי דתי,יהודי,2022,תנ'ך,5,53,87.49,270801
east,בית חנה,צפת,ממלכתי דתי,יהודי,2023,תנ'ך,3,29,66.76,270801
east,בית חנה,צפת,ממלכתי דתי,יהודי,2023,תנ'ך,5,65,86.89,270801
east,"אולפנא אמי""ת",צפת,ממלכתי דתי,יהודי,2021,אזרחות,2,60,80.48,353581
east,"אולפנא אמי""ת",צפת,ממלכתי דתי,יהודי,2022,אזרחות,2,59,81.69,353581
east,"אולפנא אמי""ת",צפת,ממלכתי דתי,יהודי,2023,אזרחות,2,57,86.25,353581
east,"אולפנא אמי""ת",צפת,ממלכתי דתי,יהודי,2021,אנגלית,4,28,79.64,353581
east,"אולפנא אמי""ת",צפת,ממלכתי דתי,יהודי,2021,אנגלית,5,22,88.64,353581
east,"אולפנא אמי""ת",צפת,ממלכתי דתי,יהודי,2022,אנגלית,4,24,76.04,353581
east,"אולפנא אמי""ת",צפת,ממלכתי דתי,יהודי,2022,אנגלית,5,31,87.84,353581
east,"אולפנא אמי""ת",צפת,ממלכתי דתי,יהודי,2023,אנגלית,4,16,73.94,353581
east,"אולפנא אמי""ת",צפת,ממלכתי דתי,יהודי,2023,אנגלית,5,36,83.97,353581
east,"אולפנא אמי""ת",צפת,ממלכתי דתי,יהודי,2021,ביולוגיה,5,11,89.73,353581
east,"אולפנא אמי""ת",צפת,ממלכתי דתי,יהודי,2022,ביולוגיה,5,15,86.2,353581
east,"אולפנא אמי""ת",צפת,ממלכתי דתי,יהודי,2023,ביולוגיה,5,18,85.22,353581
east,"אולפנא אמי""ת",צפת,ממלכתי דתי,יהודי,2021,הסטוריה,2,62,85.19,353581
east,"אולפנא אמי""ת",צפת,ממלכתי דתי,יהודי,2022,הסטוריה,2,59,86.61,353581
east,"אולפנא אמי""ת",צפת,ממלכתי דתי,יהודי,2023,הסטוריה,2,57,90.11,353581
east,"אולפנא אמי""ת",צפת,ממלכתי דתי,יהודי,2021,הפקות בתקשורת,3,17,85.24,353581
east,"אולפנא אמי""ת",צפת,ממלכתי דתי,יהודי,2022,הפקות בתקשורת,3,15,84.93,353581
east,"אולפנא אמי""ת",צפת,ממלכתי דתי,יהודי,2023,הפקות בתקשורת,3,11,73.09,353581
east,"אולפנא אמי""ת",צפת,ממלכתי דתי,יהודי,2021,מחשבת ישראל וספרות,2,62,84.61,353581
east,"אולפנא אמי""ת",צפת,ממלכתי דתי,יהודי,2022,מחשבת ישראל וספרות,2,59,85.85,353581
east,"אולפנא אמי""ת",צפת,ממלכתי דתי,יהודי,2023,מחשבת ישראל וספרות,2,58,83.76,353581
east,"אולפנא אמי""ת",צפת,ממלכתי דתי,יהודי,2021,מתמטיקה,3,32,81.22,353581
east,"אולפנא אמי""ת",צפת,ממלכתי דתי,יהודי,2021,מתמטיקה,4,19,85.63,353581
east,"אולפנא אמי""ת",צפת,ממלכתי דתי,יהודי,2022,מתמטיקה,3,30,86.37,353581
east,"אולפנא אמי""ת",צפת,ממלכתי דתי,יהודי,2022,מתמטיקה,4,18,80.17,353581
east,"אולפנא אמי""ת",צפת,ממלכתי דתי,יהודי,2022,מתמטיקה,5,11,76.82,353581
east,"אולפנא אמי""ת",צפת,ממלכתי דתי,יהודי,2023,מתמטיקה,3,28,80.43,353581
east,"אולפנא אמי""ת",צפת,ממלכתי דתי,יהודי,2023,מתמטיקה,4,21,80.67,353581
east,"אולפנא אמי""ת",צפת,ממלכתי דתי,יהודי,2021,עברית )לשון והבעה(,2,60,82.08,353581
east,"אולפנא אמי""ת",צפת,ממלכתי דתי,יהודי,2022,עברית )לשון והבעה(,2,59,85.36,353581
east,"אולפנא אמי""ת",צפת,ממלכתי דתי,יהודי,2023,עברית )לשון והבעה(,2,58,79.97,353581
east,"אולפנא אמי""ת",צפת,ממלכתי דתי,יהודי,2021,פסיכולוגיה התפתחותית,5,28,86.29,353581
east,"אולפנא אמי""ת",צפת,ממלכתי דתי,יהודי,2022,פסיכולוגיה התפתחותית,5,19,76.58,353581
east,"אולפנא אמי""ת",צפת,ממלכתי דתי,יהודי,2023,פסיכולוגיה התפתחותית,5,22,82.86,353581
east,"אולפנא אמי""ת",צפת,ממלכתי דתי,יהודי,2021,רישומי פעילויות בחינ,5,24,91.88,353581
east,"אולפנא אמי""ת",צפת,ממלכתי דתי,יהודי,2022,רישומי פעילויות בחינ,5,18,90.22,353581
east,"אולפנא אמי""ת",צפת,ממלכתי דתי,יהודי,2023,רישומי פעילויות בחינ,5,18,91.67,353581
east,"אולפנא אמי""ת",צפת,ממלכתי דתי,יהודי,2021,תושבע'פ ותלמוד,3,61,84.34,353581
east,"אולפנא אמי""ת",צפת,ממלכתי דתי,יהודי,2022,תושבע'פ ותלמוד,3,57,88.37,353581
east,"אולפנא אמי""ת",צפת,ממלכתי דתי,יהודי,2023,תושבע'פ ותלמוד,3,56,88.55,353581
east,"אולפנא אמי""ת",צפת,ממלכתי דתי,יהודי,2021,תנ'ך,3,32,80.31,353581
east,"אולפנא אמי""ת",צפת,ממלכתי דתי,יהודי,2021,תנ'ך,5,28,82.21,353581
east,"אולפנא אמי""ת",צפת,ממלכתי דתי,יהודי,2022,תנ'ך,3,29,79.79,353581
east,"אולפנא אמי""ת",צפת,ממלכתי דתי,יהודי,2022,תנ'ך,5,30,82.53,353581
east,"אולפנא אמי""ת",צפת,ממלכתי דתי,יהודי,2023,תנ'ך,3,21,76,353581
east,"אולפנא אמי""ת",צפת,ממלכתי דתי,יהודי,2023,תנ'ך,5,37,83.65,353581
east,"אולפנא אמי""ת",צפת,ממלכתי דתי,יהודי,2021,תקשורת וחברה,5,17,85.35,353581
east,"אולפנא אמי""ת",צפת,ממלכתי דתי,יהודי,2022,תקשורת וחברה,5,15,81.93,353581
east,אולפנת קצרין,קצרין,ממלכתי דתי,יהודי,2021,אומנות,5,13,83.85,715920
east,אולפנת קצרין,קצרין,ממלכתי דתי,יהודי,2021,אזרחות,2,48,82.48,715920
east,אולפנת קצרין,קצרין,ממלכתי דתי,יהודי,2022,אזרחות,2,46,82.24,715920
east,אולפנת קצרין,קצרין,ממלכתי דתי,יהודי,2023,אזרחות,2,41,85.49,715920
east,אולפנת קצרין,קצרין,ממלכתי דתי,יהודי,2021,אנגלית,4,25,77.12,715920
east,אולפנת קצרין,קצרין,ממלכתי דתי,יהודי,2021,אנגלית,5,23,86.52,715920
east,אולפנת קצרין,קצרין,ממלכתי דתי,יהודי,2022,אנגלית,4,24,70,715920
east,אולפנת קצרין,קצרין,ממלכתי דתי,יהודי,2022,אנגלית,5,22,89.32,715920
east,אולפנת קצרין,קצרין,ממלכתי דתי,יהודי,2023,אנגלית,4,20,74.9,715920
east,אולפנת קצרין,קצרין,ממלכתי דתי,יהודי,2023,אנגלית,5,21,85.14,715920
east,אולפנת קצרין,קצרין,ממלכתי דתי,יהודי,2022,ביולוגיה,5,13,77.38,715920
east,אולפנת קצרין,קצרין,ממלכתי דתי,יהודי,2021,הסטוריה,2,47,83.15,715920
east,אולפנת קצרין,קצרין,ממלכתי דתי,יהודי,2022,הסטוריה,2,47,78.83,715920
east,אולפנת קצרין,קצרין,ממלכתי דתי,יהודי,2023,הסטוריה,2,42,85.45,715920
east,אולפנת קצרין,קצרין,ממלכתי דתי,יהודי,2021,מחשבת ישראל וספרות,2,48,84.44,715920
east,אולפנת קצרין,קצרין,ממלכתי דתי,יהודי,2022,מחשבת ישראל וספרות,2,46,83.78,715920
east,אולפנת קצרין,קצרין,ממלכתי דתי,יהודי,2023,מחשבת ישראל וספרות,2,42,85.64,715920
east,אולפנת קצרין,קצרין,ממלכתי דתי,יהודי,2021,מתמטיקה,3,24,84.79,715920
east,אולפנת קצרין,קצרין,ממלכתי דתי,יהודי,2021,מתמטיקה,4,15,81.2,715920
east,אולפנת קצרין,קצרין,ממלכתי דתי,יהודי,2022,מתמטיקה,3,25,79.68,715920
east,אולפנת קצרין,קצרין,ממלכתי דתי,יהודי,2022,מתמטיקה,4,18,73.06,715920
east,אולפנת קצרין,קצרין,ממלכתי דתי,יהודי,2023,מתמטיקה,3,21,84.38,715920
east,אולפנת קצרין,קצרין,ממלכתי דתי,יהודי,2023,מתמטיקה,4,12,74.17,715920
east,אולפנת קצרין,קצרין,ממלכתי דתי,יהודי,2021,עברית )לשון והבעה(,2,48,82.96,715920
east,אולפנת קצרין,קצרין,ממלכתי דתי,יהודי,2022,עברית )לשון והבעה(,2,48,83.19,715920
east,אולפנת קצרין,קצרין,ממלכתי דתי,יהודי,2023,עברית )לשון והבעה(,2,42,83.36,715920
east,אולפנת קצרין,קצרין,ממלכתי דתי,יהודי,2021,תאטרון,5,12,97.17,715920
east,אולפנת קצרין,קצרין,ממלכתי דתי,יהודי,2023,תאטרון,5,13,91.38,715920
east,אולפנת קצרין,קצרין,ממלכתי דתי,יהודי,2021,תושבע'פ ותלמוד,5,41,81.76,715920
east,אולפנת קצרין,קצרין,ממלכתי דתי,יהודי,2022,תושבע'פ ותלמוד,5,45,84.87,715920
east,אולפנת קצרין,קצרין,ממלכתי דתי,יהודי,2023,תושבע'פ ותלמוד,5,37,86.76,715920
east,אולפנת קצרין,קצרין,ממלכתי דתי,יהודי,2021,תנ'ך,5,43,82.58,715920
east,אולפנת קצרין,קצרין,ממלכתי דתי,יהודי,2022,תנ'ך,5,39,81.95,715920
east,אולפנת קצרין,קצרין,ממלכתי דתי,יהודי,2023,תנ'ך,5,37,82.3,715920
east,אורט דנציגר ק. שמונה,קרית שמונה,ממלכתי,יהודי,2021,אזרחות,2,171,81.94,240010
east,אורט דנציגר ק. שמונה,קרית שמונה,ממלכתי,יהודי,2022,אזרחות,2,147,80.78,240010
east,אורט דנציגר ק. שמונה,קרית שמונה,ממלכתי,יהודי,2023,אזרחות,2,163,78.79,240010
east,אורט דנציגר ק. שמונה,קרית שמונה,ממלכתי,יהודי,2021,אנגלית,3,33,73.85,240010
east,אורט דנציגר ק. שמונה,קרית שמונה,ממלכתי,יהודי,2021,אנגלית,4,47,75.85,240010
east,אורט דנציגר ק. שמונה,קרית שמונה,ממלכתי,יהודי,2021,אנגלית,5,90,85.83,240010
east,אורט דנציגר ק. שמונה,קרית שמונה,ממלכתי,יהודי,2022,אנגלית,3,32,75.06,240010
east,אורט דנציגר ק. שמונה,קרית שמונה,ממלכתי,יהודי,2022,אנגלית,4,43,73.49,240010
east,אורט דנציגר ק. שמונה,קרית שמונה,ממלכתי,יהודי,2022,אנגלית,5,73,85.23,240010
east,אורט דנציגר ק. שמונה,קרית שמונה,ממלכתי,יהודי,2023,אנגלית,3,37,72.81,240010
east,אורט דנציגר ק. שמונה,קרית שמונה,ממלכתי,יהודי,2023,אנגלית,4,56,72.79,240010
east,אורט דנציגר ק. שמונה,קרית שמונה,ממלכתי,יהודי,2023,אנגלית,5,73,83.01,240010
east,אורט דנציגר ק. שמונה,קרית שמונה,ממלכתי,יהודי,2021,ביולוגיה,5,30,85.37,240010
east,אורט דנציגר ק. שמונה,קרית שמונה,ממלכתי,יהודי,2022,ביולוגיה,5,14,80.79,240010
east,אורט דנציגר ק. שמונה,קרית שמונה,ממלכתי,יהודי,2023,ביולוגיה,5,21,86.43,240010
east,אורט דנציגר ק. שמונה,קרית שמונה,ממלכתי,יהודי,2021,הסטוריה,2,170,78.82,240010
east,אורט דנציגר ק. שמונה,קרית שמונה,ממלכתי,יהודי,2022,הסטוריה,2,149,86.83,240010
east,אורט דנציגר ק. שמונה,קרית שמונה,ממלכתי,יהודי,2023,הסטוריה,2,181,82.86,240010
east,אורט דנציגר ק. שמונה,קרית שמונה,ממלכתי,יהודי,2021,הפקות בתקשורת,3,39,83.97,240010
east,אורט דנציגר ק. שמונה,קרית שמונה,ממלכתי,יהודי,2022,הפקות בתקשורת,3,24,76.46,240010
east,אורט דנציגר ק. שמונה,קרית שמונה,ממלכתי,יהודי,2023,הפקות בתקשורת,3,34,73.97,240010
east,אורט דנציגר ק. שמונה,קרית שמונה,ממלכתי,יהודי,2022,ישומים בביוטכנולוגיה,5,23,95.57,240010
east,אורט דנציגר ק. שמונה,קרית שמונה,ממלכתי,יהודי,2023,ישומים בביוטכנולוגיה,5,14,96.14,240010
east,אורט דנציגר ק. שמונה,קרית שמונה,ממלכתי,יהודי,2021,כימיה,5,21,86.71,240010
east,אורט דנציגר ק. שמונה,קרית שמונה,ממלכתי,יהודי,2022,כימיה,5,11,77.91,240010
east,אורט דנציגר ק. שמונה,קרית שמונה,ממלכתי,יהודי,2022,מדעי המחשב,5,11,86.09,240010
east,אורט דנציגר ק. שמונה,קרית שמונה,ממלכתי,יהודי,2021,מנהל וכלכלה,5,17,74.29,240010
east,אורט דנציגר ק. שמונה,קרית שמונה,ממלכתי,יהודי,2022,מנהל וכלכלה,5,32,71.91,240010
east,אורט דנציגר ק. שמונה,קרית שמונה,ממלכתי,יהודי,2023,מנהל וכלכלה,5,32,64.63,240010
east,אורט דנציגר ק. שמונה,קרית שמונה,ממלכתי,יהודי,2022,מנהל תיירותי,3,14,83.14,240010
east,אורט דנציגר ק. שמונה,קרית שמונה,ממלכתי,יהודי,2023,מנהל תיירותי,3,12,55.42,240010
east,אורט דנציגר ק. שמונה,קרית שמונה,ממלכתי,יהודי,2022,מערכות ביוטכנולוגיה,5,23,90.74,240010
east,אורט דנציגר ק. שמונה,קרית שמונה,ממלכתי,יהודי,2023,מערכות ביוטכנולוגיה,5,14,87.5,240010
east,אורט דנציגר ק. שמונה,קרית שמונה,ממלכתי,יהודי,2021,מתמטיקה,3,103,78.12,240010
east,אורט דנציגר ק. שמונה,קרית שמונה,ממלכתי,יהודי,2021,מתמטיקה,4,36,83.89,240010
east,אורט דנציגר ק. שמונה,קרית שמונה,ממלכתי,יהודי,2021,מתמטיקה,5,26,89.23,240010
east,אורט דנציגר ק. שמונה,קרית שמונה,ממלכתי,יהודי,2022,מתמטיקה,3,87,74.07,240010
east,אורט דנציגר ק. שמונה,קרית שמונה,ממלכתי,יהודי,2022,מתמטיקה,4,31,84.26,240010
east,אורט דנציגר ק. שמונה,קרית שמונה,ממלכתי,יהודי,2022,מתמטיקה,5,23,84.65,240010
east,אורט דנציגר ק. שמונה,קרית שמונה,ממלכתי,יהודי,2023,מתמטיקה,3,109,73.55,240010
east,אורט דנציגר ק. שמונה,קרית שמונה,ממלכתי,יהודי,2023,מתמטיקה,4,33,80.12,240010
east,אורט דנציגר ק. שמונה,קרית שמונה,ממלכתי,יהודי,2023,מתמטיקה,5,18,79.11,240010
east,אורט דנציגר ק. שמונה,קרית שמונה,ממלכתי,יהודי,2021,ספרות,2,176,79.7,240010
east,אורט דנציגר ק. שמונה,קרית שמונה,ממלכתי,יהודי,2022,ספרות,2,147,78.52,240010
east,אורט דנציגר ק. שמונה,קרית שמונה,ממלכתי,יהודי,2023,ספרות,2,171,75.59,240010
east,אורט דנציגר ק. שמונה,קרית שמונה,ממלכתי,יהודי,2021,עברית )לשון והבעה(,2,170,75.41,240010
east,אורט דנציגר ק. שמונה,קרית שמונה,ממלכתי,יהודי,2022,עברית )לשון והבעה(,2,148,80.15,240010
east,אורט דנציגר ק. שמונה,קרית שמונה,ממלכתי,יהודי,2023,עברית )לשון והבעה(,2,176,72.8,240010
east,אורט דנציגר ק. שמונה,קרית שמונה,ממלכתי,יהודי,2021,פיסיקה,5,22,87.23,240010
east,אורט דנציגר ק. שמונה,קרית שמונה,ממלכתי,יהודי,2022,פיסיקה,5,25,91.04,240010
east,אורט דנציגר ק. שמונה,קרית שמונה,ממלכתי,יהודי,2023,פיסיקה,5,18,80.39,240010
east,אורט דנציגר ק. שמונה,קרית שמונה,ממלכתי,יהודי,2021,תאטרון,5,19,87.68,240010
east,אורט דנציגר ק. שמונה,קרית שמונה,ממלכתי,יהודי,2022,תאטרון,5,21,87,240010
east,אורט דנציגר ק. שמונה,קרית שמונה,ממלכתי,יהודי,2023,תאטרון,5,18,87.11,240010
east,אורט דנציגר ק. שמונה,קרית שמונה,ממלכתי,יהודי,2021,תיירות,5,18,85.83,240010
east,אורט דנציגר ק. שמונה,קרית שמונה,ממלכתי,יהודי,2022,תיירות,5,17,76.18,240010
east,אורט דנציגר ק. שמונה,קרית שמונה,ממלכתי,יהודי,2023,תיירות,5,30,69.8,240010
east,אורט דנציגר ק. שמונה,קרית שמונה,ממלכתי,יהודי,2021,תנ'ך,2,173,81.09,240010
east,אורט דנציגר ק. שמונה,קרית שמונה,ממלכתי,יהודי,2022,תנ'ך,2,148,82.39,240010
east,אורט דנציגר ק. שמונה,קרית שמונה,ממלכתי,יהודי,2023,תנ'ך,2,167,81.99,240010
east,אורט דנציגר ק. שמונה,קרית שמונה,ממלכתי,יהודי,2021,תקשורת וחברה,5,52,75.4,240010
east,אורט דנציגר ק. שמונה,קרית שמונה,ממלכתי,יהודי,2022,תקשורת וחברה,5,38,74.45,240010
east,אורט דנציגר ק. שמונה,קרית שמונה,ממלכתי,יהודי,2023,תקשורת וחברה,5,47,68.26,240010
east,המתמיד קרית שמונה,קרית שמונה,ממלכתי דתי,יהודי,2021,אזרחות,2,29,79.17,240218
east,המתמיד קרית שמונה,קרית שמונה,ממלכתי דתי,יהודי,2023,אזרחות,2,28,77.14,240218
east,המתמיד קרית שמונה,קרית שמונה,ממלכתי דתי,יהודי,2021,אנגלית,5,20,88.65,240218
east,המתמיד קרית שמונה,קרית שמונה,ממלכתי דתי,יהודי,2023,אנגלית,5,19,82.74,240218
east,המתמיד קרית שמונה,קרית שמונה,ממלכתי דתי,יהודי,2021,הסטוריה,2,23,78.74,240218
east,המתמיד קרית שמונה,קרית שמונה,ממלכתי דתי,יהודי,2023,הסטוריה,2,28,82.54,240218
east,המתמיד קרית שמונה,קרית שמונה,ממלכתי דתי,יהודי,2021,מחשבת ישראל וספרות,2,29,81.59,240218
east,המתמיד קרית שמונה,קרית שמונה,ממלכתי דתי,יהודי,2023,מחשבת ישראל וספרות,2,28,76.96,240218
east,המתמיד קרית שמונה,קרית שמונה,ממלכתי דתי,יהודי,2021,מתמטיקה,3,13,76.08,240218
east,המתמיד קרית שמונה,קרית שמונה,ממלכתי דתי,יהודי,2023,מתמטיקה,3,13,78,240218
east,המתמיד קרית שמונה,קרית שמונה,ממלכתי דתי,יהודי,2021,עברית )לשון והבעה(,2,29,79.69,240218
east,המתמיד קרית שמונה,קרית שמונה,ממלכתי דתי,יהודי,2023,עברית )לשון והבעה(,2,28,74.71,240218
east,המתמיד קרית שמונה,קרית שמונה,ממלכתי דתי,יהודי,2021,תושבע'פ ותלמוד,5,29,79.07,240218
east,המתמיד קרית שמונה,קרית שמונה,ממלכתי דתי,יהודי,2023,תושבע'פ ותלמוד,5,28,75,240218
east,המתמיד קרית שמונה,קרית שמונה,ממלכתי דתי,יהודי,2021,תנ'ך,5,19,84.21,240218
east,המתמיד קרית שמונה,קרית שמונה,ממלכתי דתי,יהודי,2023,תנ'ך,5,20,85.25,240218
east,ברנקו וייס ק.שמונה,קרית שמונה,ממלכתי,יהודי,2021,אזרחות,2,20,71.5,240804
east,ברנקו וייס ק.שמונה,קרית שמונה,ממלכתי,יהודי,2022,אזרחות,2,21,68.57,240804
east,ברנקו וייס ק.שמונה,קרית שמונה,ממלכתי,יהודי,2023,אזרחות,2,16,72.56,240804
east,ברנקו וייס ק.שמונה,קרית שמונה,ממלכתי,יהודי,2021,אנגלית,3,16,78.31,240804
east,ברנקו וייס ק.שמונה,קרית שמונה,ממלכתי,יהודי,2022,אנגלית,3,14,74.64,240804
east,ברנקו וייס ק.שמונה,קרית שמונה,ממלכתי,יהודי,2023,אנגלית,3,16,74.94,240804
east,ברנקו וייס ק.שמונה,קרית שמונה,ממלכתי,יהודי,2021,הסטוריה,2,23,72.22,240804
east,ברנקו וייס ק.שמונה,קרית שמונה,ממלכתי,יהודי,2022,הסטוריה,2,25,65.68,240804
east,ברנקו וייס ק.שמונה,קרית שמונה,ממלכתי,יהודי,2023,הסטוריה,2,18,66.5,240804
east,ברנקו וייס ק.שמונה,קרית שמונה,ממלכתי,יהודי,2021,מנהל תיירותי,3,21,64.43,240804
east,ברנקו וייס ק.שמונה,קרית שמונה,ממלכתי,יהודי,2022,מנהל תיירותי,3,24,71.83,240804
east,ברנקו וייס ק.שמונה,קרית שמונה,ממלכתי,יהודי,2023,מנהל תיירותי,3,23,57.78,240804
east,ברנקו וייס ק.שמונה,קרית שמונה,ממלכתי,יהודי,2021,מתמטיקה,3,19,74.47,240804
east,ברנקו וייס ק.שמונה,קרית שמונה,ממלכתי,יהודי,2022,מתמטיקה,3,18,69.67,240804
east,ברנקו וייס ק.שמונה,קרית שמונה,ממלכתי,יהודי,2023,מתמטיקה,3,19,73.89,240804
east,ברנקו וייס ק.שמונה,קרית שמונה,ממלכתי,יהודי,2021,ספרות,2,20,67.5,240804
east,ברנקו וייס ק.שמונה,קרית שמונה,ממלכתי,יהודי,2022,ספרות,2,23,74.39,240804
east,ברנקו וייס ק.שמונה,קרית שמונה,ממלכתי,יהודי,2023,ספרות,2,15,72.93,240804
east,ברנקו וייס ק.שמונה,קרית שמונה,ממלכתי,יהודי,2021,עברית )לשון והבעה(,2,22,66.27,240804
east,ברנקו וייס ק.שמונה,קרית שמונה,ממלכתי,יהודי,2022,עברית )לשון והבעה(,2,25,71.44,240804
east,ברנקו וייס ק.שמונה,קרית שמונה,ממלכתי,יהודי,2023,עברית )לשון והבעה(,2,20,65.6,240804
east,ברנקו וייס ק.שמונה,קרית שמונה,ממלכתי,יהודי,2021,תיירות,5,24,73.58,240804
east,ברנקו וייס ק.שמונה,קרית שמונה,ממלכתי,יהודי,2022,תיירות,5,23,68.7,240804
east,ברנקו וייס ק.שמונה,קרית שמונה,ממלכתי,יהודי,2023,תיירות,5,25,74.24,240804
east,ברנקו וייס ק.שמונה,קרית שמונה,ממלכתי,יהודי,2021,תנ'ך,2,19,75.95,240804
east,ברנקו וייס ק.שמונה,קרית שמונה,ממלכתי,יהודי,2022,תנ'ך,2,23,72.52,240804
east,ברנקו וייס ק.שמונה,קרית שמונה,ממלכתי,יהודי,2023,תנ'ך,2,18,75.22,240804
east,אולפנית קרית שמונה,קרית שמונה,ממלכתי דתי,יהודי,2021,אזרחות,2,19,85.32,442897
east,אולפנית קרית שמונה,קרית שמונה,ממלכתי דתי,יהודי,2022,אזרחות,2,30,79.1,442897
east,אולפנית קרית שמונה,קרית שמונה,ממלכתי דתי,יהודי,2023,אזרחות,2,29,81.21,442897
east,אולפנית קרית שמונה,קרית שמונה,ממלכתי דתי,יהודי,2021,אנגלית,5,13,88.54,442897
east,אולפנית קרית שמונה,קרית שמונה,ממלכתי דתי,יהודי,2022,אנגלית,4,11,66.45,442897
east,אולפנית קרית שמונה,קרית שמונה,ממלכתי דתי,יהודי,2022,אנגלית,5,11,81.64,442897
east,אולפנית קרית שמונה,קרית שמונה,ממלכתי דתי,יהודי,2023,אנגלית,5,13,86.85,442897
east,אולפנית קרית שמונה,קרית שמונה,ממלכתי דתי,יהודי,2021,הסטוריה,2,19,86.26,442897
east,אולפנית קרית שמונה,קרית שמונה,ממלכתי דתי,יהודי,2022,הסטוריה,2,30,79.43,442897
east,אולפנית קרית שמונה,קרית שמונה,ממלכתי דתי,יהודי,2023,הסטוריה,2,30,83.53,442897
east,אולפנית קרית שמונה,קרית שמונה,ממלכתי דתי,יהודי,2021,מחשבת ישראל וספרות,2,12,87.08,442897
east,אולפנית קרית שמונה,קרית שמונה,ממלכתי דתי,יהודי,2022,מחשבת ישראל וספרות,2,17,85,442897
east,אולפנית קרית שמונה,קרית שמונה,ממלכתי דתי,יהודי,2023,מחשבת ישראל וספרות,2,19,79.74,442897
east,אולפנית קרית שמונה,קרית שמונה,ממלכתי דתי,יהודי,2022,מתמטיקה,3,17,72,442897
east,אולפנית קרית שמונה,קרית שמונה,ממלכתי דתי,יהודי,2023,מתמטיקה,3,13,77.15,442897
east,אולפנית קרית שמונה,קרית שמונה,ממלכתי דתי,יהודי,2022,ספרות,5,12,83.08,442897
east,אולפנית קרית שמונה,קרית שמונה,ממלכתי דתי,יהודי,2023,ספרות,5,11,92.91,442897
east,אולפנית קרית שמונה,קרית שמונה,ממלכתי דתי,יהודי,2021,עברית )לשון והבעה(,2,19,82.84,442897
east,אולפנית קרית שמונה,קרית שמונה,ממלכתי דתי,יהודי,2022,עברית )לשון והבעה(,2,29,81.17,442897
east,אולפנית קרית שמונה,קרית שמונה,ממלכתי דתי,יהודי,2023,עברית )לשון והבעה(,2,30,80.1,442897
east,אולפנית קרית שמונה,קרית שמונה,ממלכתי דתי,יהודי,2022,תושבע'פ ותלמוד,5,23,83.65,442897
east,אולפנית קרית שמונה,קרית שמונה,ממלכתי דתי,יהודי,2023,תושבע'פ ותלמוד,5,23,81.83,442897
east,אולפנית קרית שמונה,קרית שמונה,ממלכתי דתי,יהודי,2021,תנ'ך,3,12,83.58,442897
east,אולפנית קרית שמונה,קרית שמונה,ממלכתי דתי,יהודי,2022,תנ'ך,3,17,75.94,442897
east,אולפנית קרית שמונה,קרית שמונה,ממלכתי דתי,יהודי,2022,תנ'ך,5,12,81.5,442897
east,אולפנית קרית שמונה,קרית שמונה,ממלכתי דתי,יהודי,2023,תנ'ך,3,12,73.92,442897
east,אולפנית קרית שמונה,קרית שמונה,ממלכתי דתי,יהודי,2023,תנ'ך,5,16,79.88,442897
east,ישיבה תיכונית חיספין,גולן,ממלכתי דתי,יהודי,2021,אזרחות,2,85,80.95,240457
east,ישיבה תיכונית חיספין,גולן,ממלכתי דתי,יהודי,2022,אזרחות,2,96,80.68,240457
east,ישיבה תיכונית חיספין,גולן,ממלכתי דתי,יהודי,2023,אזרחות,2,102,79.75,240457
east,ישיבה תיכונית חיספין,גולן,ממלכתי דתי,יהודי,2023,אמהרית,5,18,95.72,240457
east,ישיבה תיכונית חיספין,גולן,ממלכתי דתי,יהודי,2021,אנגלית,4,40,84.07,240457
east,ישיבה תיכונית חיספין,גולן,ממלכתי דתי,יהודי,2021,אנגלית,5,41,88.44,240457
east,ישיבה תיכונית חיספין,גולן,ממלכתי דתי,יהודי,2022,אנגלית,4,41,79.39,240457
east,ישיבה תיכונית חיספין,גולן,ממלכתי דתי,יהודי,2022,אנגלית,5,50,90.06,240457
east,ישיבה תיכונית חיספין,גולן,ממלכתי דתי,יהודי,2023,אנגלית,4,34,78.24,240457
east,ישיבה תיכונית חיספין,גולן,ממלכתי דתי,יהודי,2023,אנגלית,5,59,86.31,240457
east,ישיבה תיכונית חיספין,גולן,ממלכתי דתי,יהודי,2021,ביולוגיה,5,12,87.17,240457
east,ישיבה תיכונית חיספין,גולן,ממלכתי דתי,יהודי,2022,ביולוגיה,5,19,85.42,240457
east,ישיבה תיכונית חיספין,גולן,ממלכתי דתי,יהודי,2023,ביולוגיה,5,13,83.08,240457
east,ישיבה תיכונית חיספין,גולן,ממלכתי דתי,יהודי,2021,הסטוריה,2,69,83.99,240457
east,ישיבה תיכונית חיספין,גולן,ממלכתי דתי,יהודי,2021,הסטוריה,5,16,85.56,240457
east,ישיבה תיכונית חיספין,גולן,ממלכתי דתי,יהודי,2022,הסטוריה,2,83,82.34,240457
east,ישיבה תיכונית חיספין,גולן,ממלכתי דתי,יהודי,2022,הסטוריה,5,12,86.25,240457
east,ישיבה תיכונית חיספין,גולן,ממלכתי דתי,יהודי,2023,הסטוריה,2,91,83.96,240457
east,ישיבה תיכונית חיספין,גולן,ממלכתי דתי,יהודי,2023,הסטוריה,5,12,88.58,240457
east,ישיבה תיכונית חיספין,גולן,ממלכתי דתי,יהודי,2021,למודי ארץ ישראל,5,18,85.39,240457
east,ישיבה תיכונית חיספין,גולן,ממלכתי דתי,יהודי,2022,למודי ארץ ישראל,5,11,79.91,240457
east,ישיבה תיכונית חיספין,גולן,ממלכתי דתי,יהודי,2021,מדעי המחשב,5,12,71.83,240457
east,ישיבה תיכונית חיספין,גולן,ממלכתי דתי,יהודי,2023,מדעי המחשב,5,11,88.73,240457
east,ישיבה תיכונית חיספין,גולן,ממלכתי דתי,יהודי,2021,מחשבת ישראל וספרות,2,53,82.57,240457
east,ישיבה תיכונית חיספין,גולן,ממלכתי דתי,יהודי,2022,מחשבת ישראל וספרות,2,65,80.94,240457
east,ישיבה תיכונית חיספין,גולן,ממלכתי דתי,יהודי,2023,מחשבת ישראל וספרות,2,86,84.26,240457
east,ישיבה תיכונית חיספין,גולן,ממלכתי דתי,יהודי,2023,מחשבת ישראל וספרות,5,17,90.71,240457
east,ישיבה תיכונית חיספין,גולן,ממלכתי דתי,יהודי,2021,"מחשבת ישראל לבי""ס דת",5,23,91.35,240457
east,ישיבה תיכונית חיספין,גולן,ממלכתי דתי,יהודי,2022,"מחשבת ישראל לבי""ס דת",5,19,85,240457
east,ישיבה תיכונית חיספין,גולן,ממלכתי דתי,יהודי,2021,מתמטיקה,3,29,92.17,240457
east,ישיבה תיכונית חיספין,גולן,ממלכתי דתי,יהודי,2021,מתמטיקה,4,31,89.26,240457
east,ישיבה תיכונית חיספין,גולן,ממלכתי דתי,יהודי,2021,מתמטיקה,5,25,91.04,240457
east,ישיבה תיכונית חיספין,גולן,ממלכתי דתי,יהודי,2022,מתמטיקה,3,24,87.79,240457
east,ישיבה תיכונית חיספין,גולן,ממלכתי דתי,יהודי,2022,מתמטיקה,4,38,90,240457
east,ישיבה תיכונית חיספין,גולן,ממלכתי דתי,יהודי,2022,מתמטיקה,5,33,89.12,240457
east,ישיבה תיכונית חיספין,גולן,ממלכתי דתי,יהודי,2023,מתמטיקה,3,36,87.81,240457
east,ישיבה תיכונית חיספין,גולן,ממלכתי דתי,יהודי,2023,מתמטיקה,4,39,90.62,240457
east,ישיבה תיכונית חיספין,גולן,ממלכתי דתי,יהודי,2023,מתמטיקה,5,26,89.69,240457
east,ישיבה תיכונית חיספין,גולן,ממלכתי דתי,יהודי,2022,ספרות,5,12,94.08,240457
east,ישיבה תיכונית חיספין,גולן,ממלכתי דתי,יהודי,2021,עברית )לשון והבעה(,2,86,81.52,240457
east,ישיבה תיכונית חיספין,גולן,ממלכתי דתי,יהודי,2022,עברית )לשון והבעה(,2,96,85.94,240457
east,ישיבה תיכונית חיספין,גולן,ממלכתי דתי,יהודי,2023,עברית )לשון והבעה(,2,102,81.32,240457
east,ישיבה תיכונית חיספין,גולן,ממלכתי דתי,יהודי,2021,פיסיקה,5,16,93.75,240457
east,ישיבה תיכונית חיספין,גולן,ממלכתי דתי,יהודי,2022,פיסיקה,5,19,91.79,240457
east,ישיבה תיכונית חיספין,גולן,ממלכתי דתי,יהודי,2023,פיסיקה,5,23,89.96,240457
east,ישיבה תיכונית חיספין,גולן,ממלכתי דתי,יהודי,2021,תאטרון,5,14,87.5,240457
east,ישיבה תיכונית חיספין,גולן,ממלכתי דתי,יהודי,2022,תאטרון,5,11,89.27,240457
east,ישיבה תיכונית חיספין,גולן,ממלכתי דתי,יהודי,2021,תושבע'פ ותלמוד,5,86,86.4,240457
east,ישיבה תיכונית חיספין,גולן,ממלכתי דתי,יהודי,2022,תושבע'פ ותלמוד,5,95,84.33,240457
east,ישיבה תיכונית חיספין,גולן,ממלכתי דתי,יהודי,2023,תושבע'פ ותלמוד,3,19,79.79,240457
east,ישיבה תיכונית חיספין,גולן,ממלכתי דתי,יהודי,2023,תושבע'פ ותלמוד,5,85,81.76,240457
east,ישיבה תיכונית חיספין,גולן,ממלכתי דתי,יהודי,2021,תנ'ך,3,16,77.5,240457
east,ישיבה תיכונית חיספין,גולן,ממלכתי דתי,יהודי,2021,תנ'ך,5,69,88.16,240457
east,ישיבה תיכונית חיספין,גולן,ממלכתי דתי,יהודי,2022,תנ'ך,3,21,79.38,240457
east,ישיבה תיכונית חיספין,גולן,ממלכתי דתי,יהודי,2022,תנ'ך,5,75,89.63,240457
east,ישיבה תיכונית חיספין,גולן,ממלכתי דתי,יהודי,2023,תנ'ך,3,30,82.43,240457
east,ישיבה תיכונית חיספין,גולן,ממלכתי דתי,יהודי,2023,תנ'ך,5,71,86.35,240457
east,ישיבת אלוני הבשן,גולן,ממלכתי דתי,יהודי,2021,אזרחות,2,13,71.85,240622
east,ישיבת אלוני הבשן,גולן,ממלכתי דתי,יהודי,2023,אזרחות,2,22,74.23,240622
east,ישיבת אלוני הבשן,גולן,ממלכתי דתי,יהודי,2023,גאוגרפיה,5,11,78.36,240622
east,ישיבת אלוני הבשן,גולן,ממלכתי דתי,יהודי,2021,הסטוריה,2,14,72,240622
east,ישיבת אלוני הבשן,גולן,ממלכתי דתי,יהודי,2023,הסטוריה,2,25,73.16,240622
east,ישיבת אלוני הבשן,גולן,ממלכתי דתי,יהודי,2021,מחשבת ישראל וספרות,2,14,73.64,240622
east,ישיבת אלוני הבשן,גולן,ממלכתי דתי,יהודי,2023,מחשבת ישראל וספרות,2,23,67.26,240622
east,ישיבת אלוני הבשן,גולן,ממלכתי דתי,יהודי,2021,מתמטיקה,3,12,75.83,240622
east,ישיבת אלוני הבשן,גולן,ממלכתי דתי,יהודי,2023,מתמטיקה,3,23,73.22,240622
east,ישיבת אלוני הבשן,גולן,ממלכתי דתי,יהודי,2021,עברית )לשון והבעה(,2,15,72.87,240622
east,ישיבת אלוני הבשן,גולן,ממלכתי דתי,יהודי,2023,עברית )לשון והבעה(,2,24,72.83,240622
east,ישיבת אלוני הבשן,גולן,ממלכתי דתי,יהודי,2021,תושבע'פ ותלמוד,5,13,74.69,240622
east,ישיבת אלוני הבשן,גולן,ממלכתי דתי,יהודי,2023,תושבע'פ ותלמוד,5,20,71.45,240622
east,ישיבת אלוני הבשן,גולן,ממלכתי דתי,יהודי,2021,תנ'ך,3,16,75.69,240622
east,ישיבת אלוני הבשן,גולן,ממלכתי דתי,יהודי,2023,תנ'ך,3,22,76.55,240622
east,רגבים בגולן,גולן,ממלכתי דתי,יהודי,2021,אזרחות,2,34,78.26,240630
east,רגבים בגולן,גולן,ממלכתי דתי,יהודי,2022,אזרחות,2,43,80.33,240630
east,רגבים בגולן,גולן,ממלכתי דתי,יהודי,2023,אזרחות,2,52,79.25,240630
east,רגבים בגולן,גולן,ממלכתי דתי,יהודי,2021,אנגלית,4,17,74.94,240630
east,רגבים בגולן,גולן,ממלכתי דתי,יהודי,2021,אנגלית,5,14,78.79,240630
east,רגבים בגולן,גולן,ממלכתי דתי,יהודי,2022,אנגלית,4,24,71.33,240630
east,רגבים בגולן,גולן,ממלכתי דתי,יהודי,2022,אנגלית,5,15,79.87,240630
east,רגבים בגולן,גולן,ממלכתי דתי,יהודי,2023,אנגלית,3,11,70,240630
east,רגבים בגולן,גולן,ממלכתי דתי,יהודי,2023,אנגלית,4,18,70.11,240630
east,רגבים בגולן,גולן,ממלכתי דתי,יהודי,2023,אנגלית,5,23,81.48,240630
east,רגבים בגולן,גולן,ממלכתי דתי,יהודי,2021,הסטוריה,2,33,83.82,240630
east,רגבים בגולן,גולן,ממלכתי דתי,יהודי,2022,הסטוריה,2,44,82.59,240630
east,רגבים בגולן,גולן,ממלכתי דתי,יהודי,2023,הסטוריה,2,52,83.23,240630
east,רגבים בגולן,גולן,ממלכתי דתי,יהודי,2021,חקלאות,5,28,83.21,240630
east,רגבים בגולן,גולן,ממלכתי דתי,יהודי,2022,חקלאות,5,38,83.47,240630
east,רגבים בגולן,גולן,ממלכתי דתי,יהודי,2023,חקלאות,5,46,88.85,240630
east,רגבים בגולן,גולן,ממלכתי דתי,יהודי,2021,למודי ארץ ישראל,5,11,83.36,240630
east,רגבים בגולן,גולן,ממלכתי דתי,יהודי,2021,מחשבת ישראל וספרות,2,34,83.09,240630
east,רגבים בגולן,גולן,ממלכתי דתי,יהודי,2022,מחשבת ישראל וספרות,2,43,82.51,240630
east,רגבים בגולן,גולן,ממלכתי דתי,יהודי,2023,מחשבת ישראל וספרות,2,51,78.61,240630
east,רגבים בגולן,גולן,ממלכתי דתי,יהודי,2021,מתמטיקה,3,20,89.25,240630
east,רגבים בגולן,גולן,ממלכתי דתי,יהודי,2021,מתמטיקה,4,11,83.64,240630
east,רגבים בגולן,גולן,ממלכתי דתי,יהודי,2022,מתמטיקה,3,29,82.9,240630
east,רגבים בגולן,גולן,ממלכתי דתי,יהודי,2022,מתמטיקה,4,11,84,240630
east,רגבים בגולן,גולן,ממלכתי דתי,יהודי,2023,מתמטיקה,3,27,82.78,240630
east,רגבים בגולן,גולן,ממלכתי דתי,יהודי,2023,מתמטיקה,4,17,79.76,240630
east,רגבים בגולן,גולן,ממלכתי דתי,יהודי,2021,עברית )לשון והבעה(,2,34,77.32,240630
east,רגבים בגולן,גולן,ממלכתי דתי,יהודי,2022,עברית )לשון והבעה(,2,45,81.49,240630
east,רגבים בגולן,גולן,ממלכתי דתי,יהודי,2023,עברית )לשון והבעה(,2,53,79.92,240630
east,רגבים בגולן,גולן,ממלכתי דתי,יהודי,2021,תושבע'פ ותלמוד,5,34,78.88,240630
east,רגבים בגולן,גולן,ממלכתי דתי,יהודי,2022,תושבע'פ ותלמוד,5,43,79.58,240630
east,רגבים בגולן,גולן,ממלכתי דתי,יהודי,2023,תושבע'פ ותלמוד,5,52,78.62,240630
east,רגבים בגולן,גולן,ממלכתי דתי,יהודי,2021,תנ'ך,3,28,79.82,240630
east,רגבים בגולן,גולן,ממלכתי דתי,יהודי,2022,תנ'ך,3,22,81.27,240630
east,רגבים בגולן,גולן,ממלכתי דתי,יהודי,2022,תנ'ך,5,22,82.55,240630
east,רגבים בגולן,גולן,ממלכתי דתי,יהודי,2023,תנ'ך,3,33,83.88,240630
east,רגבים בגולן,גולן,ממלכתי דתי,יהודי,2023,תנ'ך,5,19,85.95,240630
east,ברנקו וייס גולן,גולן,ממלכתי,יהודי,2021,אזרחות,2,32,72.19,240655
east,ברנקו וייס גולן,גולן,ממלכתי,יהודי,2022,אזרחות,2,33,74.15,240655
east,ברנקו וייס גולן,גולן,ממלכתי,יהודי,2023,אזרחות,2,28,77.29,240655
east,ברנקו וייס גולן,גולן,ממלכתי,יהודי,2021,אנגלית,3,16,76.38,240655
east,ברנקו וייס גולן,גולן,ממלכתי,יהודי,2021,אנגלית,5,12,86.25,240655
east,ברנקו וייס גולן,גולן,ממלכתי,יהודי,2022,אנגלית,3,13,75.92,240655
east,ברנקו וייס גולן,גולן,ממלכתי,יהודי,2022,אנגלית,5,12,86.92,240655
east,ברנקו וייס גולן,גולן,ממלכתי,יהודי,2023,אנגלית,5,16,89.44,240655
east,ברנקו וייס גולן,גולן,ממלכתי,יהודי,2021,הסטוריה,2,31,77.61,240655
east,ברנקו וייס גולן,גולן,ממלכתי,יהודי,2022,הסטוריה,2,34,71.26,240655
east,ברנקו וייס גולן,גולן,ממלכתי,יהודי,2023,הסטוריה,2,29,78.17,240655
east,ברנקו וייס גולן,גולן,ממלכתי,יהודי,2021,מנהל תיירותי,3,23,72.09,240655
east,ברנקו וייס גולן,גולן,ממלכתי,יהודי,2022,מנהל תיירותי,3,21,78.1,240655
east,ברנקו וייס גולן,גולן,ממלכתי,יהודי,2023,מנהל תיירותי,3,17,88.47,240655
east,ברנקו וייס גולן,גולן,ממלכתי,יהודי,2021,מתמטיקה,3,33,68.85,240655
east,ברנקו וייס גולן,גולן,ממלכתי,יהודי,2022,מתמטיקה,3,32,70.47,240655
east,ברנקו וייס גולן,גולן,ממלכתי,יהודי,2023,מתמטיקה,3,24,77.54,240655
east,ברנקו וייס גולן,גולן,ממלכתי,יהודי,2021,ספרות,2,34,72.15,240655
east,ברנקו וייס גולן,גולן,ממלכתי,יהודי,2022,ספרות,2,35,69.51,240655
east,ברנקו וייס גולן,גולן,ממלכתי,יהודי,2023,ספרות,2,28,77.14,240655
east,ברנקו וייס גולן,גולן,ממלכתי,יהודי,2021,עברית )לשון והבעה(,2,35,71.29,240655
east,ברנקו וייס גולן,גולן,ממלכתי,יהודי,2022,עברית )לשון והבעה(,2,34,74,240655
east,ברנקו וייס גולן,גולן,ממלכתי,יהודי,2023,עברית )לשון והבעה(,2,29,75.79,240655
east,ברנקו וייס גולן,גולן,ממלכתי,יהודי,2021,תיירות,5,28,73.21,240655
east,ברנקו וייס גולן,גולן,ממלכתי,יהודי,2022,תיירות,5,25,76.64,240655
east,ברנקו וייס גולן,גולן,ממלכתי,יהודי,2023,תיירות,5,19,80.58,240655
east,ברנקו וייס גולן,גולן,ממלכתי,יהודי,2021,תנ'ך,2,32,74.72,240655
east,ברנקו וייס גולן,גולן,ממלכתי,יהודי,2022,תנ'ך,2,33,76.67,240655
east,ברנקו וייס גולן,גולן,ממלכתי,יהודי,2023,תנ'ך,2,28,78.96,240655
east,כפר הנוער איילת השחר,גולן,ממלכתי דתי,יהודי,2021,אזרחות,2,21,81.71,719591
east,כפר הנוער איילת השחר,גולן,ממלכתי דתי,יהודי,2022,אזרחות,2,15,73.2,719591
east,כפר הנוער איילת השחר,גולן,ממלכתי דתי,יהודי,2023,אזרחות,2,16,70.44,719591
east,כפר הנוער איילת השחר,גולן,ממלכתי דתי,יהודי,2021,הסטוריה,2,21,78.1,719591
east,כפר הנוער איילת השחר,גולן,ממלכתי דתי,יהודי,2022,הסטוריה,2,15,81.4,719591
east,כפר הנוער איילת השחר,גולן,ממלכתי דתי,יהודי,2023,הסטוריה,2,19,80.42,719591
east,כפר הנוער איילת השחר,גולן,ממלכתי דתי,יהודי,2021,מדעי התזונה,5,15,76.27,719591
east,כפר הנוער איילת השחר,גולן,ממלכתי דתי,יהודי,2021,מחשבת ישראל וספרות,2,20,83.5,719591
east,כפר הנוער איילת השחר,גולן,ממלכתי דתי,יהודי,2022,מחשבת ישראל וספרות,2,15,86.13,719591
east,כפר הנוער איילת השחר,גולן,ממלכתי דתי,יהודי,2023,מחשבת ישראל וספרות,2,18,74.89,719591
east,כפר הנוער איילת השחר,גולן,ממלכתי דתי,יהודי,2021,מתמטיקה,3,16,75.44,719591
east,כפר הנוער איילת השחר,גולן,ממלכתי דתי,יהודי,2022,מתמטיקה,3,11,83.82,719591
east,כפר הנוער איילת השחר,גולן,ממלכתי דתי,יהודי,2023,מתמטיקה,3,15,75.27,719591
east,כפר הנוער איילת השחר,גולן,ממלכתי דתי,יהודי,2021,עברית )לשון והבעה(,2,21,75.62,719591
east,כפר הנוער איילת השחר,גולן,ממלכתי דתי,יהודי,2022,עברית )לשון והבעה(,2,15,78.4,719591
east,כפר הנוער איילת השחר,גולן,ממלכתי דתי,יהודי,2023,עברית )לשון והבעה(,2,21,72.76,719591
east,כפר הנוער איילת השחר,גולן,ממלכתי דתי,יהודי,2021,תושבע'פ ותלמוד,3,20,86.5,719591
east,כפר הנוער איילת השחר,גולן,ממלכתי דתי,יהודי,2022,תושבע'פ ותלמוד,3,15,81.07,719591
east,כפר הנוער איילת השחר,גולן,ממלכתי דתי,יהודי,2023,תושבע'פ ותלמוד,3,15,81.87,719591
east,כפר הנוער איילת השחר,גולן,ממלכתי דתי,יהודי,2021,תנ'ך,3,19,84.63,719591
east,כפר הנוער איילת השחר,גולן,ממלכתי דתי,יהודי,2022,תנ'ך,3,13,79.85,719591
east,אולפנת רגבים אופק,גולן,ממלכתי דתי,יהודי,2021,אזרחות,2,25,75.52,841247
east,אולפנת רגבים אופק,גולן,ממלכתי דתי,יהודי,2022,אזרחות,2,22,74.32,841247
east,אולפנת רגבים אופק,גולן,ממלכתי דתי,יהודי,2023,אזרחות,2,14,65.86,841247
east,אולפנת רגבים אופק,גולן,ממלכתי דתי,יהודי,2021,הסטוריה,2,26,76.38,841247
east,אולפנת רגבים אופק,גולן,ממלכתי דתי,יהודי,2022,הסטוריה,2,22,87.27,841247
east,אולפנת רגבים אופק,גולן,ממלכתי דתי,יהודי,2023,הסטוריה,2,15,76.73,841247
east,אולפנת רגבים אופק,גולן,ממלכתי דתי,יהודי,2021,מחשבת ישראל וספרות,2,18,86.94,841247
east,אולפנת רגבים אופק,גולן,ממלכתי דתי,יהודי,2022,מחשבת ישראל וספרות,2,14,78.36,841247
east,אולפנת רגבים אופק,גולן,ממלכתי דתי,יהודי,2023,מחשבת ישראל וספרות,2,15,74.33,841247
east,אולפנת רגבים אופק,גולן,ממלכתי דתי,יהודי,2021,מתמטיקה,3,19,85.63,841247
east,אולפנת רגבים אופק,גולן,ממלכתי דתי,יהודי,2022,מתמטיקה,3,21,82.05,841247
east,אולפנת רגבים אופק,גולן,ממלכתי דתי,יהודי,2023,מתמטיקה,3,13,81.46,841247
east,אולפנת רגבים אופק,גולן,ממלכתי דתי,יהודי,2021,עברית )לשון והבעה(,2,25,77.96,841247
east,אולפנת רגבים אופק,גולן,ממלכתי דתי,יהודי,2022,עברית )לשון והבעה(,2,21,78.29,841247
east,אולפנת רגבים אופק,גולן,ממלכתי דתי,יהודי,2023,עברית )לשון והבעה(,2,15,75.33,841247
east,אולפנת רגבים אופק,גולן,ממלכתי דתי,יהודי,2021,תושבע'פ ותלמוד,3,24,84.17,841247
east,אולפנת רגבים אופק,גולן,ממלכתי דתי,יהודי,2022,תושבע'פ ותלמוד,3,21,84.76,841247
east,אולפנת רגבים אופק,גולן,ממלכתי דתי,יהודי,2023,תושבע'פ ותלמוד,3,15,79.6,841247
east,אולפנת רגבים אופק,גולן,ממלכתי דתי,יהודי,2021,תנ'ך,3,25,87.4,841247
east,אולפנת רגבים אופק,גולן,ממלכתי דתי,יהודי,2022,תנ'ך,3,21,86.57,841247
east,אולפנת רגבים אופק,גולן,ממלכתי דתי,יהודי,2023,תנ'ך,3,15,83.6,841247
east,תיכון תמר,גולן,ממלכתי דתי,יהודי,2021,אזרחות,2,30,80.13,860353
east,תיכון תמר,גולן,ממלכתי דתי,יהודי,2022,אזרחות,2,22,83.77,860353
east,תיכון תמר,גולן,ממלכתי דתי,יהודי,2023,אזרחות,2,30,86.57,860353
east,תיכון תמר,גולן,ממלכתי דתי,יהודי,2023,אלקטרוניקה ומחשבים,5,11,87.73,860353
east,תיכון תמר,גולן,ממלכתי דתי,יהודי,2021,אמנות שימושית,5,11,87.91,860353
east,תיכון תמר,גולן,ממלכתי דתי,יהודי,2023,אמנות שימושית,5,12,92.83,860353
east,תיכון תמר,גולן,ממלכתי דתי,יהודי,2021,אנגלית,4,15,84.2,860353
east,תיכון תמר,גולן,ממלכתי דתי,יהודי,2021,אנגלית,5,16,88.06,860353
east,תיכון תמר,גולן,ממלכתי דתי,יהודי,2022,אנגלית,5,19,85.84,860353
east,תיכון תמר,גולן,ממלכתי דתי,יהודי,2023,אנגלית,5,27,89.93,860353
east,תיכון תמר,גולן,ממלכתי דתי,יהודי,2021,הסטוריה,2,31,83.19,860353
east,תיכון תמר,גולן,ממלכתי דתי,יהודי,2022,הסטוריה,2,22,83.41,860353
east,תיכון תמר,גולן,ממלכתי דתי,יהודי,2023,הסטוריה,2,30,88.07,860353
east,תיכון תמר,גולן,ממלכתי דתי,יהודי,2022,מדעי המחשב,5,11,84.73,860353
east,תיכון תמר,גולן,ממלכתי דתי,יהודי,2021,מחשבת ישראל וספרות,2,30,79.8,860353
east,תיכון תמר,גולן,ממלכתי דתי,יהודי,2022,מחשבת ישראל וספרות,2,22,86.77,860353
east,תיכון תמר,גולן,ממלכתי דתי,יהודי,2023,מחשבת ישראל וספרות,2,30,83.57,860353
east,תיכון תמר,גולן,ממלכתי דתי,יהודי,2023,מערכות אלקטרוניות,5,11,81.91,860353
east,תיכון תמר,גולן,ממלכתי דתי,יהודי,2021,מתמטיקה,4,15,83.73,860353
east,תיכון תמר,גולן,ממלכתי דתי,יהודי,2022,מתמטיקה,4,12,84.25,860353
east,תיכון תמר,גולן,ממלכתי דתי,יהודי,2023,מתמטיקה,4,15,83.67,860353
east,תיכון תמר,גולן,ממלכתי דתי,יהודי,2023,מתמטיקה,5,11,86.64,860353
east,תיכון תמר,גולן,ממלכתי דתי,יהודי,2021,עברית )לשון והבעה(,2,31,78.71,860353
east,תיכון תמר,גולן,ממלכתי דתי,יהודי,2022,עברית )לשון והבעה(,2,22,84.59,860353
east,תיכון תמר,גולן,ממלכתי דתי,יהודי,2023,עברית )לשון והבעה(,2,30,82.67,860353
east,תיכון תמר,גולן,ממלכתי דתי,יהודי,2021,עצוב,5,12,88.33,860353
east,תיכון תמר,גולן,ממלכתי דתי,יהודי,2023,עצוב,5,12,87.5,860353
east,תיכון תמר,גולן,ממלכתי דתי,יהודי,2023,פיסיקה,5,13,90.15,860353
east,תיכון תמר,גולן,ממלכתי דתי,יהודי,2021,תושבע'פ ותלמוד,5,30,76.9,860353
east,תיכון תמר,גולן,ממלכתי דתי,יהודי,2022,תושבע'פ ותלמוד,5,21,72.95,860353
east,תיכון תמר,גולן,ממלכתי דתי,יהודי,2023,תושבע'פ ותלמוד,5,30,86.67,860353
east,תיכון תמר,גולן,ממלכתי דתי,יהודי,2021,תנ'ך,5,31,90.39,860353
east,תיכון תמר,גולן,ממלכתי דתי,יהודי,2022,תנ'ך,5,21,82.71,860353
east,תיכון תמר,גולן,ממלכתי דתי,יהודי,2023,תנ'ך,5,30,87.63,860353
east,מקיף עינות הירדן,הגליל העליון,ממלכתי,יהודי,2021,אזרחות,2,48,80.21,260067
east,מקיף עינות הירדן,הגליל העליון,ממלכתי,יהודי,2022,אזרחות,2,62,73,260067
east,מקיף עינות הירדן,הגליל העליון,ממלכתי,יהודי,2023,אזרחות,2,52,77.21,260067
east,מקיף עינות הירדן,הגליל העליון,ממלכתי,יהודי,2021,אנגלית,4,12,78.67,260067
east,מקיף עינות הירדן,הגליל העליון,ממלכתי,יהודי,2021,אנגלית,5,45,85.56,260067
east,מקיף עינות הירדן,הגליל העליון,ממלכתי,יהודי,2022,אנגלית,5,52,85.96,260067
east,מקיף עינות הירדן,הגליל העליון,ממלכתי,יהודי,2023,אנגלית,4,14,75.57,260067
east,מקיף עינות הירדן,הגליל העליון,ממלכתי,יהודי,2023,אנגלית,5,45,84.09,260067
east,מקיף עינות הירדן,הגליל העליון,ממלכתי,יהודי,2021,ביולוגיה,5,12,85.58,260067
east,מקיף עינות הירדן,הגליל העליון,ממלכתי,יהודי,2021,גאוגרפיה,5,15,82.8,260067
east,מקיף עינות הירדן,הגליל העליון,ממלכתי,יהודי,2022,גאוגרפיה,5,28,79.14,260067
east,מקיף עינות הירדן,הגליל העליון,ממלכתי,יהודי,2023,גאוגרפיה,5,13,83.92,260067
east,מקיף עינות הירדן,הגליל העליון,ממלכתי,יהודי,2021,הסטוריה,2,44,80.48,260067
east,מקיף עינות הירדן,הגליל העליון,ממלכתי,יהודי,2022,הסטוריה,2,64,72.11,260067
east,מקיף עינות הירדן,הגליל העליון,ממלכתי,יהודי,2023,הסטוריה,2,55,74,260067
east,מקיף עינות הירדן,הגליל העליון,ממלכתי,יהודי,2021,חקלאות,5,22,81.23,260067
east,מקיף עינות הירדן,הגליל העליון,ממלכתי,יהודי,2022,חקלאות,5,25,76.72,260067
east,מקיף עינות הירדן,הגליל העליון,ממלכתי,יהודי,2023,חקלאות,5,17,78.06,260067
east,מקיף עינות הירדן,הגליל העליון,ממלכתי,יהודי,2021,מתמטיקה,3,25,91.88,260067
east,מקיף עינות הירדן,הגליל העליון,ממלכתי,יהודי,2021,מתמטיקה,5,14,81.43,260067
east,מקיף עינות הירדן,הגליל העליון,ממלכתי,יהודי,2022,מתמטיקה,3,40,90.22,260067
east,מקיף עינות הירדן,הגליל העליון,ממלכתי,יהודי,2023,מתמטיקה,3,32,82.63,260067
east,מקיף עינות הירדן,הגליל העליון,ממלכתי,יהודי,2023,מתמטיקה,4,15,83.53,260067
east,מקיף עינות הירדן,הגליל העליון,ממלכתי,יהודי,2021,ספרות,2,53,82,260067
east,מקיף עינות הירדן,הגליל העליון,ממלכתי,יהודי,2022,ספרות,2,67,85.81,260067
east,מקיף עינות הירדן,הגליל העליון,ממלכתי,יהודי,2023,ספרות,2,57,82.21,260067
east,מקיף עינות הירדן,הגליל העליון,ממלכתי,יהודי,2021,עברית )לשון והבעה(,2,54,80.22,260067
east,מקיף עינות הירדן,הגליל העליון,ממלכתי,יהודי,2022,עברית )לשון והבעה(,2,64,76.84,260067
east,מקיף עינות הירדן,הגליל העליון,ממלכתי,יהודי,2023,עברית )לשון והבעה(,2,61,70.48,260067
east,מקיף עינות הירדן,הגליל העליון,ממלכתי,יהודי,2021,תנ'ך,2,57,79,260067
east,מקיף עינות הירדן,הגליל העליון,ממלכתי,יהודי,2022,תנ'ך,2,69,81.36,260067
east,מקיף עינות הירדן,הגליל העליון,ממלכתי,יהודי,2023,תנ'ך,2,59,77.59,260067
east,מקיף עמק החולה,הגליל העליון,ממלכתי,יהודי,2023,אופטיקה יישומית,5,18,75,260232
east,מקיף עמק החולה,הגליל העליון,ממלכתי,יהודי,2021,אזרחות,2,153,78.03,260232
east,מקיף עמק החולה,הגליל העליון,ממלכתי,יהודי,2022,אזרחות,2,167,79.04,260232
east,מקיף עמק החולה,הגליל העליון,ממלכתי,יהודי,2023,אזרחות,2,120,78.49,260232
east,מקיף עמק החולה,הגליל העליון,ממלכתי,יהודי,2021,אמנות שימושית,5,14,88.36,260232
east,מקיף עמק החולה,הגליל העליון,ממלכתי,יהודי,2021,אנגלית,3,24,82.46,260232
east,מקיף עמק החולה,הגליל העליון,ממלכתי,יהודי,2021,אנגלית,4,34,82.24,260232
east,מקיף עמק החולה,הגליל העליון,ממלכתי,יהודי,2021,אנגלית,5,98,89.65,260232
east,מקיף עמק החולה,הגליל העליון,ממלכתי,יהודי,2022,אנגלית,3,22,74.36,260232
east,מקיף עמק החולה,הגליל העליון,ממלכתי,יהודי,2022,אנגלית,4,47,81.3,260232
east,מקיף עמק החולה,הגליל העליון,ממלכתי,יהודי,2022,אנגלית,5,95,89.02,260232
east,מקיף עמק החולה,הגליל העליון,ממלכתי,יהודי,2023,אנגלית,3,16,69.63,260232
east,מקיף עמק החולה,הגליל העליון,ממלכתי,יהודי,2023,אנגלית,4,36,78.06,260232
east,מקיף עמק החולה,הגליל העליון,ממלכתי,יהודי,2023,אנגלית,5,77,88.96,260232
east,מקיף עמק החולה,הגליל העליון,ממלכתי,יהודי,2021,ביולוגיה,5,22,84.23,260232
east,מקיף עמק החולה,הגליל העליון,ממלכתי,יהודי,2022,ביולוגיה,5,25,82.52,260232
east,מקיף עמק החולה,הגליל העליון,ממלכתי,יהודי,2023,ביולוגיה,5,20,80.05,260232
east,מקיף עמק החולה,הגליל העליון,ממלכתי,יהודי,2021,בקרת מכונות,5,17,91.12,260232
east,מקיף עמק החולה,הגליל העליון,ממלכתי,יהודי,2022,בקרת מכונות,5,19,84.21,260232
east,מקיף עמק החולה,הגליל העליון,ממלכתי,יהודי,2023,בקרת מכונות,5,17,78.35,260232
east,מקיף עמק החולה,הגליל העליון,ממלכתי,יהודי,2021,גאוגרפיה,5,24,75.33,260232
east,מקיף עמק החולה,הגליל העליון,ממלכתי,יהודי,2022,גאוגרפיה,5,30,73.97,260232
east,מקיף עמק החולה,הגליל העליון,ממלכתי,יהודי,2023,גאוגרפיה,5,18,70.89,260232
east,מקיף עמק החולה,הגליל העליון,ממלכתי,יהודי,2021,הסטוריה,2,151,77.25,260232
east,מקיף עמק החולה,הגליל העליון,ממלכתי,יהודי,2022,הסטוריה,2,159,77.45,260232
east,מקיף עמק החולה,הגליל העליון,ממלכתי,יהודי,2023,הסטוריה,2,125,72.2,260232
east,מקיף עמק החולה,הגליל העליון,ממלכתי,יהודי,2022,חנוך גופני,5,13,83.08,260232
east,מקיף עמק החולה,הגליל העליון,ממלכתי,יהודי,2023,חנוך גופני,5,12,83,260232
east,מקיף עמק החולה,הגליל העליון,ממלכתי,יהודי,2023,טלוויזיה וקולנוע,5,14,76.93,260232
east,מקיף עמק החולה,הגליל העליון,ממלכתי,יהודי,2021,כימיה,5,23,90.26,260232
east,מקיף עמק החולה,הגליל העליון,ממלכתי,יהודי,2022,כימיה,5,23,88.61,260232
east,מקיף עמק החולה,הגליל העליון,ממלכתי,יהודי,2022,מדעי המחשב,5,11,84.91,260232
east,מקיף עמק החולה,הגליל העליון,ממלכתי,יהודי,2021,מכטרוניקה,5,17,81.18,260232
east,מקיף עמק החולה,הגליל העליון,ממלכתי,יהודי,2022,מכטרוניקה,5,16,83.63,260232
east,מקיף עמק החולה,הגליל העליון,ממלכתי,יהודי,2023,מכטרוניקה,5,11,77.36,260232
east,מקיף עמק החולה,הגליל העליון,ממלכתי,יהודי,2021,מנהל וכלכלה,5,18,74,260232
east,מקיף עמק החולה,הגליל העליון,ממלכתי,יהודי,2022,מנהל וכלכלה,5,22,77.32,260232
east,מקיף עמק החולה,הגליל העליון,ממלכתי,יהודי,2021,מתמטיקה,3,71,83.03,260232
east,מקיף עמק החולה,הגליל העליון,ממלכתי,יהודי,2021,מתמטיקה,4,42,81.64,260232
east,מקיף עמק החולה,הגליל העליון,ממלכתי,יהודי,2021,מתמטיקה,5,28,81.39,260232
east,מקיף עמק החולה,הגליל העליון,ממלכתי,יהודי,2022,מתמטיקה,3,85,78.73,260232
east,מקיף עמק החולה,הגליל העליון,ממלכתי,יהודי,2022,מתמטיקה,4,37,83.59,260232
east,מקיף עמק החולה,הגליל העליון,ממלכתי,יהודי,2022,מתמטיקה,5,31,80.55,260232
east,מקיף עמק החולה,הגליל העליון,ממלכתי,יהודי,2023,מתמטיקה,3,75,79.79,260232
east,מקיף עמק החולה,הגליל העליון,ממלכתי,יהודי,2023,מתמטיקה,4,23,81,260232
east,מקיף עמק החולה,הגליל העליון,ממלכתי,יהודי,2023,מתמטיקה,5,15,80.07,260232
east,מקיף עמק החולה,הגליל העליון,ממלכתי,יהודי,2021,ניהול משאבי אנוש,3,13,79.62,260232
east,מקיף עמק החולה,הגליל העליון,ממלכתי,יהודי,2022,ניהול משאבי אנוש,3,16,66.88,260232
east,מקיף עמק החולה,הגליל העליון,ממלכתי,יהודי,2023,ניהול משאבי אנוש,3,11,67,260232
east,מקיף עמק החולה,הגליל העליון,ממלכתי,יהודי,2021,ספרות,2,153,78.97,260232
east,מקיף עמק החולה,הגליל העליון,ממלכתי,יהודי,2022,ספרות,2,158,77.06,260232
east,מקיף עמק החולה,הגליל העליון,ממלכתי,יהודי,2023,ספרות,2,123,66.22,260232
east,מקיף עמק החולה,הגליל העליון,ממלכתי,יהודי,2021,עברית )לשון והבעה(,2,148,76.34,260232
east,מקיף עמק החולה,הגליל העליון,ממלכתי,יהודי,2022,עברית )לשון והבעה(,2,159,76.74,260232
east,מקיף עמק החולה,הגליל העליון,ממלכתי,יהודי,2023,עברית )לשון והבעה(,2,127,72.21,260232
east,מקיף עמק החולה,הגליל העליון,ממלכתי,יהודי,2021,ערבית לבי'ס יהודי,5,17,87.47,260232
east,מקיף עמק החולה,הגליל העליון,ממלכתי,יהודי,2022,ערבית לבי'ס יהודי,5,15,88.07,260232
east,מקיף עמק החולה,הגליל העליון,ממלכתי,יהודי,2021,פיסיקה,5,12,88.75,260232
east,מקיף עמק החולה,הגליל העליון,ממלכתי,יהודי,2022,פיסיקה,5,13,87.46,260232
east,מקיף עמק החולה,הגליל העליון,ממלכתי,יהודי,2023,פיסיקה,5,13,90.54,260232
east,מקיף עמק החולה,הגליל העליון,ממלכתי,יהודי,2021,תאטרון,5,16,89.81,260232
east,מקיף עמק החולה,הגליל העליון,ממלכתי,יהודי,2023,תאטרון,5,14,93.29,260232
east,מקיף עמק החולה,הגליל העליון,ממלכתי,יהודי,2021,תנ'ך,2,123,78.95,260232
east,מקיף עמק החולה,הגליל העליון,ממלכתי,יהודי,2021,תנ'ך,5,28,86.14,260232
east,מקיף עמק החולה,הגליל העליון,ממלכתי,יהודי,2022,תנ'ך,2,134,78.49,260232
east,מקיף עמק החולה,הגליל העליון,ממלכתי,יהודי,2022,תנ'ך,5,27,88,260232
east,מקיף עמק החולה,הגליל העליון,ממלכתי,יהודי,2023,תנ'ך,2,99,75.77,260232
east,מקיף עמק החולה,הגליל העליון,ממלכתי,יהודי,2023,תנ'ך,5,25,86.64,260232
east,מקיף הר וגיא,הגליל העליון,ממלכתי,יהודי,2021,אזרחות,2,152,72.01,260307
east,מקיף הר וגיא,הגליל העליון,ממלכתי,יהודי,2022,אזרחות,2,137,75.36,260307
east,מקיף הר וגיא,הגליל העליון,ממלכתי,יהודי,2023,אזרחות,2,147,78.97,260307
east,מקיף הר וגיא,הגליל העליון,ממלכתי,יהודי,2021,אלקטרוניקה ומחשבים,5,14,92.43,260307
east,מקיף הר וגיא,הגליל העליון,ממלכתי,יהודי,2022,אמנות שימושית,5,11,90.36,260307
east,מקיף הר וגיא,הגליל העליון,ממלכתי,יהודי,2021,אנגלית,3,13,77.08,260307
east,מקיף הר וגיא,הגליל העליון,ממלכתי,יהודי,2021,אנגלית,4,55,82.67,260307
east,מקיף הר וגיא,הגליל העליון,ממלכתי,יהודי,2021,אנגלית,5,88,86.48,260307
east,מקיף הר וגיא,הגליל העליון,ממלכתי,יהודי,2022,אנגלית,3,19,70.26,260307
east,מקיף הר וגיא,הגליל העליון,ממלכתי,יהודי,2022,אנגלית,4,35,81.8,260307
east,מקיף הר וגיא,הגליל העליון,ממלכתי,יהודי,2022,אנגלית,5,85,89.76,260307
east,מקיף הר וגיא,הגליל העליון,ממלכתי,יהודי,2023,אנגלית,3,16,77.44,260307
east,מקיף הר וגיא,הגליל העליון,ממלכתי,יהודי,2023,אנגלית,4,52,76.71,260307
east,מקיף הר וגיא,הגליל העליון,ממלכתי,יהודי,2023,אנגלית,5,86,86.95,260307
east,מקיף הר וגיא,הגליל העליון,ממלכתי,יהודי,2021,ביולוגיה,5,19,75.32,260307
east,מקיף הר וגיא,הגליל העליון,ממלכתי,יהודי,2022,ביולוגיה,5,23,83.13,260307
east,מקיף הר וגיא,הגליל העליון,ממלכתי,יהודי,2023,ביולוגיה,5,36,73.53,260307
east,מקיף הר וגיא,הגליל העליון,ממלכתי,יהודי,2021,גאוגרפיה,5,40,82.55,260307
east,מקיף הר וגיא,הגליל העליון,ממלכתי,יהודי,2023,גאוגרפיה,5,30,71.17,260307
east,מקיף הר וגיא,הגליל העליון,ממלכתי,יהודי,2021,הסטוריה,2,156,79.51,260307
east,מקיף הר וגיא,הגליל העליון,ממלכתי,יהודי,2022,הסטוריה,2,137,82.95,260307
east,מקיף הר וגיא,הגליל העליון,ממלכתי,יהודי,2023,הסטוריה,2,159,81.31,260307
east,מקיף הר וגיא,הגליל העליון,ממלכתי,יהודי,2021,הפקות בתקשורת,3,16,80.94,260307
east,מקיף הר וגיא,הגליל העליון,ממלכתי,יהודי,2022,הפקות בתקשורת,3,20,81.5,260307
east,מקיף הר וגיא,הגליל העליון,ממלכתי,יהודי,2023,הפקות בתקשורת,3,19,87.47,260307
east,מקיף הר וגיא,הגליל העליון,ממלכתי,יהודי,2022,חנוך גופני,5,21,85.52,260307
east,מקיף הר וגיא,הגליל העליון,ממלכתי,יהודי,2021,ישומים בביוטכנולוגיה,5,12,94,260307
east,מקיף הר וגיא,הגליל העליון,ממלכתי,יהודי,2023,ישומים בביוטכנולוגיה,5,15,84.73,260307
east,מקיף הר וגיא,הגליל העליון,ממלכתי,יהודי,2021,כימיה,5,17,87.65,260307
east,מקיף הר וגיא,הגליל העליון,ממלכתי,יהודי,2021,מדעי המחשב,5,12,83.33,260307
east,מקיף הר וגיא,הגליל העליון,ממלכתי,יהודי,2023,מדעי המחשב,5,11,83.45,260307
east,מקיף הר וגיא,הגליל העליון,ממלכתי,יהודי,2021,מנהל תיירותי,3,16,72.06,260307
east,מקיף הר וגיא,הגליל העליון,ממלכתי,יהודי,2023,מנהל תיירותי,3,15,73.93,260307
east,מקיף הר וגיא,הגליל העליון,ממלכתי,יהודי,2021,מערכות אלקטרוניות,5,11,88.36,260307
east,מקיף הר וגיא,הגליל העליון,ממלכתי,יהודי,2021,מערכות ביוטכנולוגיה,5,12,87.67,260307
east,מקיף הר וגיא,הגליל העליון,ממלכתי,יהודי,2023,מערכות ביוטכנולוגיה,5,15,86,260307
east,מקיף הר וגיא,הגליל העליון,ממלכתי,יהודי,2021,מתמטיקה,3,78,83.05,260307
east,מקיף הר וגיא,הגליל העליון,ממלכתי,יהודי,2021,מתמטיקה,4,38,77.89,260307
east,מקיף הר וגיא,הגליל העליון,ממלכתי,יהודי,2021,מתמטיקה,5,29,83.21,260307
east,מקיף הר וגיא,הגליל העליון,ממלכתי,יהודי,2022,מתמטיקה,3,68,85.35,260307
east,מקיף הר וגיא,הגליל העליון,ממלכתי,יהודי,2022,מתמטיקה,4,39,83.21,260307
east,מקיף הר וגיא,הגליל העליון,ממלכתי,יהודי,2022,מתמטיקה,5,23,84.52,260307
east,מקיף הר וגיא,הגליל העליון,ממלכתי,יהודי,2023,מתמטיקה,3,72,77.83,260307
east,מקיף הר וגיא,הגליל העליון,ממלכתי,יהודי,2023,מתמטיקה,4,43,80.35,260307
east,מקיף הר וגיא,הגליל העליון,ממלכתי,יהודי,2023,מתמטיקה,5,33,79.91,260307
east,מקיף הר וגיא,הגליל העליון,ממלכתי,יהודי,2021,ספרות,2,151,73.44,260307
east,מקיף הר וגיא,הגליל העליון,ממלכתי,יהודי,2022,ספרות,2,137,67.85,260307
east,מקיף הר וגיא,הגליל העליון,ממלכתי,יהודי,2023,ספרות,2,154,73.78,260307
east,מקיף הר וגיא,הגליל העליון,ממלכתי,יהודי,2021,עברית )לשון והבעה(,2,161,75.06,260307
east,מקיף הר וגיא,הגליל העליון,ממלכתי,יהודי,2022,עברית )לשון והבעה(,2,134,78.87,260307
east,מקיף הר וגיא,הגליל העליון,ממלכתי,יהודי,2023,עברית )לשון והבעה(,2,161,72.72,260307
east,מקיף הר וגיא,הגליל העליון,ממלכתי,יהודי,2021,ערבית לבי'ס יהודי,5,11,84.82,260307
east,מקיף הר וגיא,הגליל העליון,ממלכתי,יהודי,2022,ערבית לבי'ס יהודי,5,12,83.25,260307
east,מקיף הר וגיא,הגליל העליון,ממלכתי,יהודי,2021,פיסיקה,5,22,83.27,260307
east,מקיף הר וגיא,הגליל העליון,ממלכתי,יהודי,2022,פיסיקה,5,12,87.42,260307
east,מקיף הר וגיא,הגליל העליון,ממלכתי,יהודי,2023,פיסיקה,5,23,87,260307
east,מקיף הר וגיא,הגליל העליון,ממלכתי,יהודי,2021,תאטרון,5,17,90.71,260307
east,מקיף הר וגיא,הגליל העליון,ממלכתי,יהודי,2022,תאטרון,5,24,90.63,260307
east,מקיף הר וגיא,הגליל העליון,ממלכתי,יהודי,2023,תאטרון,5,16,90.56,260307
east,מקיף הר וגיא,הגליל העליון,ממלכתי,יהודי,2021,תולדות הערבים והאיסל,5,14,71.29,260307
east,מקיף הר וגיא,הגליל העליון,ממלכתי,יהודי,2022,תולדות הערבים והאיסל,5,26,78.69,260307
east,מקיף הר וגיא,הגליל העליון,ממלכתי,יהודי,2023,תולדות הערבים והאיסל,5,22,79.36,260307
east,מקיף הר וגיא,הגליל העליון,ממלכתי,יהודי,2022,תושבע'פ ומשפט עברי,5,14,91.21,260307
east,מקיף הר וגיא,הגליל העליון,ממלכתי,יהודי,2021,תיירות,5,18,74.33,260307
east,מקיף הר וגיא,הגליל העליון,ממלכתי,יהודי,2022,תיירות,5,19,78.47,260307
east,מקיף הר וגיא,הגליל העליון,ממלכתי,יהודי,2023,תיירות,5,19,77.58,260307
east,מקיף הר וגיא,הגליל העליון,ממלכתי,יהודי,2022,תכנון ותכנות מערכות,5,11,96.09,260307
east,מקיף הר וגיא,הגליל העליון,ממלכתי,יהודי,2021,תנ'ך,2,159,76.43,260307
east,מקיף הר וגיא,הגליל העליון,ממלכתי,יהודי,2022,תנ'ך,2,138,76.4,260307
east,מקיף הר וגיא,הגליל העליון,ממלכתי,יהודי,2023,תנ'ך,2,159,77.36,260307
east,מקיף הר וגיא,הגליל העליון,ממלכתי,יהודי,2021,תקשורת וחברה,5,13,86.08,260307
east,מקיף הר וגיא,הגליל העליון,ממלכתי,יהודי,2022,תקשורת וחברה,5,21,84,260307
east,מקיף אנה פרנק,הגליל העליון,ממלכתי,יהודי,2021,אזרחות,2,80,73.85,280115
east,מקיף אנה פרנק,הגליל העליון,ממלכתי,יהודי,2022,אזרחות,2,59,79.83,280115
east,מקיף אנה פרנק,הגליל העליון,ממלכתי,יהודי,2023,אזרחות,2,78,76.69,280115
east,מקיף אנה פרנק,הגליל העליון,ממלכתי,יהודי,2021,אנגלית,3,20,67.95,280115
east,מקיף אנה פרנק,הגליל העליון,ממלכתי,יהודי,2021,אנגלית,4,28,72.71,280115
east,מקיף אנה פרנק,הגליל העליון,ממלכתי,יהודי,2021,אנגלית,5,33,88.97,280115
east,מקיף אנה פרנק,הגליל העליון,ממלכתי,יהודי,2022,אנגלית,4,15,68.4,280115
east,מקיף אנה פרנק,הגליל העליון,ממלכתי,יהודי,2022,אנגלית,5,37,87.35,280115
east,מקיף אנה פרנק,הגליל העליון,ממלכתי,יהודי,2023,אנגלית,3,14,70.36,280115
east,מקיף אנה פרנק,הגליל העליון,ממלכתי,יהודי,2023,אנגלית,4,19,72.63,280115
east,מקיף אנה פרנק,הגליל העליון,ממלכתי,יהודי,2023,אנגלית,5,47,82.66,280115
east,מקיף אנה פרנק,הגליל העליון,ממלכתי,יהודי,2021,ביולוגיה,5,20,78.35,280115
east,מקיף אנה פרנק,הגליל העליון,ממלכתי,יהודי,2022,ביולוגיה,5,22,83.77,280115
east,מקיף אנה פרנק,הגליל העליון,ממלכתי,יהודי,2023,ביולוגיה,5,25,71.6,280115
east,מקיף אנה פרנק,הגליל העליון,ממלכתי,יהודי,2021,הסטוריה,2,80,71.86,280115
east,מקיף אנה פרנק,הגליל העליון,ממלכתי,יהודי,2022,הסטוריה,2,59,80.69,280115
east,מקיף אנה פרנק,הגליל העליון,ממלכתי,יהודי,2023,הסטוריה,2,81,77.26,280115
east,מקיף אנה פרנק,הגליל העליון,ממלכתי,יהודי,2021,כימיה,5,12,78.08,280115
east,מקיף אנה פרנק,הגליל העליון,ממלכתי,יהודי,2021,מוסיקה,5,12,87.25,280115
east,מקיף אנה פרנק,הגליל העליון,ממלכתי,יהודי,2023,מוסיקה,5,13,95.08,280115
east,מקיף אנה פרנק,הגליל העליון,ממלכתי,יהודי,2021,מכניקה הנדסית,5,15,82.07,280115
east,מקיף אנה פרנק,הגליל העליון,ממלכתי,יהודי,2022,מכניקה הנדסית,5,13,85.46,280115
east,מקיף אנה פרנק,הגליל העליון,ממלכתי,יהודי,2023,מכניקה הנדסית,5,11,79.45,280115
east,מקיף אנה פרנק,הגליל העליון,ממלכתי,יהודי,2021,"מערכות תיב""מ",5,13,87,280115
east,מקיף אנה פרנק,הגליל העליון,ממלכתי,יהודי,2022,"מערכות תיב""מ",5,13,85.92,280115
east,מקיף אנה פרנק,הגליל העליון,ממלכתי,יהודי,2021,מתמטיקה,3,54,74.26,280115
east,מקיף אנה פרנק,הגליל העליון,ממלכתי,יהודי,2021,מתמטיקה,4,13,78.92,280115
east,מקיף אנה פרנק,הגליל העליון,ממלכתי,יהודי,2021,מתמטיקה,5,13,81,280115
east,מקיף אנה פרנק,הגליל העליון,ממלכתי,יהודי,2022,מתמטיקה,3,32,79.69,280115
east,מקיף אנה פרנק,הגליל העליון,ממלכתי,יהודי,2022,מתמטיקה,4,15,82.13,280115
east,מקיף אנה פרנק,הגליל העליון,ממלכתי,יהודי,2022,מתמטיקה,5,12,84.92,280115
east,מקיף אנה פרנק,הגליל העליון,ממלכתי,יהודי,2023,מתמטיקה,3,45,69.96,280115
east,מקיף אנה פרנק,הגליל העליון,ממלכתי,יהודי,2023,מתמטיקה,4,13,75.92,280115
east,מקיף אנה פרנק,הגליל העליון,ממלכתי,יהודי,2023,מתמטיקה,5,18,81.94,280115
east,מקיף אנה פרנק,הגליל העליון,ממלכתי,יהודי,2021,ספרות,2,81,76.88,280115
east,מקיף אנה פרנק,הגליל העליון,ממלכתי,יהודי,2022,ספרות,2,59,81.54,280115
east,מקיף אנה פרנק,הגליל העליון,ממלכתי,יהודי,2023,ספרות,2,78,80.31,280115
east,מקיף אנה פרנק,הגליל העליון,ממלכתי,יהודי,2021,עברית )לשון והבעה(,2,82,74.07,280115
east,מקיף אנה פרנק,הגליל העליון,ממלכתי,יהודי,2022,עברית )לשון והבעה(,2,59,80.41,280115
east,מקיף אנה פרנק,הגליל העליון,ממלכתי,יהודי,2023,עברית )לשון והבעה(,2,83,74.13,280115
east,מקיף אנה פרנק,הגליל העליון,ממלכתי,יהודי,2021,פיסיקה,5,13,91.54,280115
east,מקיף אנה פרנק,הגליל העליון,ממלכתי,יהודי,2023,פיסיקה,5,14,92.86,280115
east,מקיף אנה פרנק,הגליל העליון,ממלכתי,יהודי,2021,תאטרון,5,16,89.81,280115
east,מקיף אנה פרנק,הגליל העליון,ממלכתי,יהודי,2022,תאטרון,5,16,88.69,280115
east,מקיף אנה פרנק,הגליל העליון,ממלכתי,יהודי,2023,תאטרון,5,22,89.91,280115
east,מקיף אנה פרנק,הגליל העליון,ממלכתי,יהודי,2021,תנ'ך,2,79,77.81,280115
east,מקיף אנה פרנק,הגליל העליון,ממלכתי,יהודי,2022,תנ'ך,2,59,81.44,280115
east,מקיף אנה פרנק,הגליל העליון,ממלכתי,יהודי,2023,תנ'ך,2,83,78.99,280115
east,מקיף אנה פרנק,הגליל העליון,ממלכתי,יהודי,2021,תקשורת )בנתיב העיוני,5,21,80.19,280115
east,מקיף אנה פרנק,הגליל העליון,ממלכתי,יהודי,2023,תקשורת )בנתיב העיוני,5,19,76.47,280115
east,דרכא נופי גולן,קצרין,ממלכתי,יהודי,2021,אופטיקה יישומית,5,12,83.25,240499
east,דרכא נופי גולן,קצרין,ממלכתי,יהודי,2021,אזרחות,2,111,72.7,240499
east,דרכא נופי גולן,קצרין,ממלכתי,יהודי,2022,אזרחות,2,105,73.73,240499
east,דרכא נופי גולן,קצרין,ממלכתי,יהודי,2023,אזרחות,2,124,72.09,240499
east,דרכא נופי גולן,קצרין,ממלכתי,יהודי,2021,אמנות שימושית,5,13,89.69,240499
east,דרכא נופי גולן,קצרין,ממלכתי,יהודי,2022,אמנות שימושית,5,11,89.18,240499
east,דרכא נופי גולן,קצרין,ממלכתי,יהודי,2021,אנגלית,3,11,77.09,240499
east,דרכא נופי גולן,קצרין,ממלכתי,יהודי,2021,אנגלית,4,60,77.68,240499
east,דרכא נופי גולן,קצרין,ממלכתי,יהודי,2021,אנגלית,5,39,86.08,240499
east,דרכא נופי גולן,קצרין,ממלכתי,יהודי,2022,אנגלית,3,16,77.81,240499
east,דרכא נופי גולן,קצרין,ממלכתי,יהודי,2022,אנגלית,4,49,82.71,240499
east,דרכא נופי גולן,קצרין,ממלכתי,יהודי,2022,אנגלית,5,43,88.07,240499
east,דרכא נופי גולן,קצרין,ממלכתי,יהודי,2023,אנגלית,3,16,73.5,240499
east,דרכא נופי גולן,קצרין,ממלכתי,יהודי,2023,אנגלית,4,56,81.5,240499
east,דרכא נופי גולן,קצרין,ממלכתי,יהודי,2023,אנגלית,5,49,89.71,240499
east,דרכא נופי גולן,קצרין,ממלכתי,יהודי,2021,ביולוגיה,5,13,83.15,240499
east,דרכא נופי גולן,קצרין,ממלכתי,יהודי,2022,ביולוגיה,5,21,77.86,240499
east,דרכא נופי גולן,קצרין,ממלכתי,יהודי,2023,ביולוגיה,5,20,77.2,240499
east,דרכא נופי גולן,קצרין,ממלכתי,יהודי,2021,גאוגרפיה,5,21,78.05,240499
east,דרכא נופי גולן,קצרין,ממלכתי,יהודי,2022,גאוגרפיה,5,21,78.14,240499
east,דרכא נופי גולן,קצרין,ממלכתי,יהודי,2023,גאוגרפיה,5,19,68.21,240499
east,דרכא נופי גולן,קצרין,ממלכתי,יהודי,2021,הסטוריה,2,103,76.08,240499
east,דרכא נופי גולן,קצרין,ממלכתי,יהודי,2022,הסטוריה,2,106,77.26,240499
east,דרכא נופי גולן,קצרין,ממלכתי,יהודי,2023,הסטוריה,2,121,70.86,240499
east,דרכא נופי גולן,קצרין,ממלכתי,יהודי,2021,חנוך גופני,5,12,81.42,240499
east,דרכא נופי גולן,קצרין,ממלכתי,יהודי,2022,חנוך גופני,5,21,83.1,240499
east,דרכא נופי גולן,קצרין,ממלכתי,יהודי,2023,חנוך גופני,5,25,75.36,240499
east,דרכא נופי גולן,קצרין,ממלכתי,יהודי,2021,חקלאות,5,13,60.23,240499
east,דרכא נופי גולן,קצרין,ממלכתי,יהודי,2022,חקלאות,5,18,73.39,240499
east,דרכא נופי גולן,קצרין,ממלכתי,יהודי,2023,חקלאות,5,16,59.38,240499
east,דרכא נופי גולן,קצרין,ממלכתי,יהודי,2021,טלוויזיה וקולנוע,5,12,89.75,240499
east,דרכא נופי גולן,קצרין,ממלכתי,יהודי,2022,כימיה,5,11,79.27,240499
east,דרכא נופי גולן,קצרין,ממלכתי,יהודי,2021,מדעי החברה,5,16,86.5,240499
east,דרכא נופי גולן,קצרין,ממלכתי,יהודי,2022,מדעי החברה,5,21,86.29,240499
east,דרכא נופי גולן,קצרין,ממלכתי,יהודי,2023,מדעי החברה,5,24,83,240499
east,דרכא נופי גולן,קצרין,ממלכתי,יהודי,2021,"מחשבת ישראל לבי""ס כל",5,17,84.71,240499
east,דרכא נופי גולן,קצרין,ממלכתי,יהודי,2022,"מחשבת ישראל לבי""ס כל",5,12,83.92,240499
east,דרכא נופי גולן,קצרין,ממלכתי,יהודי,2023,"מחשבת ישראל לבי""ס כל",5,23,84.7,240499
east,דרכא נופי גולן,קצרין,ממלכתי,יהודי,2021,מתמטיקה,3,74,83.14,240499
east,דרכא נופי גולן,קצרין,ממלכתי,יהודי,2021,מתמטיקה,4,22,77.73,240499
east,דרכא נופי גולן,קצרין,ממלכתי,יהודי,2021,מתמטיקה,5,11,82,240499
east,דרכא נופי גולן,קצרין,ממלכתי,יהודי,2022,מתמטיקה,3,55,82.53,240499
east,דרכא נופי גולן,קצרין,ממלכתי,יהודי,2022,מתמטיקה,4,30,80.1,240499
east,דרכא נופי גולן,קצרין,ממלכתי,יהודי,2022,מתמטיקה,5,14,81.14,240499
east,דרכא נופי גולן,קצרין,ממלכתי,יהודי,2023,מתמטיקה,3,80,82,240499
east,דרכא נופי גולן,קצרין,ממלכתי,יהודי,2023,מתמטיקה,4,19,78.68,240499
east,דרכא נופי גולן,קצרין,ממלכתי,יהודי,2023,מתמטיקה,5,13,73.46,240499
east,דרכא נופי גולן,קצרין,ממלכתי,יהודי,2021,ספרות,2,107,77.7,240499
east,דרכא נופי גולן,קצרין,ממלכתי,יהודי,2022,ספרות,2,105,79.28,240499
east,דרכא נופי גולן,קצרין,ממלכתי,יהודי,2023,ספרות,2,121,75.25,240499
east,דרכא נופי גולן,קצרין,ממלכתי,יהודי,2021,עברית )לשון והבעה(,2,109,78.81,240499
east,דרכא נופי גולן,קצרין,ממלכתי,יהודי,2022,עברית )לשון והבעה(,2,107,82.23,240499
east,דרכא נופי גולן,קצרין,ממלכתי,יהודי,2023,עברית )לשון והבעה(,2,119,74.41,240499
east,דרכא נופי גולן,קצרין,ממלכתי,יהודי,2022,פיסיקה,5,11,86,240499
east,דרכא נופי גולן,קצרין,ממלכתי,יהודי,2023,פיסיקה,5,11,81.82,240499
east,דרכא נופי גולן,קצרין,ממלכתי,יהודי,2021,תאטרון,5,15,89.27,240499
east,דרכא נופי גולן,קצרין,ממלכתי,יהודי,2022,תאטרון,5,13,93.38,240499
east,דרכא נופי גולן,קצרין,ממלכתי,יהודי,2021,תנ'ך,2,109,75.48,240499
east,דרכא נופי גולן,קצרין,ממלכתי,יהודי,2022,תנ'ך,2,108,80.09,240499
east,דרכא נופי גולן,קצרין,ממלכתי,יהודי,2023,תנ'ך,2,125,81.14,240499
east,סמינר בית יעקב צפת,צפת,חרדי,יהודי,2021,אנגלית,3,27,84.52,240721
east,סמינר בית יעקב צפת,צפת,חרדי,יהודי,2022,אנגלית,3,17,86.71,240721
east,סמינר בית יעקב צפת,צפת,חרדי,יהודי,2023,אנגלית,3,36,86.39,240721
east,סמינר בית יעקב צפת,צפת,חרדי,יהודי,2021,הסטוריה,2,32,83.38,240721
east,סמינר בית יעקב צפת,צפת,חרדי,יהודי,2022,הסטוריה,2,27,86.37,240721
east,סמינר בית יעקב צפת,צפת,חרדי,יהודי,2023,הסטוריה,2,39,79.56,240721
east,סמינר בית יעקב צפת,צפת,חרדי,יהודי,2022,חשבונאות,5,11,95.45,240721
east,סמינר בית יעקב צפת,צפת,חרדי,יהודי,2023,חשבונאות,5,19,78.58,240721
east,סמינר בית יעקב צפת,צפת,חרדי,יהודי,2021,מנהל וכלכלה,5,17,80.35,240721
east,סמינר בית יעקב צפת,צפת,חרדי,יהודי,2023,מנהל וכלכלה,5,20,96.6,240721
east,סמינר בית יעקב צפת,צפת,חרדי,יהודי,2021,מתמטיקה,3,30,85.63,240721
east,סמינר בית יעקב צפת,צפת,חרדי,יהודי,2022,מתמטיקה,3,30,79.17,240721
east,סמינר בית יעקב צפת,צפת,חרדי,יהודי,2023,מתמטיקה,3,37,84.84,240721
east,סמינר בית יעקב צפת,צפת,חרדי,יהודי,2021,עברית )לשון והבעה(,2,34,81.65,240721
east,סמינר בית יעקב צפת,צפת,חרדי,יהודי,2022,עברית )לשון והבעה(,2,30,84.7,240721
east,סמינר בית יעקב צפת,צפת,חרדי,יהודי,2023,תכנון ותכנות מערכות,5,11,91.55,240721
east,"בית לוי יצחק חב""ד",צפת,חרדי,יהודי,2021,תנ'ך,3,27,82.52,240739
east,"בית לוי יצחק חב""ד",צפת,חרדי,יהודי,2022,תנ'ך,3,24,85.13,240739
east,"בית לוי יצחק חב""ד",צפת,חרדי,יהודי,2023,תנ'ך,3,46,81.46,240739
east,כנפי יונה,צפת,חרדי,יהודי,2021,אזרחות,2,43,74.53,373357
east,כנפי יונה,צפת,חרדי,יהודי,2022,אזרחות,2,30,81.1,373357
east,כנפי יונה,צפת,חרדי,יהודי,2023,אזרחות,2,25,67.2,373357
east,כנפי יונה,צפת,חרדי,יהודי,2021,אנגלית,3,30,80.2,373357
east,כנפי יונה,צפת,חרדי,יהודי,2021,אנגלית,4,11,88,373357
east,כנפי יונה,צפת,חרדי,יהודי,2022,אנגלית,3,19,82.16,373357
east,כנפי יונה,צפת,חרדי,יהודי,2023,אנגלית,3,15,79.33,373357
east,כנפי יונה,צפת,חרדי,יהודי,2021,הסטוריה,2,44,84.41,373357
east,כנפי יונה,צפת,חרדי,יהודי,2022,הסטוריה,2,32,75.75,373357
east,כנפי יונה,צפת,חרדי,יהודי,2023,הסטוריה,2,24,74.38,373357
east,כנפי יונה,צפת,חרדי,יהודי,2022,חשבונאות,5,19,81.58,373357
east,כנפי יונה,צפת,חרדי,יהודי,2021,יהדות,5,43,78.81,373357
east,כנפי יונה,צפת,חרדי,יהודי,2022,יהדות,5,27,82.26,373357
east,כנפי יונה,צפת,חרדי,יהודי,2023,יהדות,5,24,66.75,373357
east,כנפי יונה,צפת,חרדי,יהודי,2022,מנהל וכלכלה,5,32,85,373357
east,כנפי יונה,צפת,חרדי,יהודי,2023,מנהל וכלכלה,5,16,79.06,373357
east,כנפי יונה,צפת,חרדי,יהודי,2021,מתמטיקה,3,27,89.93,373357
east,כנפי יונה,צפת,חרדי,יהודי,2021,מתמטיקה,4,15,87.47,373357
east,כנפי יונה,צפת,חרדי,יהודי,2022,מתמטיקה,3,20,89.75,373357
east,כנפי יונה,צפת,חרדי,יהודי,2023,מתמטיקה,3,19,72.53,373357
east,כנפי יונה,צפת,חרדי,יהודי,2022,ניהול משאבי אנוש,3,12,81.83,373357
east,כנפי יונה,צפת,חרדי,יהודי,2023,ניהול משאבי אנוש,3,13,79.85,373357
east,כנפי יונה,צפת,חרדי,יהודי,2021,ספרות,2,44,81.25,373357
east,כנפי יונה,צפת,חרדי,יהודי,2022,ספרות,2,31,76.84,373357
east,כנפי יונה,צפת,חרדי,יהודי,2023,ספרות,2,25,77.36,373357
east,כנפי יונה,צפת,חרדי,יהודי,2021,עברית )לשון והבעה(,2,43,76.93,373357
east,כנפי יונה,צפת,חרדי,יהודי,2022,עברית )לשון והבעה(,2,30,74.23,373357
east,כנפי יונה,צפת,חרדי,יהודי,2023,עברית )לשון והבעה(,2,25,64.24,373357
east,כנפי יונה,צפת,חרדי,יהודי,2021,תנ'ך,5,36,81.5,373357
east,כנפי יונה,צפת,חרדי,יהודי,2022,תנ'ך,5,29,80.55,373357
east,כנפי יונה,צפת,חרדי,יהודי,2023,תנ'ך,5,19,67.84,373357
east,סמינר כלל חסידי צפת,צפת,חרדי,יהודי,2023,אנגלית,3,29,76.24,656017
east,סמינר כלל חסידי צפת,צפת,חרדי,יהודי,2023,הסטוריה,2,29,80,656017
east,סמינר כלל חסידי צפת,צפת,חרדי,יהודי,2023,חשבונאות,5,11,79.73,656017
east,סמינר כלל חסידי צפת,צפת,חרדי,יהודי,2023,מנהל וכלכלה,5,14,85,656017
east,סמינר כלל חסידי צפת,צפת,חרדי,יהודי,2023,מתמטיקה,3,28,75.89,656017
east,סמינר כלל חסידי צפת,צפת,חרדי,יהודי,2023,עברית )לשון והבעה(,2,12,80.25,656017
east,כרם חיה מושקא,קרית שמונה,חרדי,יהודי,2023,אזרחות,2,19,87.95,643569
east,כרם חיה מושקא,קרית שמונה,חרדי,יהודי,2023,הסטוריה,2,17,86.41,643569
east,כרם חיה מושקא,קרית שמונה,חרדי,יהודי,2023,מחשבת ישראל וספרות,2,14,85,643569
east,כרם חיה מושקא,קרית שמונה,חרדי,יהודי,2023,מתמטיקה,3,16,79.13,643569
east,כרם חיה מושקא,קרית שמונה,חרדי,יהודי,2023,עברית )לשון והבעה(,2,20,74,643569
east,כרם חיה מושקא,קרית שמונה,חרדי,יהודי,2023,תנ'ך,5,13,80.38,643569
east,שש שנתי בוקעאתא,בוקעאתה,ממלכתי,דרוזי,2024,אזרחות,2,117,82.02,249219
east,שש שנתי בוקעאתא,בוקעאתה,ממלכתי,דרוזי,2024,אנגלית,3,25,73.04,249219
east,שש שנתי בוקעאתא,בוקעאתה,ממלכתי,דרוזי,2024,אנגלית,4,34,73.71,249219
east,שש שנתי בוקעאתא,בוקעאתה,ממלכתי,דרוזי,2024,אנגלית,5,58,79.16,249219
east,שש שנתי בוקעאתא,בוקעאתה,ממלכתי,דרוזי,2024,ביולוגיה,5,32,72.03,249219
east,שש שנתי בוקעאתא,בוקעאתה,ממלכתי,דרוזי,2024,גאוגרפיה,5,14,85.5,249219
east,שש שנתי בוקעאתא,בוקעאתה,ממלכתי,דרוזי,2024,הסטוריה - בי'ס דרוזי,2,62,94.39,249219
east,שש שנתי בוקעאתא,בוקעאתה,ממלכתי,דרוזי,2024,הסטוריה - בי'ס דרוזי,5,55,89.67,249219
east,שש שנתי בוקעאתא,בוקעאתה,ממלכתי,דרוזי,2024,כימיה,5,23,74.61,249219
east,שש שנתי בוקעאתא,בוקעאתה,ממלכתי,דרוזי,2024,מדעי המחשב,5,11,69.64,249219
east,שש שנתי בוקעאתא,בוקעאתה,ממלכתי,דרוזי,2024,מדעי לימודי הסביבה,5,12,62.67,249219
east,שש שנתי בוקעאתא,בוקעאתה,ממלכתי,דרוזי,2024,מנהל וכלכלה,5,19,73,249219
east,שש שנתי בוקעאתא,בוקעאתה,ממלכתי,דרוזי,2024,מתמטיקה,3,66,62.59,249219
east,שש שנתי בוקעאתא,בוקעאתה,ממלכתי,דרוזי,2024,מתמטיקה,4,41,77.34,249219
east,שש שנתי בוקעאתא,בוקעאתה,ממלכתי,דרוזי,2024,ניהול משאבי אנוש,3,22,77.68,249219
east,שש שנתי בוקעאתא,בוקעאתה,ממלכתי,דרוזי,2024,עברית בחינוך הדרוזי,3,64,62.03,249219
east,שש שנתי בוקעאתא,בוקעאתה,ממלכתי,דרוזי,2024,עברית בחינוך הדרוזי,5,53,79.36,249219
east,שש שנתי בוקעאתא,בוקעאתה,ממלכתי,דרוזי,2024,ערבית לדרוזים,3,36,69.22,249219
east,שש שנתי בוקעאתא,בוקעאתה,ממלכתי,דרוזי,2024,ערבית לדרוזים,5,81,80.26,249219
east,שש שנתי בוקעאתא,בוקעאתה,ממלכתי,דרוזי,2024,פיסיקה,5,19,76.16,249219
east,שש שנתי בוקעאתא,בוקעאתה,ממלכתי,דרוזי,2024,תכנון ותכנות מערכות,5,18,92.33,249219
east,אדם ואדמה גולן,גולן,ממלכתי,יהודי,2024,אזרחות,2,14,76.07,631309
east,אדם ואדמה גולן,גולן,ממלכתי,יהודי,2024,הסטוריה,2,13,78.23,631309
east,אדם ואדמה גולן,גולן,ממלכתי,יהודי,2024,חקלאות,5,15,84.87,631309
east,אדם ואדמה גולן,גולן,ממלכתי,יהודי,2024,מתמטיקה,3,12,82.92,631309
east,אדם ואדמה גולן,גולן,ממלכתי,יהודי,2024,ספרות,2,14,78.71,631309
east,אדם ואדמה גולן,גולן,ממלכתי,יהודי,2024,עברית )לשון והבעה(,2,13,68,631309
east,אדם ואדמה גולן,גולן,ממלכתי,יהודי,2024,תנ'ך,2,13,85.23,631309
east,תיכון פה הזהב,גוש חלב,ממלכתי,ערבי,2024,אזרחות,2,33,87.36,247098
east,תיכון פה הזהב,גוש חלב,ממלכתי,ערבי,2024,אלקטרוניקה ומחשבים,5,16,77.44,247098
east,תיכון פה הזהב,גוש חלב,ממלכתי,ערבי,2024,אנגלית,5,17,94.53,247098
east,תיכון פה הזהב,גוש חלב,ממלכתי,ערבי,2024,ביולוגיה,5,11,93.91,247098
east,תיכון פה הזהב,גוש חלב,ממלכתי,ערבי,2024,הסטוריה - בי'ס ערבי,2,33,80.61,247098
east,תיכון פה הזהב,גוש חלב,ממלכתי,ערבי,2024,מדעי לימודי הסביבה,5,17,71.24,247098
east,תיכון פה הזהב,גוש חלב,ממלכתי,ערבי,2024,מתמטיקה,3,17,79.53,247098
east,תיכון פה הזהב,גוש חלב,ממלכתי,ערבי,2024,עברית בחינוך הערבי,3,33,84,247098
east,תיכון פה הזהב,גוש חלב,ממלכתי,ערבי,2024,ערבית לערבים,3,33,84.7,247098
east,אברט חצור הגלילית,חצור הגלילית,ממלכתי,יהודי,2024,אזרחות,2,60,81.42,770776
east,אברט חצור הגלילית,חצור הגלילית,ממלכתי,יהודי,2024,אלקטרוניקה ומחשבים,5,15,72.13,770776
east,אברט חצור הגלילית,חצור הגלילית,ממלכתי,יהודי,2024,אנגלית,4,23,76.65,770776
east,אברט חצור הגלילית,חצור הגלילית,ממלכתי,יהודי,2024,אנגלית,5,26,84.69,770776
east,אברט חצור הגלילית,חצור הגלילית,ממלכתי,יהודי,2024,הסטוריה,2,63,78.37,770776
east,אברט חצור הגלילית,חצור הגלילית,ממלכתי,יהודי,2024,"מחשבת ישראל לבי""ס כל",5,22,78.77,770776
east,אברט חצור הגלילית,חצור הגלילית,ממלכתי,יהודי,2024,מערכות תקשוב,5,12,56,770776
east,אברט חצור הגלילית,חצור הגלילית,ממלכתי,יהודי,2024,מתמטיקה,3,35,72.63,770776
east,אברט חצור הגלילית,חצור הגלילית,ממלכתי,יהודי,2024,מתמטיקה,4,14,77.86,770776
east,אברט חצור הגלילית,חצור הגלילית,ממלכתי,יהודי,2024,מתמטיקה,5,11,79.36,770776
east,אברט חצור הגלילית,חצור הגלילית,ממלכתי,יהודי,2024,ספרות,2,61,77.44,770776
east,אברט חצור הגלילית,חצור הגלילית,ממלכתי,יהודי,2024,עברית )לשון והבעה(,2,58,73.97,770776
east,אברט חצור הגלילית,חצור הגלילית,ממלכתי,יהודי,2024,פיסיקה,5,11,86.91,770776
east,אברט חצור הגלילית,חצור הגלילית,ממלכתי,יהודי,2024,תנ'ך,2,63,80.46,770776
east,"קרית החינוך אמי""ת",חצור הגלילית,ממלכתי דתי,יהודי,2024,אזרחות,2,42,74.81,770784
east,"קרית החינוך אמי""ת",חצור הגלילית,ממלכתי דתי,יהודי,2024,אנגלית,4,15,72,770784
east,"קרית החינוך אמי""ת",חצור הגלילית,ממלכתי דתי,יהודי,2024,אנגלית,5,19,88.47,770784
east,"קרית החינוך אמי""ת",חצור הגלילית,ממלכתי דתי,יהודי,2024,הסטוריה,2,42,77.64,770784
east,"קרית החינוך אמי""ת",חצור הגלילית,ממלכתי דתי,יהודי,2024,מחשבת ישראל וספרות,2,42,78.52,770784
east,"קרית החינוך אמי""ת",חצור הגלילית,ממלכתי דתי,יהודי,2024,מתמטיקה,3,25,66.12,770784
east,"קרית החינוך אמי""ת",חצור הגלילית,ממלכתי דתי,יהודי,2024,מתמטיקה,4,11,83.09,770784
east,"קרית החינוך אמי""ת",חצור הגלילית,ממלכתי דתי,יהודי,2024,עברית )לשון והבעה(,2,43,70.7,770784
east,"קרית החינוך אמי""ת",חצור הגלילית,ממלכתי דתי,יהודי,2024,תושבע'פ ותלמוד,5,42,76.9,770784
east,"קרית החינוך אמי""ת",חצור הגלילית,ממלכתי דתי,יהודי,2024,תנ'ך,3,38,73.89,770784
east,עיוני מג'דל שמס,מג'דל שמס,ממלכתי,דרוזי,2024,אזרחות,2,183,83.04,247858
east,עיוני מג'דל שמס,מג'דל שמס,ממלכתי,דרוזי,2024,אנגלית,3,23,67.35,247858
east,עיוני מג'דל שמס,מג'דל שמס,ממלכתי,דרוזי,2024,אנגלית,4,64,73.52,247858
east,עיוני מג'דל שמס,מג'דל שמס,ממלכתי,דרוזי,2024,אנגלית,5,94,82.9,247858
east,עיוני מג'דל שמס,מג'דל שמס,ממלכתי,דרוזי,2024,ביולוגיה,5,49,77.94,247858
east,עיוני מג'דל שמס,מג'דל שמס,ממלכתי,דרוזי,2024,בקרת מכונות,5,15,82.53,247858
east,עיוני מג'דל שמס,מג'דל שמס,ממלכתי,דרוזי,2024,גאוגרפיה,5,17,65.94,247858
east,עיוני מג'דל שמס,מג'דל שמס,ממלכתי,דרוזי,2024,הסטוריה - בי'ס דרוזי,2,94,84.27,247858
east,עיוני מג'דל שמס,מג'דל שמס,ממלכתי,דרוזי,2024,הסטוריה - בי'ס דרוזי,5,89,94.42,247858
east,עיוני מג'דל שמס,מג'דל שמס,ממלכתי,דרוזי,2024,חנוך גופני,5,12,67.92,247858
east,עיוני מג'דל שמס,מג'דל שמס,ממלכתי,דרוזי,2024,כימיה,5,17,74.29,247858
east,עיוני מג'דל שמס,מג'דל שמס,ממלכתי,דרוזי,2024,מדעי הבריאות,5,23,83.3,247858
east,עיוני מג'דל שמס,מג'דל שמס,ממלכתי,דרוזי,2024,מדעי המחשב,5,46,77.24,247858
east,עיוני מג'דל שמס,מג'דל שמס,ממלכתי,דרוזי,2024,מכטרוניקה,5,15,77.2,247858
east,עיוני מג'דל שמס,מג'דל שמס,ממלכתי,דרוזי,2024,מערכות רפואיות,5,23,92.43,247858
east,עיוני מג'דל שמס,מג'דל שמס,ממלכתי,דרוזי,2024,מערכות תקשוב,5,11,76.36,247858
east,עיוני מג'דל שמס,מג'דל שמס,ממלכתי,דרוזי,2024,מתמטיקה,3,65,70.71,247858
east,עיוני מג'דל שמס,מג'דל שמס,ממלכתי,דרוזי,2024,מתמטיקה,4,68,78.19,247858
east,עיוני מג'דל שמס,מג'דל שמס,ממלכתי,דרוזי,2024,מתמטיקה,5,49,81.24,247858
east,עיוני מג'דל שמס,מג'דל שמס,ממלכתי,דרוזי,2024,עברית בחינוך הדרוזי,3,107,63.41,247858
east,עיוני מג'דל שמס,מג'דל שמס,ממלכתי,דרוזי,2024,עברית בחינוך הדרוזי,5,74,84.88,247858
east,עיוני מג'דל שמס,מג'דל שמס,ממלכתי,דרוזי,2024,ערבית לדרוזים,3,110,76.65,247858
east,עיוני מג'דל שמס,מג'דל שמס,ממלכתי,דרוזי,2024,ערבית לדרוזים,5,71,87.65,247858
east,עיוני מג'דל שמס,מג'דל שמס,ממלכתי,דרוזי,2024,פיסיקה,5,56,77.96,247858
east,עיוני מג'דל שמס,מג'דל שמס,ממלכתי,דרוזי,2024,תכנון ותכנות מערכות,5,46,89.78,247858
east,תיכון מסעדה,מסעדה,ממלכתי,דרוזי,2024,אזרחות,2,126,76.19,247817
east,תיכון מסעדה,מסעדה,ממלכתי,דרוזי,2024,אנגלית,3,24,69.88,247817
east,תיכון מסעדה,מסעדה,ממלכתי,דרוזי,2024,אנגלית,4,52,65.58,247817
east,תיכון מסעדה,מסעדה,ממלכתי,דרוזי,2024,אנגלית,5,48,79.29,247817
east,תיכון מסעדה,מסעדה,ממלכתי,דרוזי,2024,ביולוגיה,5,39,71.56,247817
east,תיכון מסעדה,מסעדה,ממלכתי,דרוזי,2024,גאוגרפיה,5,18,74.33,247817
east,תיכון מסעדה,מסעדה,ממלכתי,דרוזי,2024,הסטוריה - בי'ס דרוזי,2,125,91.58,247817
east,תיכון מסעדה,מסעדה,ממלכתי,דרוזי,2024,חנוך גופני,5,31,82.42,247817
east,תיכון מסעדה,מסעדה,ממלכתי,דרוזי,2024,ישומים בביוטכנולוגיה,5,24,93.58,247817
east,תיכון מסעדה,מסעדה,ממלכתי,דרוזי,2024,כימיה,5,17,75.41,247817
east,תיכון מסעדה,מסעדה,ממלכתי,דרוזי,2024,מדעי המחשב,3,22,72.09,247817
east,תיכון מסעדה,מסעדה,ממלכתי,דרוזי,2024,מנהל וכלכלה,5,15,68.07,247817
east,תיכון מסעדה,מסעדה,ממלכתי,דרוזי,2024,מערכות ביוטכנולוגיה,5,23,79.17,247817
east,תיכון מסעדה,מסעדה,ממלכתי,דרוזי,2024,מתמטיקה,3,72,62.26,247817
east,תיכון מסעדה,מסעדה,ממלכתי,דרוזי,2024,מתמטיקה,4,42,77.45,247817
east,תיכון מסעדה,מסעדה,ממלכתי,דרוזי,2024,ניהול משאבי אנוש,3,15,88.33,247817
east,תיכון מסעדה,מסעדה,ממלכתי,דרוזי,2024,עברית בחינוך הדרוזי,3,49,60.02,247817
east,תיכון מסעדה,מסעדה,ממלכתי,דרוזי,2024,עברית בחינוך הדרוזי,5,75,76.8,247817
east,תיכון מסעדה,מסעדה,ממלכתי,דרוזי,2024,ערבית לדרוזים,3,25,73.36,247817
east,תיכון מסעדה,מסעדה,ממלכתי,דרוזי,2024,ערבית לדרוזים,5,99,85.56,247817
east,תיכון מסעדה,מסעדה,ממלכתי,דרוזי,2024,פיסיקה,5,18,68.83,247817
east,תיכון מסעדה,מסעדה,ממלכתי,דרוזי,2024,תיירות,5,13,70.15,247817
east,תיכון מסעדה,מסעדה,ממלכתי,דרוזי,2024,תכנון ותכנות מערכות,5,27,86.74,247817
east,"ישיבת תיכונית אמי""ת",צפת,ממלכתי דתי,יהודי,2024,אזרחות,2,66,72.38,240234
east,"ישיבת תיכונית אמי""ת",צפת,ממלכתי דתי,יהודי,2024,אנגלית,4,28,69.54,240234
east,"ישיבת תיכונית אמי""ת",צפת,ממלכתי דתי,יהודי,2024,אנגלית,5,32,83.47,240234
east,"ישיבת תיכונית אמי""ת",צפת,ממלכתי דתי,יהודי,2024,הסטוריה,2,69,75.93,240234
east,"ישיבת תיכונית אמי""ת",צפת,ממלכתי דתי,יהודי,2024,מחשבת ישראל וספרות,2,65,80.6,240234
east,"ישיבת תיכונית אמי""ת",צפת,ממלכתי דתי,יהודי,2024,מערכות תקשוב,5,20,63.95,240234
east,"ישיבת תיכונית אמי""ת",צפת,ממלכתי דתי,יהודי,2024,מתמטיקה,3,40,67.32,240234
east,"ישיבת תיכונית אמי""ת",צפת,ממלכתי דתי,יהודי,2024,מתמטיקה,4,25,74.36,240234
east,"ישיבת תיכונית אמי""ת",צפת,ממלכתי דתי,יהודי,2024,עברית )לשון והבעה(,2,67,70.48,240234
east,"ישיבת תיכונית אמי""ת",צפת,ממלכתי דתי,יהודי,2024,פיסיקה,5,11,73.55,240234
east,"ישיבת תיכונית אמי""ת",צפת,ממלכתי דתי,יהודי,2024,תושבע'פ ותלמוד,5,58,79.29,240234
east,"ישיבת תיכונית אמי""ת",צפת,ממלכתי דתי,יהודי,2024,תנ'ך,3,24,73.21,240234
east,"ישיבת תיכונית אמי""ת",צפת,ממלכתי דתי,יהודי,2024,תנ'ך,5,41,77.73,240234
east,"ישיבת תיכונית אמי""ת",צפת,ממלכתי דתי,יהודי,2024,תשתיות מחשוב ותקשוב,3,20,75.75,240234
east,עמל בגין צפת,צפת,ממלכתי,יהודי,2024,אופטיקה יישומית,5,31,69.65,270025
east,עמל בגין צפת,צפת,ממלכתי,יהודי,2024,אזרחות,2,137,80.88,270025
east,עמל בגין צפת,צפת,ממלכתי,יהודי,2024,אלקטרוניקה ומחשבים,5,12,70.58,270025
east,עמל בגין צפת,צפת,ממלכתי,יהודי,2024,אמנות שימושית,5,31,81.35,270025
east,עמל בגין צפת,צפת,ממלכתי,יהודי,2024,אנגלית,3,36,69,270025
east,עמל בגין צפת,צפת,ממלכתי,יהודי,2024,אנגלית,4,37,75.49,270025
east,עמל בגין צפת,צפת,ממלכתי,יהודי,2024,אנגלית,5,61,86.36,270025
east,עמל בגין צפת,צפת,ממלכתי,יהודי,2024,ביולוגיה,5,20,77.7,270025
east,עמל בגין צפת,צפת,ממלכתי,יהודי,2024,הסטוריה,2,137,83.2,270025
east,עמל בגין צפת,צפת,ממלכתי,יהודי,2024,טלוויזיה וקולנוע,5,37,66.24,270025
east,עמל בגין צפת,צפת,ממלכתי,יהודי,2024,מדעי המחשב,5,11,85.91,270025
east,עמל בגין צפת,צפת,ממלכתי,יהודי,2024,מערכות אלקטרוניות,5,13,83.15,270025
east,עמל בגין צפת,צפת,ממלכתי,יהודי,2024,מתמטיקה,3,98,81.73,270025
east,עמל בגין צפת,צפת,ממלכתי,יהודי,2024,מתמטיקה,4,22,84.45,270025
east,עמל בגין צפת,צפת,ממלכתי,יהודי,2024,ספרות,2,135,83.85,270025
east,עמל בגין צפת,צפת,ממלכתי,יהודי,2024,עברית )לשון והבעה(,2,136,72.39,270025
east,עמל בגין צפת,צפת,ממלכתי,יהודי,2024,עצוב,3,26,82.35,270025
east,עמל בגין צפת,צפת,ממלכתי,יהודי,2024,פיסיקה,5,12,72.25,270025
east,עמל בגין צפת,צפת,ממלכתי,יהודי,2024,תאטרון,5,28,76.18,270025
east,עמל בגין צפת,צפת,ממלכתי,יהודי,2024,תכנון ותכנות מערכות,5,12,93.75,270025
east,עמל בגין צפת,צפת,ממלכתי,יהודי,2024,תנ'ך,2,105,75.99,270025
east,עמל בגין צפת,צפת,ממלכתי,יהודי,2024,תנ'ך,5,28,81.11,270025
east,בית חנה,צפת,ממלכתי דתי,יהודי,2024,אומנות,5,11,92.91,270801
east,בית חנה,צפת,ממלכתי דתי,יהודי,2024,אזרחות,2,79,81.91,270801
east,בית חנה,צפת,ממלכתי דתי,יהודי,2024,אידיש,5,19,95.11,270801
east,בית חנה,צפת,ממלכתי דתי,יהודי,2024,אנגלית,4,27,77.59,270801
east,בית חנה,צפת,ממלכתי דתי,יהודי,2024,אנגלית,5,43,87.79,270801
east,בית חנה,צפת,ממלכתי דתי,יהודי,2024,הסטוריה,2,84,82.23,270801
east,בית חנה,צפת,ממלכתי דתי,יהודי,2024,יהדות,5,77,87.22,270801
east,בית חנה,צפת,ממלכתי דתי,יהודי,2024,מנהל וכלכלה,5,13,90.69,270801
east,בית חנה,צפת,ממלכתי דתי,יהודי,2024,מתמטיקה,3,34,89.38,270801
east,בית חנה,צפת,ממלכתי דתי,יהודי,2024,מתמטיקה,4,29,84.52,270801
east,בית חנה,צפת,ממלכתי דתי,יהודי,2024,מתמטיקה,5,11,82.73,270801
east,בית חנה,צפת,ממלכתי דתי,יהודי,2024,ניהול משאבי אנוש,3,13,88.31,270801
east,בית חנה,צפת,ממלכתי דתי,יהודי,2024,ספרות,2,81,84.27,270801
east,בית חנה,צפת,ממלכתי דתי,יהודי,2024,עברית )לשון והבעה(,2,84,80.77,270801
east,בית חנה,צפת,ממלכתי דתי,יהודי,2024,עצוב,5,11,90,270801
east,בית חנה,צפת,ממלכתי דתי,יהודי,2024,פסיכולוגיה התפתחותית,5,18,87.44,270801
east,בית חנה,צפת,ממלכתי דתי,יהודי,2024,רישומי פעילויות בחינ,5,17,90.47,270801
east,בית חנה,צפת,ממלכתי דתי,יהודי,2024,תנ'ך,3,21,70.86,270801
east,בית חנה,צפת,ממלכתי דתי,יהודי,2024,תנ'ך,5,59,84.54,270801
east,"אולפנא אמי""ת",צפת,ממלכתי דתי,יהודי,2024,אזרחות,2,64,86.77,353581
east,"אולפנא אמי""ת",צפת,ממלכתי דתי,יהודי,2024,אנגלית,4,32,77.41,353581
east,"אולפנא אמי""ת",צפת,ממלכתי דתי,יהודי,2024,אנגלית,5,26,86.73,353581
east,"אולפנא אמי""ת",צפת,ממלכתי דתי,יהודי,2024,הסטוריה,2,64,90.25,353581
east,"אולפנא אמי""ת",צפת,ממלכתי דתי,יהודי,2024,מחשבת ישראל וספרות,2,63,85.17,353581
east,"אולפנא אמי""ת",צפת,ממלכתי דתי,יהודי,2024,מתמטיקה,3,40,88.88,353581
east,"אולפנא אמי""ת",צפת,ממלכתי דתי,יהודי,2024,מתמטיקה,4,14,89.71,353581
east,"אולפנא אמי""ת",צפת,ממלכתי דתי,יהודי,2024,עברית )לשון והבעה(,2,63,78.79,353581
east,"אולפנא אמי""ת",צפת,ממלכתי דתי,יהודי,2024,פסיכולוגיה התפתחותית,5,33,79.76,353581
east,"אולפנא אמי""ת",צפת,ממלכתי דתי,יהודי,2024,רישומי פעילויות בחינ,5,25,91.68,353581
east,"אולפנא אמי""ת",צפת,ממלכתי דתי,יהודי,2024,תושבע'פ ותלמוד,3,56,86.71,353581
east,"אולפנא אמי""ת",צפת,ממלכתי דתי,יהודי,2024,תנ'ך,3,43,81.12,353581
east,"אולפנא אמי""ת",צפת,ממלכתי דתי,יהודי,2024,תנ'ך,5,20,85.55,353581
east,"מח""ט אמית צפת",צפת,ממלכתי,יהודי,2024,אזרחות,2,16,91.06,659334
east,"מח""ט אמית צפת",צפת,ממלכתי,יהודי,2024,הסטוריה,2,16,85.44,659334
east,"מח""ט אמית צפת",צפת,ממלכתי,יהודי,2024,תנ'ך,2,14,93.36,659334
east,אולפנת קצרין,קצרין,ממלכתי דתי,יהודי,2024,אומנות,5,16,93.13,715920
east,אולפנת קצרין,קצרין,ממלכתי דתי,יהודי,2024,אזרחות,2,55,82.44,715920
east,אולפנת קצרין,קצרין,ממלכתי דתי,יהודי,2024,אנגלית,4,23,78.78,715920
east,אולפנת קצרין,קצרין,ממלכתי דתי,יהודי,2024,אנגלית,5,33,87.24,715920
east,אולפנת קצרין,קצרין,ממלכתי דתי,יהודי,2024,הסטוריה,2,56,87.64,715920
east,אולפנת קצרין,קצרין,ממלכתי דתי,יהודי,2024,מחשבת ישראל וספרות,2,55,86.98,715920
east,אולפנת קצרין,קצרין,ממלכתי דתי,יהודי,2024,מתמטיקה,3,31,86.65,715920
east,אולפנת קצרין,קצרין,ממלכתי דתי,יהודי,2024,מתמטיקה,4,16,86,715920
east,אולפנת קצרין,קצרין,ממלכתי דתי,יהודי,2024,עברית )לשון והבעה(,2,55,82.22,715920
east,אולפנת קצרין,קצרין,ממלכתי דתי,יהודי,2024,תאטרון,5,14,94.93,715920
east,אולפנת קצרין,קצרין,ממלכתי דתי,יהודי,2024,תושבע'פ ותלמוד,5,51,87.31,715920
east,אולפנת קצרין,קצרין,ממלכתי דתי,יהודי,2024,תנ'ך,5,46,87.43,715920
east,אורט דנציגר ק. שמונה,קרית שמונה,ממלכתי,יהודי,2024,אזרחות,2,196,84.58,240010
east,אורט דנציגר ק. שמונה,קרית שמונה,ממלכתי,יהודי,2024,אמנות שימושית,5,19,89.37,240010
east,אורט דנציגר ק. שמונה,קרית שמונה,ממלכתי,יהודי,2024,אנגלית,3,40,78.63,240010
east,אורט דנציגר ק. שמונה,קרית שמונה,ממלכתי,יהודי,2024,אנגלית,4,73,79.62,240010
east,אורט דנציגר ק. שמונה,קרית שמונה,ממלכתי,יהודי,2024,אנגלית,5,86,86.69,240010
east,אורט דנציגר ק. שמונה,קרית שמונה,ממלכתי,יהודי,2024,ביולוגיה,5,37,81.19,240010
east,אורט דנציגר ק. שמונה,קרית שמונה,ממלכתי,יהודי,2024,הסטוריה,2,206,83.77,240010
east,אורט דנציגר ק. שמונה,קרית שמונה,ממלכתי,יהודי,2024,הפקות בתקשורת,3,35,86.31,240010
east,אורט דנציגר ק. שמונה,קרית שמונה,ממלכתי,יהודי,2024,חקלאות,5,18,75.44,240010
east,אורט דנציגר ק. שמונה,קרית שמונה,ממלכתי,יהודי,2024,ישומים בביוטכנולוגיה,5,17,93.88,240010
east,אורט דנציגר ק. שמונה,קרית שמונה,ממלכתי,יהודי,2024,מדעי המחשב,5,11,89.27,240010
east,אורט דנציגר ק. שמונה,קרית שמונה,ממלכתי,יהודי,2024,מנהל וכלכלה,5,32,63.34,240010
east,אורט דנציגר ק. שמונה,קרית שמונה,ממלכתי,יהודי,2024,מערכות ביוטכנולוגיה,5,13,94.23,240010
east,אורט דנציגר ק. שמונה,קרית שמונה,ממלכתי,יהודי,2024,מתמטיקה,3,134,77.77,240010
east,אורט דנציגר ק. שמונה,קרית שמונה,ממלכתי,יהודי,2024,מתמטיקה,4,28,80.96,240010
east,אורט דנציגר ק. שמונה,קרית שמונה,ממלכתי,יהודי,2024,מתמטיקה,5,23,79.61,240010
east,אורט דנציגר ק. שמונה,קרית שמונה,ממלכתי,יהודי,2024,ספרות,2,203,75.25,240010
east,אורט דנציגר ק. שמונה,קרית שמונה,ממלכתי,יהודי,2024,עברית )לשון והבעה(,2,207,70.74,240010
east,אורט דנציגר ק. שמונה,קרית שמונה,ממלכתי,יהודי,2024,עצוב,5,19,87.32,240010
east,אורט דנציגר ק. שמונה,קרית שמונה,ממלכתי,יהודי,2024,פיסיקה,5,28,82.57,240010
east,אורט דנציגר ק. שמונה,קרית שמונה,ממלכתי,יהודי,2024,תאטרון,5,24,93.33,240010
east,אורט דנציגר ק. שמונה,קרית שמונה,ממלכתי,יהודי,2024,תיירות,5,36,72.78,240010
east,אורט דנציגר ק. שמונה,קרית שמונה,ממלכתי,יהודי,2024,תנ'ך,2,195,85.09,240010
east,אורט דנציגר ק. שמונה,קרית שמונה,ממלכתי,יהודי,2024,תקשורת וחברה,5,43,83.12,240010
east,המתמיד קרית שמונה,קרית שמונה,ממלכתי דתי,יהודי,2024,אזרחות,2,22,88.55,240218
east,המתמיד קרית שמונה,קרית שמונה,ממלכתי דתי,יהודי,2024,אנגלית,5,15,91.87,240218
east,המתמיד קרית שמונה,קרית שמונה,ממלכתי דתי,יהודי,2024,הסטוריה,2,22,85.32,240218
east,המתמיד קרית שמונה,קרית שמונה,ממלכתי דתי,יהודי,2024,מחשבת ישראל וספרות,2,21,86.29,240218
east,המתמיד קרית שמונה,קרית שמונה,ממלכתי דתי,יהודי,2024,מתמטיקה,3,12,86.42,240218
east,המתמיד קרית שמונה,קרית שמונה,ממלכתי דתי,יהודי,2024,עברית )לשון והבעה(,2,24,78.63,240218
east,המתמיד קרית שמונה,קרית שמונה,ממלכתי דתי,יהודי,2024,תושבע'פ ותלמוד,5,19,83.53,240218
east,המתמיד קרית שמונה,קרית שמונה,ממלכתי דתי,יהודי,2024,תנ'ך,5,12,90,240218
east,ברנקו וייס ק.שמונה,קרית שמונה,ממלכתי,יהודי,2024,אזרחות,2,23,81.35,240804
east,ברנקו וייס ק.שמונה,קרית שמונה,ממלכתי,יהודי,2024,הסטוריה,2,21,79.57,240804
east,ברנקו וייס ק.שמונה,קרית שמונה,ממלכתי,יהודי,2024,מנהל תיירותי,3,25,77,240804
east,ברנקו וייס ק.שמונה,קרית שמונה,ממלכתי,יהודי,2024,מתמטיקה,3,21,72.62,240804
east,ברנקו וייס ק.שמונה,קרית שמונה,ממלכתי,יהודי,2024,ספרות,2,25,81.36,240804
east,ברנקו וייס ק.שמונה,קרית שמונה,ממלכתי,יהודי,2024,עברית )לשון והבעה(,2,27,73.22,240804
east,ברנקו וייס ק.שמונה,קרית שמונה,ממלכתי,יהודי,2024,תיירות,5,25,70.64,240804
east,ברנקו וייס ק.שמונה,קרית שמונה,ממלכתי,יהודי,2024,תנ'ך,2,24,80.71,240804
east,אולפנית קרית שמונה,קרית שמונה,ממלכתי דתי,יהודי,2024,אזרחות,2,29,87.38,442897
east,אולפנית קרית שמונה,קרית שמונה,ממלכתי דתי,יהודי,2024,אנגלית,5,19,94.16,442897
east,אולפנית קרית שמונה,קרית שמונה,ממלכתי דתי,יהודי,2024,הסטוריה,2,29,88.17,442897
east,אולפנית קרית שמונה,קרית שמונה,ממלכתי דתי,יהודי,2024,מחשבת ישראל וספרות,2,26,86.96,442897
east,אולפנית קרית שמונה,קרית שמונה,ממלכתי דתי,יהודי,2024,מתמטיקה,3,12,89.5,442897
east,אולפנית קרית שמונה,קרית שמונה,ממלכתי דתי,יהודי,2024,עברית )לשון והבעה(,2,29,81.28,442897
east,אולפנית קרית שמונה,קרית שמונה,ממלכתי דתי,יהודי,2024,תושבע'פ ותלמוד,5,29,85.66,442897
east,אולפנית קרית שמונה,קרית שמונה,ממלכתי דתי,יהודי,2024,תנ'ך,3,20,88.25,442897
east,ישיבה תיכונית חיספין,גולן,ממלכתי דתי,יהודי,2024,אזרחות,2,106,79.31,240457
east,ישיבה תיכונית חיספין,גולן,ממלכתי דתי,יהודי,2024,אנגלית,3,11,78.36,240457
east,ישיבה תיכונית חיספין,גולן,ממלכתי דתי,יהודי,2024,אנגלית,4,47,79.87,240457
east,ישיבה תיכונית חיספין,גולן,ממלכתי דתי,יהודי,2024,אנגלית,5,49,90.31,240457
east,ישיבה תיכונית חיספין,גולן,ממלכתי דתי,יהודי,2024,ביולוגיה,5,15,84.2,240457
east,ישיבה תיכונית חיספין,גולן,ממלכתי דתי,יהודי,2024,הסטוריה,2,97,85.56,240457
east,ישיבה תיכונית חיספין,גולן,ממלכתי דתי,יהודי,2024,הסטוריה,5,11,90.64,240457
east,ישיבה תיכונית חיספין,גולן,ממלכתי דתי,יהודי,2024,מדעי המחשב,5,12,84,240457
east,ישיבה תיכונית חיספין,גולן,ממלכתי דתי,יהודי,2024,מחשבת ישראל וספרות,2,82,80.52,240457
east,ישיבה תיכונית חיספין,גולן,ממלכתי דתי,יהודי,2024,מתמטיקה,3,47,86.23,240457
east,ישיבה תיכונית חיספין,גולן,ממלכתי דתי,יהודי,2024,מתמטיקה,4,35,92.57,240457
east,ישיבה תיכונית חיספין,גולן,ממלכתי דתי,יהודי,2024,מתמטיקה,5,22,88.73,240457
east,ישיבה תיכונית חיספין,גולן,ממלכתי דתי,יהודי,2024,ספרות,5,14,88.57,240457
east,ישיבה תיכונית חיספין,גולן,ממלכתי דתי,יהודי,2024,עברית )לשון והבעה(,2,107,81.73,240457
east,ישיבה תיכונית חיספין,גולן,ממלכתי דתי,יהודי,2024,פיסיקה,5,15,89.6,240457
east,ישיבה תיכונית חיספין,גולן,ממלכתי דתי,יהודי,2024,תושבע'פ ותלמוד,5,104,82.06,240457
east,ישיבה תיכונית חיספין,גולן,ממלכתי דתי,יהודי,2024,תנ'ך,3,29,84.28,240457
east,ישיבה תיכונית חיספין,גולן,ממלכתי דתי,יהודי,2024,תנ'ך,5,76,84.92,240457
east,ישיבת אלוני הבשן,גולן,ממלכתי דתי,יהודי,2024,אזרחות,2,20,74.4,240622
east,ישיבת אלוני הבשן,גולן,ממלכתי דתי,יהודי,2024,הסטוריה,2,21,74.1,240622
east,ישיבת אלוני הבשן,גולן,ממלכתי דתי,יהודי,2024,מחשבת ישראל וספרות,2,20,75.3,240622
east,ישיבת אלוני הבשן,גולן,ממלכתי דתי,יהודי,2024,מתמטיקה,3,18,73.83,240622
east,ישיבת אלוני הבשן,גולן,ממלכתי דתי,יהודי,2024,עברית )לשון והבעה(,2,21,66.48,240622
east,ישיבת אלוני הבשן,גולן,ממלכתי דתי,יהודי,2024,תושבע'פ ותלמוד,5,19,72.89,240622
east,ישיבת אלוני הבשן,גולן,ממלכתי דתי,יהודי,2024,תנ'ך,3,20,71.5,240622
east,רגבים בגולן,גולן,ממלכתי דתי,יהודי,2024,אזרחות,2,60,87.68,240630
east,רגבים בגולן,גולן,ממלכתי דתי,יהודי,2024,אנגלית,3,12,73.08,240630
east,רגבים בגולן,גולן,ממלכתי דתי,יהודי,2024,אנגלית,4,26,72.04,240630
east,רגבים בגולן,גולן,ממלכתי דתי,יהודי,2024,אנגלית,5,22,81.18,240630
east,רגבים בגולן,גולן,ממלכתי דתי,יהודי,2024,הסטוריה,2,59,85.22,240630
east,רגבים בגולן,גולן,ממלכתי דתי,יהודי,2024,חקלאות,5,47,84.17,240630
east,רגבים בגולן,גולן,ממלכתי דתי,יהודי,2024,למודי ארץ ישראל,5,20,87.2,240630
east,רגבים בגולן,גולן,ממלכתי דתי,יהודי,2024,מחשבת ישראל וספרות,2,59,85.46,240630
east,רגבים בגולן,גולן,ממלכתי דתי,יהודי,2024,מתמטיקה,3,24,81.88,240630
east,רגבים בגולן,גולן,ממלכתי דתי,יהודי,2024,מתמטיקה,4,22,78.5,240630
east,רגבים בגולן,גולן,ממלכתי דתי,יהודי,2024,מתמטיקה,5,13,82.15,240630
east,רגבים בגולן,גולן,ממלכתי דתי,יהודי,2024,עברית )לשון והבעה(,2,60,77.9,240630
east,רגבים בגולן,גולן,ממלכתי דתי,יהודי,2024,תושבע'פ ותלמוד,5,55,82.96,240630
east,רגבים בגולן,גולן,ממלכתי דתי,יהודי,2024,תנ'ך,3,28,78.39,240630
east,רגבים בגולן,גולן,ממלכתי דתי,יהודי,2024,תנ'ך,5,32,84.09,240630
east,טומשין מעלה רמות,גולן,ממלכתי,יהודי,2024,אזרחות,2,26,68.58,240655
east,טומשין מעלה רמות,גולן,ממלכתי,יהודי,2024,אנגלית,5,13,91.77,240655
east,טומשין מעלה רמות,גולן,ממלכתי,יהודי,2024,הסטוריה,2,25,72.72,240655
east,טומשין מעלה רמות,גולן,ממלכתי,יהודי,2024,מנהל תיירותי,3,15,80.33,240655
east,טומשין מעלה רמות,גולן,ממלכתי,יהודי,2024,מתמטיקה,3,21,68.71,240655
east,טומשין מעלה רמות,גולן,ממלכתי,יהודי,2024,ספרות,2,26,68.31,240655
east,טומשין מעלה רמות,גולן,ממלכתי,יהודי,2024,עברית )לשון והבעה(,2,26,72.27,240655
east,טומשין מעלה רמות,גולן,ממלכתי,יהודי,2024,תיירות,5,17,70,240655
east,טומשין מעלה רמות,גולן,ממלכתי,יהודי,2024,תנ'ך,2,26,69.65,240655
east,כפר הנוער איילת השחר,גולן,ממלכתי דתי,יהודי,2024,אזרחות,2,23,79,719591
east,כפר הנוער איילת השחר,גולן,ממלכתי דתי,יהודי,2024,הסטוריה,2,26,74.31,719591
east,כפר הנוער איילת השחר,גולן,ממלכתי דתי,יהודי,2024,מחשבת ישראל וספרות,2,25,82.2,719591
east,כפר הנוער איילת השחר,גולן,ממלכתי דתי,יהודי,2024,מתמטיקה,3,22,80.23,719591
east,כפר הנוער איילת השחר,גולן,ממלכתי דתי,יהודי,2024,עברית )לשון והבעה(,2,24,74.58,719591
east,כפר הנוער איילת השחר,גולן,ממלכתי דתי,יהודי,2024,תושבע'פ ותלמוד,3,25,81.16,719591
east,כפר הנוער איילת השחר,גולן,ממלכתי דתי,יהודי,2024,תנ'ך,3,24,78.5,719591
east,תיכון תמר,גולן,ממלכתי דתי,יהודי,2024,אזרחות,2,31,84.65,860353
east,תיכון תמר,גולן,ממלכתי דתי,יהודי,2024,אמנות שימושית,5,12,73.58,860353
east,תיכון תמר,גולן,ממלכתי דתי,יהודי,2024,אנגלית,4,12,81.17,860353
east,תיכון תמר,גולן,ממלכתי דתי,יהודי,2024,אנגלית,5,19,91.79,860353
east,תיכון תמר,גולן,ממלכתי דתי,יהודי,2024,הסטוריה,2,31,90,860353
east,תיכון תמר,גולן,ממלכתי דתי,יהודי,2024,מחשבת ישראל וספרות,2,31,86.23,860353
east,תיכון תמר,גולן,ממלכתי דתי,יהודי,2024,מתמטיקה,4,16,86.88,860353
east,תיכון תמר,גולן,ממלכתי דתי,יהודי,2024,עברית )לשון והבעה(,2,31,79.42,860353
east,תיכון תמר,גולן,ממלכתי דתי,יהודי,2024,פיסיקה,5,11,85.45,860353
east,תיכון תמר,גולן,ממלכתי דתי,יהודי,2024,תושבע'פ ותלמוד,5,31,75.77,860353
east,תיכון תמר,גולן,ממלכתי דתי,יהודי,2024,תנ'ך,5,29,83.9,860353
east,מקיף עינות הירדן,הגליל העליון,ממלכתי,יהודי,2024,אזרחות,2,63,83.92,260067
east,מקיף עינות הירדן,הגליל העליון,ממלכתי,יהודי,2024,אנגלית,5,67,92.34,260067
east,מקיף עינות הירדן,הגליל העליון,ממלכתי,יהודי,2024,ביולוגיה,5,17,94.65,260067
east,מקיף עינות הירדן,הגליל העליון,ממלכתי,יהודי,2024,גאוגרפיה,5,25,83.04,260067
east,מקיף עינות הירדן,הגליל העליון,ממלכתי,יהודי,2024,הסטוריה,2,62,85.06,260067
east,מקיף עינות הירדן,הגליל העליון,ממלכתי,יהודי,2024,מתמטיקה,3,33,85.12,260067
east,מקיף עינות הירדן,הגליל העליון,ממלכתי,יהודי,2024,מתמטיקה,4,18,93.67,260067
east,מקיף עינות הירדן,הגליל העליון,ממלכתי,יהודי,2024,מתמטיקה,5,12,89.25,260067
east,מקיף עינות הירדן,הגליל העליון,ממלכתי,יהודי,2024,ספרות,2,62,87.74,260067
east,מקיף עינות הירדן,הגליל העליון,ממלכתי,יהודי,2024,עברית )לשון והבעה(,2,68,76.43,260067
east,מקיף עינות הירדן,הגליל העליון,ממלכתי,יהודי,2024,תנ'ך,2,71,78.69,260067
east,מקיף עמק החולה,הגליל העליון,ממלכתי,יהודי,2024,אזרחות,2,116,83.63,260232
east,מקיף עמק החולה,הגליל העליון,ממלכתי,יהודי,2024,אנגלית,3,25,84.96,260232
east,מקיף עמק החולה,הגליל העליון,ממלכתי,יהודי,2024,אנגלית,4,22,90.64,260232
east,מקיף עמק החולה,הגליל העליון,ממלכתי,יהודי,2024,אנגלית,5,75,93.32,260232
east,מקיף עמק החולה,הגליל העליון,ממלכתי,יהודי,2024,ביולוגיה,5,14,87.79,260232
east,מקיף עמק החולה,הגליל העליון,ממלכתי,יהודי,2024,בקרת מכונות,5,16,77.38,260232
east,מקיף עמק החולה,הגליל העליון,ממלכתי,יהודי,2024,גאוגרפיה,5,16,70.88,260232
east,מקיף עמק החולה,הגליל העליון,ממלכתי,יהודי,2024,הסטוריה,2,114,76.46,260232
east,מקיף עמק החולה,הגליל העליון,ממלכתי,יהודי,2024,מדעי המחשב,5,13,81.69,260232
east,מקיף עמק החולה,הגליל העליון,ממלכתי,יהודי,2024,מכטרוניקה,5,11,86.27,260232
east,מקיף עמק החולה,הגליל העליון,ממלכתי,יהודי,2024,מנהל וכלכלה,5,25,83.52,260232
east,מקיף עמק החולה,הגליל העליון,ממלכתי,יהודי,2024,מתמטיקה,3,67,80.55,260232
east,מקיף עמק החולה,הגליל העליון,ממלכתי,יהודי,2024,מתמטיקה,4,25,89.24,260232
east,מקיף עמק החולה,הגליל העליון,ממלכתי,יהודי,2024,מתמטיקה,5,14,85.79,260232
east,מקיף עמק החולה,הגליל העליון,ממלכתי,יהודי,2024,ניהול משאבי אנוש,3,16,80.56,260232
east,מקיף עמק החולה,הגליל העליון,ממלכתי,יהודי,2024,ספרות,2,115,76.77,260232
east,מקיף עמק החולה,הגליל העליון,ממלכתי,יהודי,2024,עברית )לשון והבעה(,2,109,74.29,260232
east,מקיף עמק החולה,הגליל העליון,ממלכתי,יהודי,2024,תנ'ך,2,97,76.27,260232
east,מקיף עמק החולה,הגליל העליון,ממלכתי,יהודי,2024,תנ'ך,5,17,79.59,260232
east,מקיף הר וגיא,הגליל העליון,ממלכתי,יהודי,2024,אזרחות,2,163,80.4,260307
east,מקיף הר וגיא,הגליל העליון,ממלכתי,יהודי,2024,אמנות שימושית,5,11,90.45,260307
east,מקיף הר וגיא,הגליל העליון,ממלכתי,יהודי,2024,אנגלית,3,14,77.57,260307
east,מקיף הר וגיא,הגליל העליון,ממלכתי,יהודי,2024,אנגלית,4,41,83.93,260307
east,מקיף הר וגיא,הגליל העליון,ממלכתי,יהודי,2024,אנגלית,5,107,90.81,260307
east,מקיף הר וגיא,הגליל העליון,ממלכתי,יהודי,2024,ביולוגיה,5,34,85.97,260307
east,מקיף הר וגיא,הגליל העליון,ממלכתי,יהודי,2024,גאוגרפיה,5,32,81,260307
east,מקיף הר וגיא,הגליל העליון,ממלכתי,יהודי,2024,הסטוריה,2,166,83.7,260307
east,מקיף הר וגיא,הגליל העליון,ממלכתי,יהודי,2024,חנוך גופני,5,20,84.3,260307
east,מקיף הר וגיא,הגליל העליון,ממלכתי,יהודי,2024,כימיה,5,23,81.87,260307
east,מקיף הר וגיא,הגליל העליון,ממלכתי,יהודי,2024,מדעי המחשב,5,20,88.4,260307
east,מקיף הר וגיא,הגליל העליון,ממלכתי,יהודי,2024,מנהל תיירותי,3,17,82.94,260307
east,מקיף הר וגיא,הגליל העליון,ממלכתי,יהודי,2024,מתמטיקה,3,85,84.55,260307
east,מקיף הר וגיא,הגליל העליון,ממלכתי,יהודי,2024,מתמטיקה,4,35,87.2,260307
east,מקיף הר וגיא,הגליל העליון,ממלכתי,יהודי,2024,מתמטיקה,5,42,86.19,260307
east,מקיף הר וגיא,הגליל העליון,ממלכתי,יהודי,2024,ספרות,2,159,81.48,260307
east,מקיף הר וגיא,הגליל העליון,ממלכתי,יהודי,2024,עברית )לשון והבעה(,2,165,76.45,260307
east,מקיף הר וגיא,הגליל העליון,ממלכתי,יהודי,2024,פיסיקה,5,25,91.88,260307
east,מקיף הר וגיא,הגליל העליון,ממלכתי,יהודי,2024,תאטרון,5,16,92.56,260307
east,מקיף הר וגיא,הגליל העליון,ממלכתי,יהודי,2024,תולדות הערבים והאיסל,5,11,82.36,260307
east,מקיף הר וגיא,הגליל העליון,ממלכתי,יהודי,2024,תיירות,5,36,73.64,260307
east,מקיף הר וגיא,הגליל העליון,ממלכתי,יהודי,2024,תכנון ותכנות מערכות,5,17,95.59,260307
east,מקיף הר וגיא,הגליל העליון,ממלכתי,יהודי,2024,תנ'ך,2,165,81.63,260307
east,מקיף הר וגיא,הגליל העליון,ממלכתי,יהודי,2024,תקשורת וחברה,5,12,89.92,260307
east,מקיף אנה פרנק,הגליל העליון,ממלכתי,יהודי,2024,אזרחות,2,56,80.48,280115
east,מקיף אנה פרנק,הגליל העליון,ממלכתי,יהודי,2024,אנגלית,3,15,64.53,280115
east,מקיף אנה פרנק,הגליל העליון,ממלכתי,יהודי,2024,אנגלית,4,14,77.21,280115
east,מקיף אנה פרנק,הגליל העליון,ממלכתי,יהודי,2024,אנגלית,5,26,88.04,280115
east,מקיף אנה פרנק,הגליל העליון,ממלכתי,יהודי,2024,ביולוגיה,5,13,77.62,280115
east,מקיף אנה פרנק,הגליל העליון,ממלכתי,יהודי,2024,הסטוריה,2,57,78.33,280115
east,מקיף אנה פרנק,הגליל העליון,ממלכתי,יהודי,2024,מתמטיקה,3,30,69.57,280115
east,מקיף אנה פרנק,הגליל העליון,ממלכתי,יהודי,2024,מתמטיקה,4,16,77.81,280115
east,מקיף אנה פרנק,הגליל העליון,ממלכתי,יהודי,2024,ספרות,2,56,80.91,280115
east,מקיף אנה פרנק,הגליל העליון,ממלכתי,יהודי,2024,עברית )לשון והבעה(,2,56,77.05,280115
east,מקיף אנה פרנק,הגליל העליון,ממלכתי,יהודי,2024,פיסיקה,5,13,93.15,280115
east,מקיף אנה פרנק,הגליל העליון,ממלכתי,יהודי,2024,תאטרון,5,11,89.36,280115
east,מקיף אנה פרנק,הגליל העליון,ממלכתי,יהודי,2024,תנ'ך,2,57,83.11,280115
east,מקיף אנה פרנק,הגליל העליון,ממלכתי,יהודי,2024,תקשורת )בנתיב העיוני,5,18,71.78,280115
east,דרכא נופי גולן,קצרין,ממלכתי,יהודי,2024,אזרחות,2,117,76.63,240499
east,דרכא נופי גולן,קצרין,ממלכתי,יהודי,2024,אנגלית,3,17,76.29,240499
east,דרכא נופי גולן,קצרין,ממלכתי,יהודי,2024,אנגלית,4,36,78.53,240499
east,דרכא נופי גולן,קצרין,ממלכתי,יהודי,2024,אנגלית,5,68,87.56,240499
east,דרכא נופי גולן,קצרין,ממלכתי,יהודי,2024,ביולוגיה,5,15,85.67,240499
east,דרכא נופי גולן,קצרין,ממלכתי,יהודי,2024,גאוגרפיה,5,32,71.47,240499
east,דרכא נופי גולן,קצרין,ממלכתי,יהודי,2024,הסטוריה,2,123,76.67,240499
east,דרכא נופי גולן,קצרין,ממלכתי,יהודי,2024,חנוך גופני,5,11,77.91,240499
east,דרכא נופי גולן,קצרין,ממלכתי,יהודי,2024,חקלאות,5,13,78.54,240499
east,דרכא נופי גולן,קצרין,ממלכתי,יהודי,2024,מדעי החברה,5,24,88.33,240499
east,דרכא נופי גולן,קצרין,ממלכתי,יהודי,2024,מדעי המחשב,5,11,81.55,240499
east,דרכא נופי גולן,קצרין,ממלכתי,יהודי,2024,"מחשבת ישראל לבי""ס כל",5,21,82.86,240499
east,דרכא נופי גולן,קצרין,ממלכתי,יהודי,2024,מתמטיקה,3,66,79.42,240499
east,דרכא נופי גולן,קצרין,ממלכתי,יהודי,2024,מתמטיקה,4,40,82.05,240499
east,דרכא נופי גולן,קצרין,ממלכתי,יהודי,2024,מתמטיקה,5,11,70.18,240499
east,דרכא נופי גולן,קצרין,ממלכתי,יהודי,2024,ספרות,2,119,79.63,240499
east,דרכא נופי גולן,קצרין,ממלכתי,יהודי,2024,עברית )לשון והבעה(,2,117,75.56,240499
east,דרכא נופי גולן,קצרין,ממלכתי,יהודי,2024,פיסיקה,5,11,75.73,240499
east,דרכא נופי גולן,קצרין,ממלכתי,יהודי,2024,תאטרון,5,14,88.43,240499
east,דרכא נופי גולן,קצרין,ממלכתי,יהודי,2024,תנ'ך,2,117,83.2,240499
east,סמינר בית יעקב צפת,צפת,חרדי,יהודי,2024,אנגלית,3,25,89.84,240721
east,סמינר בית יעקב צפת,צפת,חרדי,יהודי,2024,הסטוריה,2,27,81.22,240721
east,סמינר בית יעקב צפת,צפת,חרדי,יהודי,2024,חשבונאות,5,13,92.31,240721
east,סמינר בית יעקב צפת,צפת,חרדי,יהודי,2024,מנהל וכלכלה,5,12,81.67,240721
east,סמינר בית יעקב צפת,צפת,חרדי,יהודי,2024,מתמטיקה,3,28,90.11,240721
east,סמינר בית יעקב צפת,צפת,חרדי,יהודי,2024,עברית )לשון והבעה(,2,28,77.75,240721
east,"בית לוי יצחק חב""ד",צפת,חרדי,יהודי,2024,הסטוריה,2,17,69.88,240739
east,"בית לוי יצחק חב""ד",צפת,חרדי,יהודי,2024,תנ'ך,3,57,84.68,240739
east,כנפי יונה,צפת,חרדי,יהודי,2024,אזרחות,2,23,79.57,373357
east,כנפי יונה,צפת,חרדי,יהודי,2024,אנגלית,3,13,84.15,373357
east,כנפי יונה,צפת,חרדי,יהודי,2024,הסטוריה,2,30,77.63,373357
east,כנפי יונה,צפת,חרדי,יהודי,2024,יהדות,5,28,79.93,373357
east,כנפי יונה,צפת,חרדי,יהודי,2024,מנהל וכלכלה,5,29,77.97,373357
east,כנפי יונה,צפת,חרדי,יהודי,2024,מתמטיקה,3,15,86.53,373357
east,כנפי יונה,צפת,חרדי,יהודי,2024,מתמטיקה,4,13,82.08,373357
east,כנפי יונה,צפת,חרדי,יהודי,2024,ניהול משאבי אנוש,3,14,85.36,373357
east,כנפי יונה,צפת,חרדי,יהודי,2024,ספרות,2,28,85.79,373357
east,כנפי יונה,צפת,חרדי,יהודי,2024,עברית )לשון והבעה(,2,28,85.43,373357
east,כנפי יונה,צפת,חרדי,יהודי,2024,תנ'ך,5,28,82.68,373357
east,סמינר כלל חסידי צפת,צפת,חרדי,יהודי,2024,אנגלית,3,23,87.04,656017
east,סמינר כלל חסידי צפת,צפת,חרדי,יהודי,2024,הסטוריה,2,20,80.4,656017
east,סמינר כלל חסידי צפת,צפת,חרדי,יהודי,2024,מתמטיקה,3,23,84.91,656017
east,סמינר כלל חסידי צפת,צפת,חרדי,יהודי,2024,עברית )לשון והבעה(,2,17,85.94,656017
east,תומר דבורה,צפת,חרדי,יהודי,2024,אזרחות,2,13,80.38,755900
east,תומר דבורה,צפת,חרדי,יהודי,2024,הסטוריה,2,13,79.92,755900
east,תומר דבורה,צפת,חרדי,יהודי,2024,יהדות,5,13,78.46,755900
east,תומר דבורה,צפת,חרדי,יהודי,2024,מתמטיקה,3,13,87.46,755900
east,תומר דבורה,צפת,חרדי,יהודי,2024,ספרות,2,13,77.92,755900
east,תומר דבורה,צפת,חרדי,יהודי,2024,עברית )לשון והבעה(,2,12,76.08,755900
