Region,שם מוסד,רשות מקומית,פיקוח,מגזר,מחזור סיום,מקצוע,"י""ל",מספר נבחנים,ממוצע ציון סופי,סמל מוסד
west,אבו-סלים סלמאן אלשיך,אבו סנאן,ממלכתי,דרוזי,2021,אזרחות,2,178,78.55,248559
west,אבו-סלים סלמאן אלשיך,אבו סנאן,ממלכתי,דרוזי,2022,אזרחות,2,153,79.77,248559
west,אבו-סלים סלמאן אלשיך,אבו סנאן,ממלכתי,דרוזי,2023,אזרחות,2,167,77.34,248559
west,אבו-סלים סלמאן אלשיך,אבו סנאן,ממלכתי,דרוזי,2021,אלקטרוניקה ומחשבים,5,28,96.79,248559
west,אבו-סלים סלמאן אלשיך,אבו סנאן,ממלכתי,דרוזי,2022,אלקטרוניקה ומחשבים,5,37,97.19,248559
west,אבו-סלים סלמאן אלשיך,אבו סנאן,ממלכתי,דרוזי,2023,אלקטרוניקה ומחשבים,5,36,94.56,248559
west,אבו-סלים סלמאן אלשיך,אבו סנאן,ממלכתי,דרוזי,2021,אנגלית,3,57,62.68,248559
west,אבו-סלים סלמאן אלשיך,אבו סנאן,ממלכתי,דרוזי,2021,אנגלית,4,64,75.58,248559
west,אבו-סלים סלמאן אלשיך,אבו סנאן,ממלכתי,דרוזי,2021,אנגלית,5,45,91.82,248559
west,אבו-סלים סלמאן אלשיך,אבו סנאן,ממלכתי,דרוזי,2022,אנגלית,3,32,69.91,248559
west,אבו-סלים סלמאן אלשיך,אבו סנאן,ממלכתי,דרוזי,2022,אנגלית,4,40,74.4,248559
west,אבו-סלים סלמאן אלשיך,אבו סנאן,ממלכתי,דרוזי,2022,אנגלית,5,67,88.06,248559
west,אבו-סלים סלמאן אלשיך,אבו סנאן,ממלכתי,דרוזי,2023,אנגלית,3,41,68.49,248559
west,אבו-סלים סלמאן אלשיך,אבו סנאן,ממלכתי,דרוזי,2023,אנגלית,4,55,69.71,248559
west,אבו-סלים סלמאן אלשיך,אבו סנאן,ממלכתי,דרוזי,2023,אנגלית,5,55,90.93,248559
west,אבו-סלים סלמאן אלשיך,אבו סנאן,ממלכתי,דרוזי,2021,ביולוגיה,5,36,71.72,248559
west,אבו-סלים סלמאן אלשיך,אבו סנאן,ממלכתי,דרוזי,2022,ביולוגיה,5,48,75.02,248559
west,אבו-סלים סלמאן אלשיך,אבו סנאן,ממלכתי,דרוזי,2023,ביולוגיה,5,45,66.2,248559
west,אבו-סלים סלמאן אלשיך,אבו סנאן,ממלכתי,דרוזי,2021,הסטוריה - בי'ס דרוזי,2,172,83.83,248559
west,אבו-סלים סלמאן אלשיך,אבו סנאן,ממלכתי,דרוזי,2022,הסטוריה - בי'ס דרוזי,2,153,90.56,248559
west,אבו-סלים סלמאן אלשיך,אבו סנאן,ממלכתי,דרוזי,2023,הסטוריה - בי'ס דרוזי,2,167,87.11,248559
west,אבו-סלים סלמאן אלשיך,אבו סנאן,ממלכתי,דרוזי,2021,כימיה,5,34,90.85,248559
west,אבו-סלים סלמאן אלשיך,אבו סנאן,ממלכתי,דרוזי,2022,כימיה,5,33,92.55,248559
west,אבו-סלים סלמאן אלשיך,אבו סנאן,ממלכתי,דרוזי,2023,כימיה,5,32,91,248559
west,אבו-סלים סלמאן אלשיך,אבו סנאן,ממלכתי,דרוזי,2021,מדע וטכנולוגיה לכל,5,26,88.27,248559
west,אבו-סלים סלמאן אלשיך,אבו סנאן,ממלכתי,דרוזי,2022,מדע וטכנולוגיה לכל,5,19,85.84,248559
west,אבו-סלים סלמאן אלשיך,אבו סנאן,ממלכתי,דרוזי,2023,מדע וטכנולוגיה לכל,5,26,84.35,248559
west,אבו-סלים סלמאן אלשיך,אבו סנאן,ממלכתי,דרוזי,2021,מדעי לימודי הסביבה,5,16,72.19,248559
west,אבו-סלים סלמאן אלשיך,אבו סנאן,ממלכתי,דרוזי,2023,מדעי לימודי הסביבה,5,16,75,248559
west,אבו-סלים סלמאן אלשיך,אבו סנאן,ממלכתי,דרוזי,2021,מנהל וכלכלה,5,27,74.19,248559
west,אבו-סלים סלמאן אלשיך,אבו סנאן,ממלכתי,דרוזי,2022,מנהל וכלכלה,5,13,76.23,248559
west,אבו-סלים סלמאן אלשיך,אבו סנאן,ממלכתי,דרוזי,2023,מנהל וכלכלה,5,14,78.36,248559
west,אבו-סלים סלמאן אלשיך,אבו סנאן,ממלכתי,דרוזי,2021,מערכות אלקטרוניות,5,28,100,248559
west,אבו-סלים סלמאן אלשיך,אבו סנאן,ממלכתי,דרוזי,2022,מערכות אלקטרוניות,5,37,100,248559
west,אבו-סלים סלמאן אלשיך,אבו סנאן,ממלכתי,דרוזי,2023,מערכות אלקטרוניות,5,35,100,248559
west,אבו-סלים סלמאן אלשיך,אבו סנאן,ממלכתי,דרוזי,2021,מתמטיקה,3,96,73.76,248559
west,אבו-סלים סלמאן אלשיך,אבו סנאן,ממלכתי,דרוזי,2021,מתמטיקה,4,46,79.37,248559
west,אבו-סלים סלמאן אלשיך,אבו סנאן,ממלכתי,דרוזי,2021,מתמטיקה,5,18,89,248559
west,אבו-סלים סלמאן אלשיך,אבו סנאן,ממלכתי,דרוזי,2022,מתמטיקה,3,62,75.97,248559
west,אבו-סלים סלמאן אלשיך,אבו סנאן,ממלכתי,דרוזי,2022,מתמטיקה,4,48,81.19,248559
west,אבו-סלים סלמאן אלשיך,אבו סנאן,ממלכתי,דרוזי,2022,מתמטיקה,5,22,87.77,248559
west,אבו-סלים סלמאן אלשיך,אבו סנאן,ממלכתי,דרוזי,2023,מתמטיקה,3,82,73.5,248559
west,אבו-סלים סלמאן אלשיך,אבו סנאן,ממלכתי,דרוזי,2023,מתמטיקה,4,41,81.54,248559
west,אבו-סלים סלמאן אלשיך,אבו סנאן,ממלכתי,דרוזי,2023,מתמטיקה,5,24,89.08,248559
west,אבו-סלים סלמאן אלשיך,אבו סנאן,ממלכתי,דרוזי,2021,עברית בחינוך הדרוזי,3,112,68.89,248559
west,אבו-סלים סלמאן אלשיך,אבו סנאן,ממלכתי,דרוזי,2021,עברית בחינוך הדרוזי,5,59,90.34,248559
west,אבו-סלים סלמאן אלשיך,אבו סנאן,ממלכתי,דרוזי,2022,עברית בחינוך הדרוזי,3,92,70.95,248559
west,אבו-סלים סלמאן אלשיך,אבו סנאן,ממלכתי,דרוזי,2022,עברית בחינוך הדרוזי,5,54,92.02,248559
west,אבו-סלים סלמאן אלשיך,אבו סנאן,ממלכתי,דרוזי,2023,עברית בחינוך הדרוזי,3,116,65.38,248559
west,אבו-סלים סלמאן אלשיך,אבו סנאן,ממלכתי,דרוזי,2023,עברית בחינוך הדרוזי,5,36,89.17,248559
west,אבו-סלים סלמאן אלשיך,אבו סנאן,ממלכתי,דרוזי,2021,ערבית לדרוזים,3,34,66.32,248559
west,אבו-סלים סלמאן אלשיך,אבו סנאן,ממלכתי,דרוזי,2021,ערבית לדרוזים,5,130,83.73,248559
west,אבו-סלים סלמאן אלשיך,אבו סנאן,ממלכתי,דרוזי,2022,ערבית לדרוזים,3,32,69.88,248559
west,אבו-סלים סלמאן אלשיך,אבו סנאן,ממלכתי,דרוזי,2022,ערבית לדרוזים,5,111,86.55,248559
west,אבו-סלים סלמאן אלשיך,אבו סנאן,ממלכתי,דרוזי,2023,ערבית לדרוזים,3,14,63.64,248559
west,אבו-סלים סלמאן אלשיך,אבו סנאן,ממלכתי,דרוזי,2023,ערבית לדרוזים,5,141,81.19,248559
west,אבו-סלים סלמאן אלשיך,אבו סנאן,ממלכתי,דרוזי,2021,פיסיקה,5,18,90,248559
west,אבו-סלים סלמאן אלשיך,אבו סנאן,ממלכתי,דרוזי,2022,פיסיקה,5,16,89.44,248559
west,אבו-סלים סלמאן אלשיך,אבו סנאן,ממלכתי,דרוזי,2023,פיסיקה,5,20,91.15,248559
west,"מקיף בית ג'ן חט""ב המ",בית ג'ן,ממלכתי,דרוזי,2021,אזרחות,2,192,72.76,248179
west,"מקיף בית ג'ן חט""ב המ",בית ג'ן,ממלכתי,דרוזי,2022,אזרחות,2,172,70.47,248179
west,"מקיף בית ג'ן חט""ב המ",בית ג'ן,ממלכתי,דרוזי,2023,אזרחות,2,204,73.68,248179
west,"מקיף בית ג'ן חט""ב המ",בית ג'ן,ממלכתי,דרוזי,2021,אלקטרוניקה ומחשבים,5,55,84.64,248179
west,"מקיף בית ג'ן חט""ב המ",בית ג'ן,ממלכתי,דרוזי,2022,אלקטרוניקה ומחשבים,5,43,87.12,248179
west,"מקיף בית ג'ן חט""ב המ",בית ג'ן,ממלכתי,דרוזי,2023,אלקטרוניקה ומחשבים,5,55,78.25,248179
west,"מקיף בית ג'ן חט""ב המ",בית ג'ן,ממלכתי,דרוזי,2021,אנגלית,3,37,67.14,248179
west,"מקיף בית ג'ן חט""ב המ",בית ג'ן,ממלכתי,דרוזי,2021,אנגלית,4,79,72.13,248179
west,"מקיף בית ג'ן חט""ב המ",בית ג'ן,ממלכתי,דרוזי,2021,אנגלית,5,76,81.86,248179
west,"מקיף בית ג'ן חט""ב המ",בית ג'ן,ממלכתי,דרוזי,2022,אנגלית,3,23,73.39,248179
west,"מקיף בית ג'ן חט""ב המ",בית ג'ן,ממלכתי,דרוזי,2022,אנגלית,4,74,70.91,248179
west,"מקיף בית ג'ן חט""ב המ",בית ג'ן,ממלכתי,דרוזי,2022,אנגלית,5,74,82.15,248179
west,"מקיף בית ג'ן חט""ב המ",בית ג'ן,ממלכתי,דרוזי,2023,אנגלית,3,43,70.79,248179
west,"מקיף בית ג'ן חט""ב המ",בית ג'ן,ממלכתי,דרוזי,2023,אנגלית,4,82,71.74,248179
west,"מקיף בית ג'ן חט""ב המ",בית ג'ן,ממלכתי,דרוזי,2023,אנגלית,5,79,83,248179
west,"מקיף בית ג'ן חט""ב המ",בית ג'ן,ממלכתי,דרוזי,2021,ביולוגיה,5,19,81.42,248179
west,"מקיף בית ג'ן חט""ב המ",בית ג'ן,ממלכתי,דרוזי,2022,ביולוגיה,5,14,80.14,248179
west,"מקיף בית ג'ן חט""ב המ",בית ג'ן,ממלכתי,דרוזי,2023,ביולוגיה,5,17,81.12,248179
west,"מקיף בית ג'ן חט""ב המ",בית ג'ן,ממלכתי,דרוזי,2021,הסטוריה - בי'ס דרוזי,2,192,80.46,248179
west,"מקיף בית ג'ן חט""ב המ",בית ג'ן,ממלכתי,דרוזי,2022,הסטוריה - בי'ס דרוזי,2,172,84.56,248179
west,"מקיף בית ג'ן חט""ב המ",בית ג'ן,ממלכתי,דרוזי,2023,הסטוריה - בי'ס דרוזי,2,204,85.66,248179
west,"מקיף בית ג'ן חט""ב המ",בית ג'ן,ממלכתי,דרוזי,2021,חשבונאות,5,29,75.21,248179
west,"מקיף בית ג'ן חט""ב המ",בית ג'ן,ממלכתי,דרוזי,2022,חשבונאות,5,26,79.08,248179
west,"מקיף בית ג'ן חט""ב המ",בית ג'ן,ממלכתי,דרוזי,2023,חשבונאות,5,25,73.2,248179
west,"מקיף בית ג'ן חט""ב המ",בית ג'ן,ממלכתי,דרוזי,2021,ישומים בביוטכנולוגיה,5,29,76.14,248179
west,"מקיף בית ג'ן חט""ב המ",בית ג'ן,ממלכתי,דרוזי,2022,ישומים בביוטכנולוגיה,5,28,78.04,248179
west,"מקיף בית ג'ן חט""ב המ",בית ג'ן,ממלכתי,דרוזי,2023,ישומים בביוטכנולוגיה,5,35,73.17,248179
west,"מקיף בית ג'ן חט""ב המ",בית ג'ן,ממלכתי,דרוזי,2021,כימיה,5,15,71.2,248179
west,"מקיף בית ג'ן חט""ב המ",בית ג'ן,ממלכתי,דרוזי,2022,כימיה,5,14,78.5,248179
west,"מקיף בית ג'ן חט""ב המ",בית ג'ן,ממלכתי,דרוזי,2023,כימיה,5,14,76,248179
west,"מקיף בית ג'ן חט""ב המ",בית ג'ן,ממלכתי,דרוזי,2021,מדע וטכנולוגיה לכל,5,97,82.48,248179
west,"מקיף בית ג'ן חט""ב המ",בית ג'ן,ממלכתי,דרוזי,2022,מדע וטכנולוגיה לכל,5,84,84.2,248179
west,"מקיף בית ג'ן חט""ב המ",בית ג'ן,ממלכתי,דרוזי,2023,מדע וטכנולוגיה לכל,5,108,79.41,248179
west,"מקיף בית ג'ן חט""ב המ",בית ג'ן,ממלכתי,דרוזי,2021,מנהל וכלכלה,5,55,76.89,248179
west,"מקיף בית ג'ן חט""ב המ",בית ג'ן,ממלכתי,דרוזי,2022,מנהל וכלכלה,5,49,78,248179
west,"מקיף בית ג'ן חט""ב המ",בית ג'ן,ממלכתי,דרוזי,2023,מנהל וכלכלה,5,43,78.7,248179
west,"מקיף בית ג'ן חט""ב המ",בית ג'ן,ממלכתי,דרוזי,2021,מערכות אלקטרוניות,3,22,80.82,248179
west,"מקיף בית ג'ן חט""ב המ",בית ג'ן,ממלכתי,דרוזי,2021,מערכות אלקטרוניות,5,33,92.67,248179
west,"מקיף בית ג'ן חט""ב המ",בית ג'ן,ממלכתי,דרוזי,2022,מערכות אלקטרוניות,3,19,82.26,248179
west,"מקיף בית ג'ן חט""ב המ",בית ג'ן,ממלכתי,דרוזי,2022,מערכות אלקטרוניות,5,34,93.82,248179
west,"מקיף בית ג'ן חט""ב המ",בית ג'ן,ממלכתי,דרוזי,2023,מערכות אלקטרוניות,3,22,78.68,248179
west,"מקיף בית ג'ן חט""ב המ",בית ג'ן,ממלכתי,דרוזי,2023,מערכות אלקטרוניות,5,38,93.5,248179
west,"מקיף בית ג'ן חט""ב המ",בית ג'ן,ממלכתי,דרוזי,2021,מערכות ביוטכנולוגיה,5,28,66.96,248179
west,"מקיף בית ג'ן חט""ב המ",בית ג'ן,ממלכתי,דרוזי,2022,מערכות ביוטכנולוגיה,5,28,78.11,248179
west,"מקיף בית ג'ן חט""ב המ",בית ג'ן,ממלכתי,דרוזי,2023,מערכות ביוטכנולוגיה,5,21,76.24,248179
west,"מקיף בית ג'ן חט""ב המ",בית ג'ן,ממלכתי,דרוזי,2021,מערכות פקוד ובקרה,3,14,74.43,248179
west,"מקיף בית ג'ן חט""ב המ",בית ג'ן,ממלכתי,דרוזי,2022,מערכות פקוד ובקרה,3,13,67.23,248179
west,"מקיף בית ג'ן חט""ב המ",בית ג'ן,ממלכתי,דרוזי,2023,מערכות פקוד ובקרה,3,14,74.79,248179
west,"מקיף בית ג'ן חט""ב המ",בית ג'ן,ממלכתי,דרוזי,2021,מתמטיקה,3,124,74.23,248179
west,"מקיף בית ג'ן חט""ב המ",בית ג'ן,ממלכתי,דרוזי,2021,מתמטיקה,4,50,75.94,248179
west,"מקיף בית ג'ן חט""ב המ",בית ג'ן,ממלכתי,דרוזי,2021,מתמטיקה,5,17,65.35,248179
west,"מקיף בית ג'ן חט""ב המ",בית ג'ן,ממלכתי,דרוזי,2022,מתמטיקה,3,95,70.87,248179
west,"מקיף בית ג'ן חט""ב המ",בית ג'ן,ממלכתי,דרוזי,2022,מתמטיקה,4,50,76.78,248179
west,"מקיף בית ג'ן חט""ב המ",בית ג'ן,ממלכתי,דרוזי,2022,מתמטיקה,5,27,74.67,248179
west,"מקיף בית ג'ן חט""ב המ",בית ג'ן,ממלכתי,דרוזי,2023,מתמטיקה,3,125,73.11,248179
west,"מקיף בית ג'ן חט""ב המ",בית ג'ן,ממלכתי,דרוזי,2023,מתמטיקה,4,54,75.72,248179
west,"מקיף בית ג'ן חט""ב המ",בית ג'ן,ממלכתי,דרוזי,2023,מתמטיקה,5,24,72.38,248179
west,"מקיף בית ג'ן חט""ב המ",בית ג'ן,ממלכתי,דרוזי,2021,ניהול משאבי אנוש,3,25,89.64,248179
west,"מקיף בית ג'ן חט""ב המ",בית ג'ן,ממלכתי,דרוזי,2022,ניהול משאבי אנוש,3,23,84.78,248179
west,"מקיף בית ג'ן חט""ב המ",בית ג'ן,ממלכתי,דרוזי,2023,ניהול משאבי אנוש,3,27,78.56,248179
west,"מקיף בית ג'ן חט""ב המ",בית ג'ן,ממלכתי,דרוזי,2021,עברית בחינוך הדרוזי,3,100,63.52,248179
west,"מקיף בית ג'ן חט""ב המ",בית ג'ן,ממלכתי,דרוזי,2021,עברית בחינוך הדרוזי,5,92,83.76,248179
west,"מקיף בית ג'ן חט""ב המ",בית ג'ן,ממלכתי,דרוזי,2022,עברית בחינוך הדרוזי,3,95,68.78,248179
west,"מקיף בית ג'ן חט""ב המ",בית ג'ן,ממלכתי,דרוזי,2022,עברית בחינוך הדרוזי,5,77,87.74,248179
west,"מקיף בית ג'ן חט""ב המ",בית ג'ן,ממלכתי,דרוזי,2023,עברית בחינוך הדרוזי,3,123,66.43,248179
west,"מקיף בית ג'ן חט""ב המ",בית ג'ן,ממלכתי,דרוזי,2023,עברית בחינוך הדרוזי,5,80,86.16,248179
west,"מקיף בית ג'ן חט""ב המ",בית ג'ן,ממלכתי,דרוזי,2021,ערבית לדרוזים,5,191,76.97,248179
west,"מקיף בית ג'ן חט""ב המ",בית ג'ן,ממלכתי,דרוזי,2022,ערבית לדרוזים,5,168,79.05,248179
west,"מקיף בית ג'ן חט""ב המ",בית ג'ן,ממלכתי,דרוזי,2023,ערבית לדרוזים,3,111,70.79,248179
west,"מקיף בית ג'ן חט""ב המ",בית ג'ן,ממלכתי,דרוזי,2023,ערבית לדרוזים,5,92,86.35,248179
west,"מקיף בית ג'ן חט""ב המ",בית ג'ן,ממלכתי,דרוזי,2021,פיסיקה,5,39,80.77,248179
west,"מקיף בית ג'ן חט""ב המ",בית ג'ן,ממלכתי,דרוזי,2022,פיסיקה,5,41,85.05,248179
west,"מקיף בית ג'ן חט""ב המ",בית ג'ן,ממלכתי,דרוזי,2023,פיסיקה,5,44,81.59,248179
west,מקיף גדידה,ג'דיידה-מכר,ממלכתי,ערבי,2021,אזרחות,2,240,76.56,248625
west,מקיף גדידה,ג'דיידה-מכר,ממלכתי,ערבי,2022,אזרחות,2,197,77.78,248625
west,מקיף גדידה,ג'דיידה-מכר,ממלכתי,ערבי,2023,אזרחות,2,230,79.05,248625
west,מקיף גדידה,ג'דיידה-מכר,ממלכתי,ערבי,2021,אלקטרוניקה ומחשבים,5,30,92.23,248625
west,מקיף גדידה,ג'דיידה-מכר,ממלכתי,ערבי,2022,אלקטרוניקה ומחשבים,5,21,95.57,248625
west,מקיף גדידה,ג'דיידה-מכר,ממלכתי,ערבי,2023,אלקטרוניקה ומחשבים,5,12,95.92,248625
west,מקיף גדידה,ג'דיידה-מכר,ממלכתי,ערבי,2021,אנגלית,3,101,68.35,248625
west,מקיף גדידה,ג'דיידה-מכר,ממלכתי,ערבי,2021,אנגלית,4,78,75.91,248625
west,מקיף גדידה,ג'דיידה-מכר,ממלכתי,ערבי,2021,אנגלית,5,57,87.98,248625
west,מקיף גדידה,ג'דיידה-מכר,ממלכתי,ערבי,2022,אנגלית,3,65,68.2,248625
west,מקיף גדידה,ג'דיידה-מכר,ממלכתי,ערבי,2022,אנגלית,4,68,72.74,248625
west,מקיף גדידה,ג'דיידה-מכר,ממלכתי,ערבי,2022,אנגלית,5,59,87.66,248625
west,מקיף גדידה,ג'דיידה-מכר,ממלכתי,ערבי,2023,אנגלית,3,72,63.89,248625
west,מקיף גדידה,ג'דיידה-מכר,ממלכתי,ערבי,2023,אנגלית,4,75,72.07,248625
west,מקיף גדידה,ג'דיידה-מכר,ממלכתי,ערבי,2023,אנגלית,5,65,88.46,248625
west,מקיף גדידה,ג'דיידה-מכר,ממלכתי,ערבי,2021,ביולוגיה,5,47,71.89,248625
west,מקיף גדידה,ג'דיידה-מכר,ממלכתי,ערבי,2022,ביולוגיה,5,42,71.02,248625
west,מקיף גדידה,ג'דיידה-מכר,ממלכתי,ערבי,2023,ביולוגיה,5,50,74.68,248625
west,מקיף גדידה,ג'דיידה-מכר,ממלכתי,ערבי,2021,הסטוריה - בי'ס ערבי,2,229,82.75,248625
west,מקיף גדידה,ג'דיידה-מכר,ממלכתי,ערבי,2022,הסטוריה - בי'ס ערבי,2,188,88.63,248625
west,מקיף גדידה,ג'דיידה-מכר,ממלכתי,ערבי,2022,הסטוריה - בי'ס ערבי,5,11,76.55,248625
west,מקיף גדידה,ג'דיידה-מכר,ממלכתי,ערבי,2023,הסטוריה - בי'ס ערבי,2,218,85.77,248625
west,מקיף גדידה,ג'דיידה-מכר,ממלכתי,ערבי,2023,הסטוריה - בי'ס ערבי,5,12,69.92,248625
west,מקיף גדידה,ג'דיידה-מכר,ממלכתי,ערבי,2021,הפקות בתקשורת,3,23,81.96,248625
west,מקיף גדידה,ג'דיידה-מכר,ממלכתי,ערבי,2022,הפקות בתקשורת,3,12,84.58,248625
west,מקיף גדידה,ג'דיידה-מכר,ממלכתי,ערבי,2023,הפקות בתקשורת,3,13,84.23,248625
west,מקיף גדידה,ג'דיידה-מכר,ממלכתי,ערבי,2021,חשבונאות,5,19,84.47,248625
west,מקיף גדידה,ג'דיידה-מכר,ממלכתי,ערבי,2022,חשבונאות,5,21,90.1,248625
west,מקיף גדידה,ג'דיידה-מכר,ממלכתי,ערבי,2023,חשבונאות,5,20,77.2,248625
west,מקיף גדידה,ג'דיידה-מכר,ממלכתי,ערבי,2021,כימיה,5,29,83.86,248625
west,מקיף גדידה,ג'דיידה-מכר,ממלכתי,ערבי,2022,כימיה,5,39,80.97,248625
west,מקיף גדידה,ג'דיידה-מכר,ממלכתי,ערבי,2023,כימיה,5,40,89.42,248625
west,מקיף גדידה,ג'דיידה-מכר,ממלכתי,ערבי,2022,מדעי הבריאות,5,15,83.27,248625
west,מקיף גדידה,ג'דיידה-מכר,ממלכתי,ערבי,2021,מדעי לימודי הסביבה,5,51,70.73,248625
west,מקיף גדידה,ג'דיידה-מכר,ממלכתי,ערבי,2022,מדעי לימודי הסביבה,5,63,71.94,248625
west,מקיף גדידה,ג'דיידה-מכר,ממלכתי,ערבי,2023,מדעי לימודי הסביבה,5,70,72.39,248625
west,מקיף גדידה,ג'דיידה-מכר,ממלכתי,ערבי,2021,מנהל וכלכלה,5,21,83.48,248625
west,מקיף גדידה,ג'דיידה-מכר,ממלכתי,ערבי,2022,מנהל וכלכלה,5,24,85.5,248625
west,מקיף גדידה,ג'דיידה-מכר,ממלכתי,ערבי,2023,מנהל וכלכלה,5,22,88.64,248625
west,מקיף גדידה,ג'דיידה-מכר,ממלכתי,ערבי,2021,מערכות אלקטרוניות,5,29,95.93,248625
west,מקיף גדידה,ג'דיידה-מכר,ממלכתי,ערבי,2022,מערכות אלקטרוניות,5,21,98.43,248625
west,מקיף גדידה,ג'דיידה-מכר,ממלכתי,ערבי,2023,מערכות אלקטרוניות,5,11,99.64,248625
west,מקיף גדידה,ג'דיידה-מכר,ממלכתי,ערבי,2021,מערכות תקשוב,5,52,69.08,248625
west,מקיף גדידה,ג'דיידה-מכר,ממלכתי,ערבי,2022,מערכות תקשוב,5,30,65.07,248625
west,מקיף גדידה,ג'דיידה-מכר,ממלכתי,ערבי,2023,מערכות תקשוב,5,31,64.48,248625
west,מקיף גדידה,ג'דיידה-מכר,ממלכתי,ערבי,2021,מתמטיקה,3,165,73.68,248625
west,מקיף גדידה,ג'דיידה-מכר,ממלכתי,ערבי,2021,מתמטיקה,4,38,81.29,248625
west,מקיף גדידה,ג'דיידה-מכר,ממלכתי,ערבי,2021,מתמטיקה,5,21,86.19,248625
west,מקיף גדידה,ג'דיידה-מכר,ממלכתי,ערבי,2022,מתמטיקה,3,120,71.86,248625
west,מקיף גדידה,ג'דיידה-מכר,ממלכתי,ערבי,2022,מתמטיקה,4,39,80.64,248625
west,מקיף גדידה,ג'דיידה-מכר,ממלכתי,ערבי,2022,מתמטיקה,5,26,82.15,248625
west,מקיף גדידה,ג'דיידה-מכר,ממלכתי,ערבי,2023,מתמטיקה,3,99,70.41,248625
west,מקיף גדידה,ג'דיידה-מכר,ממלכתי,ערבי,2023,מתמטיקה,4,63,80.46,248625
west,מקיף גדידה,ג'דיידה-מכר,ממלכתי,ערבי,2023,מתמטיקה,5,23,82.57,248625
west,מקיף גדידה,ג'דיידה-מכר,ממלכתי,ערבי,2021,עברית בחינוך הערבי,3,139,71.85,248625
west,מקיף גדידה,ג'דיידה-מכר,ממלכתי,ערבי,2021,עברית בחינוך הערבי,5,97,86.62,248625
west,מקיף גדידה,ג'דיידה-מכר,ממלכתי,ערבי,2022,עברית בחינוך הערבי,3,85,68.92,248625
west,מקיף גדידה,ג'דיידה-מכר,ממלכתי,ערבי,2022,עברית בחינוך הערבי,5,111,85.79,248625
west,מקיף גדידה,ג'דיידה-מכר,ממלכתי,ערבי,2023,עברית בחינוך הערבי,3,100,67.71,248625
west,מקיף גדידה,ג'דיידה-מכר,ממלכתי,ערבי,2023,עברית בחינוך הערבי,5,115,87.6,248625
west,מקיף גדידה,ג'דיידה-מכר,ממלכתי,ערבי,2021,ערבית לערבים,3,211,75.43,248625
west,מקיף גדידה,ג'דיידה-מכר,ממלכתי,ערבי,2021,ערבית לערבים,5,26,92.54,248625
west,מקיף גדידה,ג'דיידה-מכר,ממלכתי,ערבי,2022,ערבית לערבים,3,167,74.97,248625
west,מקיף גדידה,ג'דיידה-מכר,ממלכתי,ערבי,2022,ערבית לערבים,5,26,90.27,248625
west,מקיף גדידה,ג'דיידה-מכר,ממלכתי,ערבי,2023,ערבית לערבים,3,185,74.66,248625
west,מקיף גדידה,ג'דיידה-מכר,ממלכתי,ערבי,2023,ערבית לערבים,5,21,88.71,248625
west,מקיף גדידה,ג'דיידה-מכר,ממלכתי,ערבי,2021,פיסיקה,5,30,89.03,248625
west,מקיף גדידה,ג'דיידה-מכר,ממלכתי,ערבי,2022,פיסיקה,5,29,91.55,248625
west,מקיף גדידה,ג'דיידה-מכר,ממלכתי,ערבי,2023,פיסיקה,5,32,89.16,248625
west,מקיף גדידה,ג'דיידה-מכר,ממלכתי,ערבי,2021,תקשורת וחברה,5,28,73.21,248625
west,מקיף גדידה,ג'דיידה-מכר,ממלכתי,ערבי,2022,תקשורת וחברה,5,12,74.92,248625
west,מקיף גדידה,ג'דיידה-מכר,ממלכתי,ערבי,2023,תקשורת וחברה,5,13,68.31,248625
west,מקיף גדידה,ג'דיידה-מכר,ממלכתי,ערבי,2021,תשתיות מחשוב ותקשוב,5,49,69.76,248625
west,מקיף גדידה,ג'דיידה-מכר,ממלכתי,ערבי,2022,תשתיות מחשוב ותקשוב,5,26,61,248625
west,מקיף גדידה,ג'דיידה-מכר,ממלכתי,ערבי,2023,תשתיות מחשוב ותקשוב,5,29,63.52,248625
west,"חט""ע מכר-ג'דידה",ג'דיידה-מכר,ממלכתי,ערבי,2021,אזרחות,2,67,84.63,248757
west,"חט""ע מכר-ג'דידה",ג'דיידה-מכר,ממלכתי,ערבי,2022,אזרחות,2,76,85.66,248757
west,"חט""ע מכר-ג'דידה",ג'דיידה-מכר,ממלכתי,ערבי,2023,אזרחות,2,74,86.2,248757
west,"חט""ע מכר-ג'דידה",ג'דיידה-מכר,ממלכתי,ערבי,2021,אנגלית,4,37,73.32,248757
west,"חט""ע מכר-ג'דידה",ג'דיידה-מכר,ממלכתי,ערבי,2021,אנגלית,5,28,86.64,248757
west,"חט""ע מכר-ג'דידה",ג'דיידה-מכר,ממלכתי,ערבי,2022,אנגלית,4,37,72.95,248757
west,"חט""ע מכר-ג'דידה",ג'דיידה-מכר,ממלכתי,ערבי,2022,אנגלית,5,30,88.5,248757
west,"חט""ע מכר-ג'דידה",ג'דיידה-מכר,ממלכתי,ערבי,2023,אנגלית,3,19,77.89,248757
west,"חט""ע מכר-ג'דידה",ג'דיידה-מכר,ממלכתי,ערבי,2023,אנגלית,4,26,76.15,248757
west,"חט""ע מכר-ג'דידה",ג'דיידה-מכר,ממלכתי,ערבי,2023,אנגלית,5,27,88.33,248757
west,"חט""ע מכר-ג'דידה",ג'דיידה-מכר,ממלכתי,ערבי,2021,ביולוגיה,5,48,77.46,248757
west,"חט""ע מכר-ג'דידה",ג'דיידה-מכר,ממלכתי,ערבי,2022,ביולוגיה,5,41,69.05,248757
west,"חט""ע מכר-ג'דידה",ג'דיידה-מכר,ממלכתי,ערבי,2023,ביולוגיה,5,39,65.28,248757
west,"חט""ע מכר-ג'דידה",ג'דיידה-מכר,ממלכתי,ערבי,2021,הסטוריה - בי'ס ערבי,2,67,91.15,248757
west,"חט""ע מכר-ג'דידה",ג'דיידה-מכר,ממלכתי,ערבי,2022,הסטוריה - בי'ס ערבי,2,76,94.91,248757
west,"חט""ע מכר-ג'דידה",ג'דיידה-מכר,ממלכתי,ערבי,2023,הסטוריה - בי'ס ערבי,2,74,97.12,248757
west,"חט""ע מכר-ג'דידה",ג'דיידה-מכר,ממלכתי,ערבי,2021,כימיה,5,26,85.85,248757
west,"חט""ע מכר-ג'דידה",ג'דיידה-מכר,ממלכתי,ערבי,2022,כימיה,5,26,88.42,248757
west,"חט""ע מכר-ג'דידה",ג'דיידה-מכר,ממלכתי,ערבי,2023,כימיה,5,12,86.67,248757
west,"חט""ע מכר-ג'דידה",ג'דיידה-מכר,ממלכתי,ערבי,2021,מדעי לימודי הסביבה,5,34,84.26,248757
west,"חט""ע מכר-ג'דידה",ג'דיידה-מכר,ממלכתי,ערבי,2022,מדעי לימודי הסביבה,5,34,84.91,248757
west,"חט""ע מכר-ג'דידה",ג'דיידה-מכר,ממלכתי,ערבי,2023,מדעי לימודי הסביבה,5,37,76.3,248757
west,"חט""ע מכר-ג'דידה",ג'דיידה-מכר,ממלכתי,ערבי,2021,מתמטיקה,3,35,81.31,248757
west,"חט""ע מכר-ג'דידה",ג'דיידה-מכר,ממלכתי,ערבי,2021,מתמטיקה,4,25,78.6,248757
west,"חט""ע מכר-ג'דידה",ג'דיידה-מכר,ממלכתי,ערבי,2022,מתמטיקה,3,39,74.05,248757
west,"חט""ע מכר-ג'דידה",ג'דיידה-מכר,ממלכתי,ערבי,2022,מתמטיקה,4,28,78.68,248757
west,"חט""ע מכר-ג'דידה",ג'דיידה-מכר,ממלכתי,ערבי,2023,מתמטיקה,3,36,72.89,248757
west,"חט""ע מכר-ג'דידה",ג'דיידה-מכר,ממלכתי,ערבי,2023,מתמטיקה,4,25,78.76,248757
west,"חט""ע מכר-ג'דידה",ג'דיידה-מכר,ממלכתי,ערבי,2021,עברית בחינוך הערבי,3,12,81.75,248757
west,"חט""ע מכר-ג'דידה",ג'דיידה-מכר,ממלכתי,ערבי,2021,עברית בחינוך הערבי,5,55,86.87,248757
west,"חט""ע מכר-ג'דידה",ג'דיידה-מכר,ממלכתי,ערבי,2022,עברית בחינוך הערבי,3,21,77.38,248757
west,"חט""ע מכר-ג'דידה",ג'דיידה-מכר,ממלכתי,ערבי,2022,עברית בחינוך הערבי,5,55,83.51,248757
west,"חט""ע מכר-ג'דידה",ג'דיידה-מכר,ממלכתי,ערבי,2023,עברית בחינוך הערבי,3,13,65.85,248757
west,"חט""ע מכר-ג'דידה",ג'דיידה-מכר,ממלכתי,ערבי,2023,עברית בחינוך הערבי,5,60,84.58,248757
west,"חט""ע מכר-ג'דידה",ג'דיידה-מכר,ממלכתי,ערבי,2021,ערבית לערבים,3,67,85.78,248757
west,"חט""ע מכר-ג'דידה",ג'דיידה-מכר,ממלכתי,ערבי,2022,ערבית לערבים,3,76,83.39,248757
west,"חט""ע מכר-ג'דידה",ג'דיידה-מכר,ממלכתי,ערבי,2023,ערבית לערבים,3,72,77.33,248757
west,"חט""ע מכר-ג'דידה",ג'דיידה-מכר,ממלכתי,ערבי,2021,פיסיקה,5,16,83.81,248757
west,"חט""ע מכר-ג'דידה",ג'דיידה-מכר,ממלכתי,ערבי,2022,פיסיקה,5,16,80.31,248757
west,"חט""ע מכר-ג'דידה",ג'דיידה-מכר,ממלכתי,ערבי,2023,פיסיקה,5,23,77.09,248757
west,"טכנולוגי נעמ""ת",ג'דיידה-מכר,ממלכתי,ערבי,2022,אזרחות,2,13,64.15,278267
west,"טכנולוגי נעמ""ת",ג'דיידה-מכר,ממלכתי,ערבי,2022,הסטוריה - בי'ס ערבי,2,13,84.15,278267
west,"טכנולוגי נעמ""ת",ג'דיידה-מכר,ממלכתי,ערבי,2022,מדע וטכנולוגיה לכל,5,16,84.06,278267
west,"טכנולוגי נעמ""ת",ג'דיידה-מכר,ממלכתי,ערבי,2022,מתמטיקה,3,13,66.77,278267
west,"טכנולוגי נעמ""ת",ג'דיידה-מכר,ממלכתי,ערבי,2022,עברית בחינוך הערבי,3,12,60.33,278267
west,"טכנולוגי נעמ""ת",ג'דיידה-מכר,ממלכתי,ערבי,2022,ערבית לערבים,3,13,66.08,278267
west,דרכא ג'וליס,ג'וליס,ממלכתי,דרוזי,2021,אזרחות,2,83,76.67,247833
west,דרכא ג'וליס,ג'וליס,ממלכתי,דרוזי,2022,אזרחות,2,87,73,247833
west,דרכא ג'וליס,ג'וליס,ממלכתי,דרוזי,2023,אזרחות,2,88,82.24,247833
west,דרכא ג'וליס,ג'וליס,ממלכתי,דרוזי,2021,אנגלית,3,23,65.26,247833
west,דרכא ג'וליס,ג'וליס,ממלכתי,דרוזי,2021,אנגלית,4,19,73.53,247833
west,דרכא ג'וליס,ג'וליס,ממלכתי,דרוזי,2021,אנגלית,5,40,82.67,247833
west,דרכא ג'וליס,ג'וליס,ממלכתי,דרוזי,2022,אנגלית,3,24,69.21,247833
west,דרכא ג'וליס,ג'וליס,ממלכתי,דרוזי,2022,אנגלית,4,22,74.59,247833
west,דרכא ג'וליס,ג'וליס,ממלכתי,דרוזי,2022,אנגלית,5,41,85.59,247833
west,דרכא ג'וליס,ג'וליס,ממלכתי,דרוזי,2023,אנגלית,3,14,63.07,247833
west,דרכא ג'וליס,ג'וליס,ממלכתי,דרוזי,2023,אנגלית,4,21,70.43,247833
west,דרכא ג'וליס,ג'וליס,ממלכתי,דרוזי,2023,אנגלית,5,51,83.41,247833
west,דרכא ג'וליס,ג'וליס,ממלכתי,דרוזי,2021,ביולוגיה,5,24,77.83,247833
west,דרכא ג'וליס,ג'וליס,ממלכתי,דרוזי,2022,ביולוגיה,5,26,79.73,247833
west,דרכא ג'וליס,ג'וליס,ממלכתי,דרוזי,2023,ביולוגיה,5,23,75.87,247833
west,דרכא ג'וליס,ג'וליס,ממלכתי,דרוזי,2021,הסטוריה - בי'ס דרוזי,2,85,88.44,247833
west,דרכא ג'וליס,ג'וליס,ממלכתי,דרוזי,2022,הסטוריה - בי'ס דרוזי,2,87,87.26,247833
west,דרכא ג'וליס,ג'וליס,ממלכתי,דרוזי,2023,הסטוריה - בי'ס דרוזי,2,88,87.59,247833
west,דרכא ג'וליס,ג'וליס,ממלכתי,דרוזי,2021,כימיה,5,13,79.38,247833
west,דרכא ג'וליס,ג'וליס,ממלכתי,דרוזי,2022,כימיה,5,22,74.64,247833
west,דרכא ג'וליס,ג'וליס,ממלכתי,דרוזי,2023,כימיה,5,25,77.76,247833
west,דרכא ג'וליס,ג'וליס,ממלכתי,דרוזי,2021,מדעי המחשב,5,17,88.24,247833
west,דרכא ג'וליס,ג'וליס,ממלכתי,דרוזי,2022,מדעי המחשב,5,13,66.77,247833
west,דרכא ג'וליס,ג'וליס,ממלכתי,דרוזי,2023,מדעי המחשב,5,16,77.56,247833
west,דרכא ג'וליס,ג'וליס,ממלכתי,דרוזי,2021,מדעי לימודי הסביבה,5,15,86.33,247833
west,דרכא ג'וליס,ג'וליס,ממלכתי,דרוזי,2022,מדעי לימודי הסביבה,5,17,80.53,247833
west,דרכא ג'וליס,ג'וליס,ממלכתי,דרוזי,2023,מדעי לימודי הסביבה,5,18,81.5,247833
west,דרכא ג'וליס,ג'וליס,ממלכתי,דרוזי,2021,מערכות תקשוב,5,15,60.27,247833
west,דרכא ג'וליס,ג'וליס,ממלכתי,דרוזי,2022,מערכות תקשוב,5,16,70.06,247833
west,דרכא ג'וליס,ג'וליס,ממלכתי,דרוזי,2023,מערכות תקשוב,5,20,74.2,247833
west,דרכא ג'וליס,ג'וליס,ממלכתי,דרוזי,2021,מתמטיקה,3,39,74.33,247833
west,דרכא ג'וליס,ג'וליס,ממלכתי,דרוזי,2021,מתמטיקה,4,31,78,247833
west,דרכא ג'וליס,ג'וליס,ממלכתי,דרוזי,2021,מתמטיקה,5,11,78.45,247833
west,דרכא ג'וליס,ג'וליס,ממלכתי,דרוזי,2022,מתמטיקה,3,39,70.21,247833
west,דרכא ג'וליס,ג'וליס,ממלכתי,דרוזי,2022,מתמטיקה,4,34,78.47,247833
west,דרכא ג'וליס,ג'וליס,ממלכתי,דרוזי,2023,מתמטיקה,3,44,73.57,247833
west,דרכא ג'וליס,ג'וליס,ממלכתי,דרוזי,2023,מתמטיקה,4,21,79.86,247833
west,דרכא ג'וליס,ג'וליס,ממלכתי,דרוזי,2023,מתמטיקה,5,21,77.14,247833
west,דרכא ג'וליס,ג'וליס,ממלכתי,דרוזי,2021,עברית בחינוך הדרוזי,3,39,65.82,247833
west,דרכא ג'וליס,ג'וליס,ממלכתי,דרוזי,2021,עברית בחינוך הדרוזי,5,45,88.02,247833
west,דרכא ג'וליס,ג'וליס,ממלכתי,דרוזי,2022,עברית בחינוך הדרוזי,3,33,63.42,247833
west,דרכא ג'וליס,ג'וליס,ממלכתי,דרוזי,2022,עברית בחינוך הדרוזי,5,54,89.28,247833
west,דרכא ג'וליס,ג'וליס,ממלכתי,דרוזי,2023,עברית בחינוך הדרוזי,3,34,69.44,247833
west,דרכא ג'וליס,ג'וליס,ממלכתי,דרוזי,2023,עברית בחינוך הדרוזי,5,52,89.63,247833
west,דרכא ג'וליס,ג'וליס,ממלכתי,דרוזי,2021,ערבית לדרוזים,3,20,61.8,247833
west,דרכא ג'וליס,ג'וליס,ממלכתי,דרוזי,2021,ערבית לדרוזים,5,64,84.02,247833
west,דרכא ג'וליס,ג'וליס,ממלכתי,דרוזי,2022,ערבית לדרוזים,3,23,66.78,247833
west,דרכא ג'וליס,ג'וליס,ממלכתי,דרוזי,2022,ערבית לדרוזים,5,64,81.38,247833
west,דרכא ג'וליס,ג'וליס,ממלכתי,דרוזי,2023,ערבית לדרוזים,3,16,67.19,247833
west,דרכא ג'וליס,ג'וליס,ממלכתי,דרוזי,2023,ערבית לדרוזים,5,70,82.31,247833
west,דרכא ג'וליס,ג'וליס,ממלכתי,דרוזי,2021,פיסיקה,5,17,79.29,247833
west,דרכא ג'וליס,ג'וליס,ממלכתי,דרוזי,2022,פיסיקה,5,17,81.65,247833
west,דרכא ג'וליס,ג'וליס,ממלכתי,דרוזי,2023,פיסיקה,5,28,80.14,247833
west,דרכא ג'וליס,ג'וליס,ממלכתי,דרוזי,2021,תכנון ותכנות מערכות,5,16,92.88,247833
west,דרכא ג'וליס,ג'וליס,ממלכתי,דרוזי,2022,תכנון ותכנות מערכות,5,13,90.77,247833
west,דרכא ג'וליס,ג'וליס,ממלכתי,דרוזי,2023,תכנון ותכנות מערכות,5,16,92.75,247833
west,דרכא ג'וליס,ג'וליס,ממלכתי,דרוזי,2021,תקשורת )בנתיב העיוני,5,12,78.58,247833
west,דרכא ג'וליס,ג'וליס,ממלכתי,דרוזי,2022,תקשורת )בנתיב העיוני,5,12,83.17,247833
west,דרכא ג'וליס,ג'וליס,ממלכתי,דרוזי,2021,תשתיות מחשוב ותקשוב,5,15,86.13,247833
west,דרכא ג'וליס,ג'וליס,ממלכתי,דרוזי,2022,תשתיות מחשוב ותקשוב,5,14,79.79,247833
west,דרכא ג'וליס,ג'וליס,ממלכתי,דרוזי,2023,תשתיות מחשוב ותקשוב,5,19,80.89,247833
west,מקיף שש - שנתי,חורפיש,ממלכתי,דרוזי,2021,אזרחות,2,122,76.7,249193
west,מקיף שש - שנתי,חורפיש,ממלכתי,דרוזי,2022,אזרחות,2,110,74.75,249193
west,מקיף שש - שנתי,חורפיש,ממלכתי,דרוזי,2023,אזרחות,2,106,73.38,249193
west,מקיף שש - שנתי,חורפיש,ממלכתי,דרוזי,2021,אנגלית,3,13,72.62,249193
west,מקיף שש - שנתי,חורפיש,ממלכתי,דרוזי,2021,אנגלית,4,38,69.66,249193
west,מקיף שש - שנתי,חורפיש,ממלכתי,דרוזי,2021,אנגלית,5,71,82.51,249193
west,מקיף שש - שנתי,חורפיש,ממלכתי,דרוזי,2022,אנגלית,3,11,74.18,249193
west,מקיף שש - שנתי,חורפיש,ממלכתי,דרוזי,2022,אנגלית,4,44,68.34,249193
west,מקיף שש - שנתי,חורפיש,ממלכתי,דרוזי,2022,אנגלית,5,55,82.98,249193
west,מקיף שש - שנתי,חורפיש,ממלכתי,דרוזי,2023,אנגלית,3,11,70.91,249193
west,מקיף שש - שנתי,חורפיש,ממלכתי,דרוזי,2023,אנגלית,4,33,66.73,249193
west,מקיף שש - שנתי,חורפיש,ממלכתי,דרוזי,2023,אנגלית,5,61,80.62,249193
west,מקיף שש - שנתי,חורפיש,ממלכתי,דרוזי,2021,ביולוגיה,5,13,93.38,249193
west,מקיף שש - שנתי,חורפיש,ממלכתי,דרוזי,2022,ביולוגיה,5,13,89.08,249193
west,מקיף שש - שנתי,חורפיש,ממלכתי,דרוזי,2023,ביולוגיה,5,18,78.22,249193
west,מקיף שש - שנתי,חורפיש,ממלכתי,דרוזי,2021,בקרת מכונות,5,23,81.74,249193
west,מקיף שש - שנתי,חורפיש,ממלכתי,דרוזי,2022,בקרת מכונות,5,18,83.44,249193
west,מקיף שש - שנתי,חורפיש,ממלכתי,דרוזי,2023,בקרת מכונות,5,25,80.48,249193
west,מקיף שש - שנתי,חורפיש,ממלכתי,דרוזי,2021,הסטוריה - בי'ס דרוזי,2,122,79.67,249193
west,מקיף שש - שנתי,חורפיש,ממלכתי,דרוזי,2022,הסטוריה - בי'ס דרוזי,2,110,85.73,249193
west,מקיף שש - שנתי,חורפיש,ממלכתי,דרוזי,2023,הסטוריה - בי'ס דרוזי,2,106,87.98,249193
west,מקיף שש - שנתי,חורפיש,ממלכתי,דרוזי,2021,ישומים בביוטכנולוגיה,5,22,96.73,249193
west,מקיף שש - שנתי,חורפיש,ממלכתי,דרוזי,2022,ישומים בביוטכנולוגיה,5,19,96.53,249193
west,מקיף שש - שנתי,חורפיש,ממלכתי,דרוזי,2023,ישומים בביוטכנולוגיה,5,14,97.64,249193
west,מקיף שש - שנתי,חורפיש,ממלכתי,דרוזי,2021,מדעי המחשב,5,15,84.6,249193
west,מקיף שש - שנתי,חורפיש,ממלכתי,דרוזי,2022,מדעי המחשב,5,20,88.4,249193
west,מקיף שש - שנתי,חורפיש,ממלכתי,דרוזי,2023,מדעי המחשב,5,12,82.17,249193
west,מקיף שש - שנתי,חורפיש,ממלכתי,דרוזי,2021,מכטרוניקה,5,23,81.17,249193
west,מקיף שש - שנתי,חורפיש,ממלכתי,דרוזי,2022,מכטרוניקה,5,18,75.89,249193
west,מקיף שש - שנתי,חורפיש,ממלכתי,דרוזי,2023,מכטרוניקה,5,25,66.72,249193
west,מקיף שש - שנתי,חורפיש,ממלכתי,דרוזי,2021,מכניקה הנדסית,5,13,65.23,249193
west,מקיף שש - שנתי,חורפיש,ממלכתי,דרוזי,2022,מכניקה הנדסית,5,13,73.54,249193
west,מקיף שש - שנתי,חורפיש,ממלכתי,דרוזי,2021,מערכות ביוטכנולוגיה,5,22,79.86,249193
west,מקיף שש - שנתי,חורפיש,ממלכתי,דרוזי,2022,מערכות ביוטכנולוגיה,5,18,67.44,249193
west,מקיף שש - שנתי,חורפיש,ממלכתי,דרוזי,2023,מערכות ביוטכנולוגיה,5,13,72.46,249193
west,מקיף שש - שנתי,חורפיש,ממלכתי,דרוזי,2021,מערכות ניהול מידע וי,5,13,82.38,249193
west,מקיף שש - שנתי,חורפיש,ממלכתי,דרוזי,2022,מערכות ניהול מידע וי,5,11,81.82,249193
west,מקיף שש - שנתי,חורפיש,ממלכתי,דרוזי,2023,מערכות ניהול מידע וי,5,20,74.4,249193
west,מקיף שש - שנתי,חורפיש,ממלכתי,דרוזי,2021,"מערכות תיב""מ",5,13,61.54,249193
west,מקיף שש - שנתי,חורפיש,ממלכתי,דרוזי,2022,"מערכות תיב""מ",5,13,69.54,249193
west,מקיף שש - שנתי,חורפיש,ממלכתי,דרוזי,2021,מתמטיקה,3,57,70.84,249193
west,מקיף שש - שנתי,חורפיש,ממלכתי,דרוזי,2021,מתמטיקה,4,39,73.59,249193
west,מקיף שש - שנתי,חורפיש,ממלכתי,דרוזי,2021,מתמטיקה,5,26,76.73,249193
west,מקיף שש - שנתי,חורפיש,ממלכתי,דרוזי,2022,מתמטיקה,3,51,66.41,249193
west,מקיף שש - שנתי,חורפיש,ממלכתי,דרוזי,2022,מתמטיקה,4,40,76.85,249193
west,מקיף שש - שנתי,חורפיש,ממלכתי,דרוזי,2022,מתמטיקה,5,19,86.95,249193
west,מקיף שש - שנתי,חורפיש,ממלכתי,דרוזי,2023,מתמטיקה,3,58,71.34,249193
west,מקיף שש - שנתי,חורפיש,ממלכתי,דרוזי,2023,מתמטיקה,4,28,66.68,249193
west,מקיף שש - שנתי,חורפיש,ממלכתי,דרוזי,2023,מתמטיקה,5,19,77.26,249193
west,מקיף שש - שנתי,חורפיש,ממלכתי,דרוזי,2021,עברית בחינוך הדרוזי,3,42,65.26,249193
west,מקיף שש - שנתי,חורפיש,ממלכתי,דרוזי,2021,עברית בחינוך הדרוזי,5,80,82.81,249193
west,מקיף שש - שנתי,חורפיש,ממלכתי,דרוזי,2022,עברית בחינוך הדרוזי,3,41,67.39,249193
west,מקיף שש - שנתי,חורפיש,ממלכתי,דרוזי,2022,עברית בחינוך הדרוזי,5,69,82.36,249193
west,מקיף שש - שנתי,חורפיש,ממלכתי,דרוזי,2023,עברית בחינוך הדרוזי,3,31,63.23,249193
west,מקיף שש - שנתי,חורפיש,ממלכתי,דרוזי,2023,עברית בחינוך הדרוזי,5,74,79.12,249193
west,מקיף שש - שנתי,חורפיש,ממלכתי,דרוזי,2021,ערבית לדרוזים,3,17,63,249193
west,מקיף שש - שנתי,חורפיש,ממלכתי,דרוזי,2021,ערבית לדרוזים,5,105,81.91,249193
west,מקיף שש - שנתי,חורפיש,ממלכתי,דרוזי,2022,ערבית לדרוזים,3,48,73.42,249193
west,מקיף שש - שנתי,חורפיש,ממלכתי,דרוזי,2022,ערבית לדרוזים,5,62,85.29,249193
west,מקיף שש - שנתי,חורפיש,ממלכתי,דרוזי,2023,ערבית לדרוזים,3,39,66.67,249193
west,מקיף שש - שנתי,חורפיש,ממלכתי,דרוזי,2023,ערבית לדרוזים,5,66,81.7,249193
west,מקיף שש - שנתי,חורפיש,ממלכתי,דרוזי,2021,פיסיקה,5,24,89.46,249193
west,מקיף שש - שנתי,חורפיש,ממלכתי,דרוזי,2022,פיסיקה,5,24,85.5,249193
west,מקיף שש - שנתי,חורפיש,ממלכתי,דרוזי,2023,פיסיקה,5,16,79.38,249193
west,מקיף שש - שנתי,חורפיש,ממלכתי,דרוזי,2021,תכנון ותכנות מערכות,5,13,92,249193
west,מקיף שש - שנתי,חורפיש,ממלכתי,דרוזי,2022,תכנון ותכנות מערכות,5,18,99.33,249193
west,מקיף שש - שנתי,חורפיש,ממלכתי,דרוזי,2023,תכנון ותכנות מערכות,5,12,91.5,249193
west,מקיף שש - שנתי,חורפיש,ממלכתי,דרוזי,2021,תקשורת )בנתיב העיוני,5,29,79.14,249193
west,מקיף שש - שנתי,חורפיש,ממלכתי,דרוזי,2022,תקשורת )בנתיב העיוני,5,23,79.96,249193
west,מקיף שש - שנתי,חורפיש,ממלכתי,דרוזי,2023,תקשורת )בנתיב העיוני,5,13,90.31,249193
west,דרוזי מדעים ומנהיגות,ירכא,ממלכתי,דרוזי,2021,אזרחות,2,67,92.34,247387
west,דרוזי מדעים ומנהיגות,ירכא,ממלכתי,דרוזי,2022,אזרחות,2,69,93.07,247387
west,דרוזי מדעים ומנהיגות,ירכא,ממלכתי,דרוזי,2023,אזרחות,2,63,94.02,247387
west,דרוזי מדעים ומנהיגות,ירכא,ממלכתי,דרוזי,2021,אנגלית,5,67,95.06,247387
west,דרוזי מדעים ומנהיגות,ירכא,ממלכתי,דרוזי,2022,אנגלית,5,69,94.54,247387
west,דרוזי מדעים ומנהיגות,ירכא,ממלכתי,דרוזי,2023,אנגלית,5,63,94.98,247387
west,דרוזי מדעים ומנהיגות,ירכא,ממלכתי,דרוזי,2021,ביולוגיה,5,16,94.94,247387
west,דרוזי מדעים ומנהיגות,ירכא,ממלכתי,דרוזי,2022,ביולוגיה,5,28,91.5,247387
west,דרוזי מדעים ומנהיגות,ירכא,ממלכתי,דרוזי,2023,ביולוגיה,5,23,91.87,247387
west,דרוזי מדעים ומנהיגות,ירכא,ממלכתי,דרוזי,2021,הסטוריה - בי'ס דרוזי,2,67,96.24,247387
west,דרוזי מדעים ומנהיגות,ירכא,ממלכתי,דרוזי,2022,הסטוריה - בי'ס דרוזי,2,69,96.45,247387
west,דרוזי מדעים ומנהיגות,ירכא,ממלכתי,דרוזי,2023,הסטוריה - בי'ס דרוזי,2,63,97.98,247387
west,דרוזי מדעים ומנהיגות,ירכא,ממלכתי,דרוזי,2022,ישומים בביוטכנולוגיה,5,11,100,247387
west,דרוזי מדעים ומנהיגות,ירכא,ממלכתי,דרוזי,2021,כימיה,5,29,97.9,247387
west,דרוזי מדעים ומנהיגות,ירכא,ממלכתי,דרוזי,2022,כימיה,5,34,92.71,247387
west,דרוזי מדעים ומנהיגות,ירכא,ממלכתי,דרוזי,2023,כימיה,5,35,89.63,247387
west,דרוזי מדעים ומנהיגות,ירכא,ממלכתי,דרוזי,2021,מדעי המחשב,5,15,92.93,247387
west,דרוזי מדעים ומנהיגות,ירכא,ממלכתי,דרוזי,2022,מדעי המחשב,5,20,90.2,247387
west,דרוזי מדעים ומנהיגות,ירכא,ממלכתי,דרוזי,2023,מדעי המחשב,5,18,85.83,247387
west,דרוזי מדעים ומנהיגות,ירכא,ממלכתי,דרוזי,2022,מערכות ביוטכנולוגיה,5,11,92.18,247387
west,דרוזי מדעים ומנהיגות,ירכא,ממלכתי,דרוזי,2021,מתמטיקה,5,67,84.04,247387
west,דרוזי מדעים ומנהיגות,ירכא,ממלכתי,דרוזי,2022,מתמטיקה,5,67,80.88,247387
west,דרוזי מדעים ומנהיגות,ירכא,ממלכתי,דרוזי,2023,מתמטיקה,5,62,81.47,247387
west,דרוזי מדעים ומנהיגות,ירכא,ממלכתי,דרוזי,2021,ניהול הייצור,5,14,97.07,247387
west,דרוזי מדעים ומנהיגות,ירכא,ממלכתי,דרוזי,2021,עברית בחינוך הדרוזי,3,30,90.5,247387
west,דרוזי מדעים ומנהיגות,ירכא,ממלכתי,דרוזי,2021,עברית בחינוך הדרוזי,5,37,96.05,247387
west,דרוזי מדעים ומנהיגות,ירכא,ממלכתי,דרוזי,2022,עברית בחינוך הדרוזי,3,36,93.25,247387
west,דרוזי מדעים ומנהיגות,ירכא,ממלכתי,דרוזי,2022,עברית בחינוך הדרוזי,5,33,96.33,247387
west,דרוזי מדעים ומנהיגות,ירכא,ממלכתי,דרוזי,2023,עברית בחינוך הדרוזי,3,29,86.9,247387
west,דרוזי מדעים ומנהיגות,ירכא,ממלכתי,דרוזי,2023,עברית בחינוך הדרוזי,5,34,94,247387
west,דרוזי מדעים ומנהיגות,ירכא,ממלכתי,דרוזי,2021,ערבית לדרוזים,5,64,96.77,247387
west,דרוזי מדעים ומנהיגות,ירכא,ממלכתי,דרוזי,2022,ערבית לדרוזים,5,68,94.68,247387
west,דרוזי מדעים ומנהיגות,ירכא,ממלכתי,דרוזי,2023,ערבית לדרוזים,5,61,94.02,247387
west,דרוזי מדעים ומנהיגות,ירכא,ממלכתי,דרוזי,2021,פיסיקה,5,53,91.83,247387
west,דרוזי מדעים ומנהיגות,ירכא,ממלכתי,דרוזי,2022,פיסיקה,5,41,92.78,247387
west,דרוזי מדעים ומנהיגות,ירכא,ממלכתי,דרוזי,2023,פיסיקה,5,40,87.6,247387
west,דרוזי מדעים ומנהיגות,ירכא,ממלכתי,דרוזי,2021,תכנון ותכנות מערכות,5,15,96.73,247387
west,דרוזי מדעים ומנהיגות,ירכא,ממלכתי,דרוזי,2022,תכנון ותכנות מערכות,5,17,99.06,247387
west,דרוזי מדעים ומנהיגות,ירכא,ממלכתי,דרוזי,2023,תכנון ותכנות מערכות,5,16,95.19,247387
west,מקיף אחווה ירכא,ירכא,ממלכתי,דרוזי,2022,אדריכלות ועצוב פנים,5,24,86.75,800060
west,מקיף אחווה ירכא,ירכא,ממלכתי,דרוזי,2021,אזרחות,2,258,66.79,800060
west,מקיף אחווה ירכא,ירכא,ממלכתי,דרוזי,2022,אזרחות,2,243,66.75,800060
west,מקיף אחווה ירכא,ירכא,ממלכתי,דרוזי,2023,אזרחות,2,255,71.46,800060
west,מקיף אחווה ירכא,ירכא,ממלכתי,דרוזי,2021,אלקטרוניקה ומחשבים,5,42,75.38,800060
west,מקיף אחווה ירכא,ירכא,ממלכתי,דרוזי,2022,אלקטרוניקה ומחשבים,5,30,70.17,800060
west,מקיף אחווה ירכא,ירכא,ממלכתי,דרוזי,2023,אלקטרוניקה ומחשבים,5,20,80.65,800060
west,מקיף אחווה ירכא,ירכא,ממלכתי,דרוזי,2021,אמנות שימושית,5,39,77.79,800060
west,מקיף אחווה ירכא,ירכא,ממלכתי,דרוזי,2022,אמנות שימושית,5,40,75.57,800060
west,מקיף אחווה ירכא,ירכא,ממלכתי,דרוזי,2023,אמנות שימושית,5,33,68.82,800060
west,מקיף אחווה ירכא,ירכא,ממלכתי,דרוזי,2021,אנגלית,3,124,70.24,800060
west,מקיף אחווה ירכא,ירכא,ממלכתי,דרוזי,2021,אנגלית,4,63,71.95,800060
west,מקיף אחווה ירכא,ירכא,ממלכתי,דרוזי,2021,אנגלית,5,72,80.39,800060
west,מקיף אחווה ירכא,ירכא,ממלכתי,דרוזי,2022,אנגלית,3,119,70.22,800060
west,מקיף אחווה ירכא,ירכא,ממלכתי,דרוזי,2022,אנגלית,4,64,73.11,800060
west,מקיף אחווה ירכא,ירכא,ממלכתי,דרוזי,2022,אנגלית,5,56,83.38,800060
west,מקיף אחווה ירכא,ירכא,ממלכתי,דרוזי,2023,אנגלית,3,105,68.68,800060
west,מקיף אחווה ירכא,ירכא,ממלכתי,דרוזי,2023,אנגלית,4,67,69.93,800060
west,מקיף אחווה ירכא,ירכא,ממלכתי,דרוזי,2023,אנגלית,5,83,81.75,800060
west,מקיף אחווה ירכא,ירכא,ממלכתי,דרוזי,2021,ביולוגיה,5,33,79.36,800060
west,מקיף אחווה ירכא,ירכא,ממלכתי,דרוזי,2022,ביולוגיה,5,42,75.33,800060
west,מקיף אחווה ירכא,ירכא,ממלכתי,דרוזי,2023,ביולוגיה,5,39,76.62,800060
west,מקיף אחווה ירכא,ירכא,ממלכתי,דרוזי,2021,הסטוריה - בי'ס דרוזי,2,243,76.72,800060
west,מקיף אחווה ירכא,ירכא,ממלכתי,דרוזי,2021,הסטוריה - בי'ס דרוזי,5,16,84.63,800060
west,מקיף אחווה ירכא,ירכא,ממלכתי,דרוזי,2022,הסטוריה - בי'ס דרוזי,2,232,82.71,800060
west,מקיף אחווה ירכא,ירכא,ממלכתי,דרוזי,2023,הסטוריה - בי'ס דרוזי,2,257,81.04,800060
west,מקיף אחווה ירכא,ירכא,ממלכתי,דרוזי,2022,חנוך גופני,5,19,76.79,800060
west,מקיף אחווה ירכא,ירכא,ממלכתי,דרוזי,2021,חשבונאות,5,14,72.36,800060
west,מקיף אחווה ירכא,ירכא,ממלכתי,דרוזי,2023,חשבונאות,5,12,67.83,800060
west,מקיף אחווה ירכא,ירכא,ממלכתי,דרוזי,2022,טכנולוגית בנייה,5,25,91.52,800060
west,מקיף אחווה ירכא,ירכא,ממלכתי,דרוזי,2023,טכנולוגית בנייה,5,12,87,800060
west,מקיף אחווה ירכא,ירכא,ממלכתי,דרוזי,2021,כימיה,5,16,77.31,800060
west,מקיף אחווה ירכא,ירכא,ממלכתי,דרוזי,2022,כימיה,5,25,76.76,800060
west,מקיף אחווה ירכא,ירכא,ממלכתי,דרוזי,2023,כימיה,5,13,70.15,800060
west,מקיף אחווה ירכא,ירכא,ממלכתי,דרוזי,2021,מדעי לימודי הסביבה,5,24,69.04,800060
west,מקיף אחווה ירכא,ירכא,ממלכתי,דרוזי,2022,מדעי לימודי הסביבה,5,25,70.56,800060
west,מקיף אחווה ירכא,ירכא,ממלכתי,דרוזי,2023,מדעי לימודי הסביבה,5,25,68.28,800060
west,מקיף אחווה ירכא,ירכא,ממלכתי,דרוזי,2021,מידע ונתונים,5,17,79.18,800060
west,מקיף אחווה ירכא,ירכא,ממלכתי,דרוזי,2022,מידע ונתונים,5,16,73.38,800060
west,מקיף אחווה ירכא,ירכא,ממלכתי,דרוזי,2023,מידע ונתונים,5,13,73.08,800060
west,מקיף אחווה ירכא,ירכא,ממלכתי,דרוזי,2021,מנהל וכלכלה,5,53,68.94,800060
west,מקיף אחווה ירכא,ירכא,ממלכתי,דרוזי,2022,מנהל וכלכלה,5,15,66.53,800060
west,מקיף אחווה ירכא,ירכא,ממלכתי,דרוזי,2023,מנהל וכלכלה,5,65,65.68,800060
west,מקיף אחווה ירכא,ירכא,ממלכתי,דרוזי,2021,מערכות אלקטרוניות,5,42,94.07,800060
west,מקיף אחווה ירכא,ירכא,ממלכתי,דרוזי,2022,מערכות אלקטרוניות,5,29,93.1,800060
west,מקיף אחווה ירכא,ירכא,ממלכתי,דרוזי,2023,מערכות אלקטרוניות,5,20,93.7,800060
west,מקיף אחווה ירכא,ירכא,ממלכתי,דרוזי,2021,מערכות חשמל,5,11,73.45,800060
west,מקיף אחווה ירכא,ירכא,ממלכתי,דרוזי,2022,מערכות חשמל,5,13,83,800060
west,מקיף אחווה ירכא,ירכא,ממלכתי,דרוזי,2023,מערכות חשמל,5,24,79.63,800060
west,מקיף אחווה ירכא,ירכא,ממלכתי,דרוזי,2021,מערכות פקוד ובקרה,5,12,85.92,800060
west,מקיף אחווה ירכא,ירכא,ממלכתי,דרוזי,2022,מערכות פקוד ובקרה,5,17,72.12,800060
west,מקיף אחווה ירכא,ירכא,ממלכתי,דרוזי,2023,מערכות פקוד ובקרה,5,24,80.83,800060
west,מקיף אחווה ירכא,ירכא,ממלכתי,דרוזי,2021,מערכות תקשוב,5,16,79.63,800060
west,מקיף אחווה ירכא,ירכא,ממלכתי,דרוזי,2022,מערכות תקשוב,5,17,80.53,800060
west,מקיף אחווה ירכא,ירכא,ממלכתי,דרוזי,2023,מערכות תקשוב,5,19,83.74,800060
west,מקיף אחווה ירכא,ירכא,ממלכתי,דרוזי,2021,מתמטיקה,3,161,67.14,800060
west,מקיף אחווה ירכא,ירכא,ממלכתי,דרוזי,2021,מתמטיקה,4,53,74.45,800060
west,מקיף אחווה ירכא,ירכא,ממלכתי,דרוזי,2021,מתמטיקה,5,25,59.28,800060
west,מקיף אחווה ירכא,ירכא,ממלכתי,דרוזי,2022,מתמטיקה,3,137,66.77,800060
west,מקיף אחווה ירכא,ירכא,ממלכתי,דרוזי,2022,מתמטיקה,4,80,70.29,800060
west,מקיף אחווה ירכא,ירכא,ממלכתי,דרוזי,2022,מתמטיקה,5,11,73.91,800060
west,מקיף אחווה ירכא,ירכא,ממלכתי,דרוזי,2023,מתמטיקה,3,146,67.07,800060
west,מקיף אחווה ירכא,ירכא,ממלכתי,דרוזי,2023,מתמטיקה,4,73,66.74,800060
west,מקיף אחווה ירכא,ירכא,ממלכתי,דרוזי,2023,מתמטיקה,5,20,76.05,800060
west,מקיף אחווה ירכא,ירכא,ממלכתי,דרוזי,2021,ניהול משאבי אנוש,3,35,82.66,800060
west,מקיף אחווה ירכא,ירכא,ממלכתי,דרוזי,2022,ניהול משאבי אנוש,3,14,75.5,800060
west,מקיף אחווה ירכא,ירכא,ממלכתי,דרוזי,2023,ניהול משאבי אנוש,3,36,78.75,800060
west,מקיף אחווה ירכא,ירכא,ממלכתי,דרוזי,2021,ניתוח נתונים,5,17,87.29,800060
west,מקיף אחווה ירכא,ירכא,ממלכתי,דרוזי,2022,ניתוח נתונים,5,16,86.06,800060
west,מקיף אחווה ירכא,ירכא,ממלכתי,דרוזי,2023,ניתוח נתונים,5,13,83.62,800060
west,מקיף אחווה ירכא,ירכא,ממלכתי,דרוזי,2021,עברית בחינוך הדרוזי,3,217,70.83,800060
west,מקיף אחווה ירכא,ירכא,ממלכתי,דרוזי,2021,עברית בחינוך הדרוזי,5,41,88.9,800060
west,מקיף אחווה ירכא,ירכא,ממלכתי,דרוזי,2022,עברית בחינוך הדרוזי,3,238,66.34,800060
west,מקיף אחווה ירכא,ירכא,ממלכתי,דרוזי,2023,עברית בחינוך הדרוזי,3,208,62.85,800060
west,מקיף אחווה ירכא,ירכא,ממלכתי,דרוזי,2023,עברית בחינוך הדרוזי,5,42,84.64,800060
west,מקיף אחווה ירכא,ירכא,ממלכתי,דרוזי,2021,עצוב,3,40,75.95,800060
west,מקיף אחווה ירכא,ירכא,ממלכתי,דרוזי,2022,עצוב,3,41,80,800060
west,מקיף אחווה ירכא,ירכא,ממלכתי,דרוזי,2023,עצוב,3,31,78.13,800060
west,מקיף אחווה ירכא,ירכא,ממלכתי,דרוזי,2021,ערבית לדרוזים,3,162,71.07,800060
west,מקיף אחווה ירכא,ירכא,ממלכתי,דרוזי,2021,ערבית לדרוזים,5,93,84.18,800060
west,מקיף אחווה ירכא,ירכא,ממלכתי,דרוזי,2022,ערבית לדרוזים,3,164,71.26,800060
west,מקיף אחווה ירכא,ירכא,ממלכתי,דרוזי,2022,ערבית לדרוזים,5,75,83.92,800060
west,מקיף אחווה ירכא,ירכא,ממלכתי,דרוזי,2023,ערבית לדרוזים,3,217,69.41,800060
west,מקיף אחווה ירכא,ירכא,ממלכתי,דרוזי,2023,ערבית לדרוזים,5,38,87.03,800060
west,מקיף אחווה ירכא,ירכא,ממלכתי,דרוזי,2021,פיסיקה,5,39,79.87,800060
west,מקיף אחווה ירכא,ירכא,ממלכתי,דרוזי,2022,פיסיקה,5,30,78.47,800060
west,מקיף אחווה ירכא,ירכא,ממלכתי,דרוזי,2023,פיסיקה,5,38,78.24,800060
west,מקיף אחווה ירכא,ירכא,ממלכתי,דרוזי,2022,שווק וקדום מכירות,3,36,74.5,800060
west,מקיף אחווה ירכא,ירכא,ממלכתי,דרוזי,2023,שווק וקדום מכירות,3,13,76.77,800060
west,מקיף אחווה ירכא,ירכא,ממלכתי,דרוזי,2021,תשתיות מחשוב ותקשוב,5,16,92.13,800060
west,מקיף אחווה ירכא,ירכא,ממלכתי,דרוזי,2022,תשתיות מחשוב ותקשוב,5,17,85,800060
west,מקיף אחווה ירכא,ירכא,ממלכתי,דרוזי,2023,תשתיות מחשוב ותקשוב,5,19,89.53,800060
west,עמל כסרא סמיע,כסרא-סמיע,ממלכתי,דרוזי,2021,אזרחות,2,117,84.54,248336
west,עמל כסרא סמיע,כסרא-סמיע,ממלכתי,דרוזי,2021,אזרחות,5,34,73.74,248336
west,עמל כסרא סמיע,כסרא-סמיע,ממלכתי,דרוזי,2022,אזרחות,2,97,74.05,248336
west,עמל כסרא סמיע,כסרא-סמיע,ממלכתי,דרוזי,2022,אזרחות,5,23,69.61,248336
west,עמל כסרא סמיע,כסרא-סמיע,ממלכתי,דרוזי,2023,אזרחות,2,98,84.48,248336
west,עמל כסרא סמיע,כסרא-סמיע,ממלכתי,דרוזי,2023,אזרחות,5,51,72.94,248336
west,עמל כסרא סמיע,כסרא-סמיע,ממלכתי,דרוזי,2021,אנגלית,3,59,69.58,248336
west,עמל כסרא סמיע,כסרא-סמיע,ממלכתי,דרוזי,2021,אנגלית,4,38,72.61,248336
west,עמל כסרא סמיע,כסרא-סמיע,ממלכתי,דרוזי,2021,אנגלית,5,54,82.67,248336
west,עמל כסרא סמיע,כסרא-סמיע,ממלכתי,דרוזי,2022,אנגלית,3,29,70.93,248336
west,עמל כסרא סמיע,כסרא-סמיע,ממלכתי,דרוזי,2022,אנגלית,4,35,67.66,248336
west,עמל כסרא סמיע,כסרא-סמיע,ממלכתי,דרוזי,2022,אנגלית,5,54,77.98,248336
west,עמל כסרא סמיע,כסרא-סמיע,ממלכתי,דרוזי,2023,אנגלית,3,38,71.66,248336
west,עמל כסרא סמיע,כסרא-סמיע,ממלכתי,דרוזי,2023,אנגלית,4,38,68.97,248336
west,עמל כסרא סמיע,כסרא-סמיע,ממלכתי,דרוזי,2023,אנגלית,5,73,79.64,248336
west,עמל כסרא סמיע,כסרא-סמיע,ממלכתי,דרוזי,2021,ביולוגיה,5,21,70.19,248336
west,עמל כסרא סמיע,כסרא-סמיע,ממלכתי,דרוזי,2022,ביולוגיה,5,30,69.97,248336
west,עמל כסרא סמיע,כסרא-סמיע,ממלכתי,דרוזי,2023,ביולוגיה,5,29,67.45,248336
west,עמל כסרא סמיע,כסרא-סמיע,ממלכתי,דרוזי,2021,הסטוריה - בי'ס דרוזי,2,151,82.5,248336
west,עמל כסרא סמיע,כסרא-סמיע,ממלכתי,דרוזי,2022,הסטוריה - בי'ס דרוזי,2,120,83.31,248336
west,עמל כסרא סמיע,כסרא-סמיע,ממלכתי,דרוזי,2023,הסטוריה - בי'ס דרוזי,2,149,85.21,248336
west,עמל כסרא סמיע,כסרא-סמיע,ממלכתי,דרוזי,2021,חשבונאות,5,21,67.19,248336
west,עמל כסרא סמיע,כסרא-סמיע,ממלכתי,דרוזי,2022,חשבונאות,5,15,66.73,248336
west,עמל כסרא סמיע,כסרא-סמיע,ממלכתי,דרוזי,2023,חשבונאות,5,15,66.87,248336
west,עמל כסרא סמיע,כסרא-סמיע,ממלכתי,דרוזי,2021,כימיה,5,73,79.14,248336
west,עמל כסרא סמיע,כסרא-סמיע,ממלכתי,דרוזי,2022,כימיה,5,61,76.15,248336
west,עמל כסרא סמיע,כסרא-סמיע,ממלכתי,דרוזי,2023,כימיה,5,57,82.32,248336
west,עמל כסרא סמיע,כסרא-סמיע,ממלכתי,דרוזי,2021,מדעי הבריאות,5,27,85.7,248336
west,עמל כסרא סמיע,כסרא-סמיע,ממלכתי,דרוזי,2023,מדעי הבריאות,5,17,65.47,248336
west,עמל כסרא סמיע,כסרא-סמיע,ממלכתי,דרוזי,2023,מדעי המחשב,5,13,79.15,248336
west,עמל כסרא סמיע,כסרא-סמיע,ממלכתי,דרוזי,2021,מנהל וכלכלה,5,22,83.05,248336
west,עמל כסרא סמיע,כסרא-סמיע,ממלכתי,דרוזי,2022,מנהל וכלכלה,5,14,88.29,248336
west,עמל כסרא סמיע,כסרא-סמיע,ממלכתי,דרוזי,2023,מנהל וכלכלה,5,19,78.89,248336
west,עמל כסרא סמיע,כסרא-סמיע,ממלכתי,דרוזי,2021,מערכות ניהול מידע וי,5,37,76.16,248336
west,עמל כסרא סמיע,כסרא-סמיע,ממלכתי,דרוזי,2022,מערכות ניהול מידע וי,5,21,82.48,248336
west,עמל כסרא סמיע,כסרא-סמיע,ממלכתי,דרוזי,2023,מערכות ניהול מידע וי,5,24,77.67,248336
west,עמל כסרא סמיע,כסרא-סמיע,ממלכתי,דרוזי,2021,מערכות רפואיות,5,26,89.54,248336
west,עמל כסרא סמיע,כסרא-סמיע,ממלכתי,דרוזי,2023,מערכות רפואיות,5,18,91.61,248336
west,עמל כסרא סמיע,כסרא-סמיע,ממלכתי,דרוזי,2021,"מערכות תיב""מ",5,15,70.4,248336
west,עמל כסרא סמיע,כסרא-סמיע,ממלכתי,דרוזי,2022,"מערכות תיב""מ",5,13,76.15,248336
west,עמל כסרא סמיע,כסרא-סמיע,ממלכתי,דרוזי,2021,מתמטיקה,3,86,63.15,248336
west,עמל כסרא סמיע,כסרא-סמיע,ממלכתי,דרוזי,2021,מתמטיקה,4,46,69.35,248336
west,עמל כסרא סמיע,כסרא-סמיע,ממלכתי,דרוזי,2021,מתמטיקה,5,16,83.56,248336
west,עמל כסרא סמיע,כסרא-סמיע,ממלכתי,דרוזי,2022,מתמטיקה,3,65,64.83,248336
west,עמל כסרא סמיע,כסרא-סמיע,ממלכתי,דרוזי,2022,מתמטיקה,4,37,68.89,248336
west,עמל כסרא סמיע,כסרא-סמיע,ממלכתי,דרוזי,2022,מתמטיקה,5,16,68.88,248336
west,עמל כסרא סמיע,כסרא-סמיע,ממלכתי,דרוזי,2023,מתמטיקה,3,74,62.39,248336
west,עמל כסרא סמיע,כסרא-סמיע,ממלכתי,דרוזי,2023,מתמטיקה,4,51,68.67,248336
west,עמל כסרא סמיע,כסרא-סמיע,ממלכתי,דרוזי,2023,מתמטיקה,5,18,70.33,248336
west,עמל כסרא סמיע,כסרא-סמיע,ממלכתי,דרוזי,2021,עברית בחינוך הדרוזי,3,82,61.78,248336
west,עמל כסרא סמיע,כסרא-סמיע,ממלכתי,דרוזי,2021,עברית בחינוך הדרוזי,5,69,81.01,248336
west,עמל כסרא סמיע,כסרא-סמיע,ממלכתי,דרוזי,2022,עברית בחינוך הדרוזי,3,58,59.55,248336
west,עמל כסרא סמיע,כסרא-סמיע,ממלכתי,דרוזי,2022,עברית בחינוך הדרוזי,5,62,80.18,248336
west,עמל כסרא סמיע,כסרא-סמיע,ממלכתי,דרוזי,2023,עברית בחינוך הדרוזי,3,68,65.65,248336
west,עמל כסרא סמיע,כסרא-סמיע,ממלכתי,דרוזי,2023,עברית בחינוך הדרוזי,5,79,83.33,248336
west,עמל כסרא סמיע,כסרא-סמיע,ממלכתי,דרוזי,2021,ערבית לדרוזים,3,100,70.3,248336
west,עמל כסרא סמיע,כסרא-סמיע,ממלכתי,דרוזי,2021,ערבית לדרוזים,5,50,88,248336
west,עמל כסרא סמיע,כסרא-סמיע,ממלכתי,דרוזי,2022,ערבית לדרוזים,3,63,71.3,248336
west,עמל כסרא סמיע,כסרא-סמיע,ממלכתי,דרוזי,2022,ערבית לדרוזים,5,56,84.07,248336
west,עמל כסרא סמיע,כסרא-סמיע,ממלכתי,דרוזי,2023,ערבית לדרוזים,3,64,69.58,248336
west,עמל כסרא סמיע,כסרא-סמיע,ממלכתי,דרוזי,2023,ערבית לדרוזים,5,85,83.24,248336
west,עמל כסרא סמיע,כסרא-סמיע,ממלכתי,דרוזי,2021,פיסיקה,5,26,95.69,248336
west,עמל כסרא סמיע,כסרא-סמיע,ממלכתי,דרוזי,2022,פיסיקה,5,24,92.88,248336
west,עמל כסרא סמיע,כסרא-סמיע,ממלכתי,דרוזי,2023,פיסיקה,5,25,76.52,248336
west,עמל כסרא סמיע,כסרא-סמיע,ממלכתי,דרוזי,2023,תכנון ותכנות מערכות,5,11,86.82,248336
west,אמירים כפר ורדים,כפר ורדים,ממלכתי,יהודי,2023,אומנות,5,17,92.47,244483
west,אמירים כפר ורדים,כפר ורדים,ממלכתי,יהודי,2021,אזרחות,2,72,79.86,244483
west,אמירים כפר ורדים,כפר ורדים,ממלכתי,יהודי,2022,אזרחות,2,64,83.16,244483
west,אמירים כפר ורדים,כפר ורדים,ממלכתי,יהודי,2023,אזרחות,2,57,77.88,244483
west,אמירים כפר ורדים,כפר ורדים,ממלכתי,יהודי,2021,אמנות שימושית,5,13,87.54,244483
west,אמירים כפר ורדים,כפר ורדים,ממלכתי,יהודי,2022,אמנות שימושית,5,14,89.86,244483
west,אמירים כפר ורדים,כפר ורדים,ממלכתי,יהודי,2021,אנגלית,4,23,78,244483
west,אמירים כפר ורדים,כפר ורדים,ממלכתי,יהודי,2021,אנגלית,5,50,87.56,244483
west,אמירים כפר ורדים,כפר ורדים,ממלכתי,יהודי,2022,אנגלית,4,13,78.23,244483
west,אמירים כפר ורדים,כפר ורדים,ממלכתי,יהודי,2022,אנגלית,5,53,90.09,244483
west,אמירים כפר ורדים,כפר ורדים,ממלכתי,יהודי,2023,אנגלית,4,15,75.8,244483
west,אמירים כפר ורדים,כפר ורדים,ממלכתי,יהודי,2023,אנגלית,5,44,87.16,244483
west,אמירים כפר ורדים,כפר ורדים,ממלכתי,יהודי,2021,ביולוגיה,5,16,91,244483
west,אמירים כפר ורדים,כפר ורדים,ממלכתי,יהודי,2022,ביולוגיה,5,17,86.06,244483
west,אמירים כפר ורדים,כפר ורדים,ממלכתי,יהודי,2023,ביולוגיה,5,13,80.77,244483
west,אמירים כפר ורדים,כפר ורדים,ממלכתי,יהודי,2021,הסטוריה,2,70,80.69,244483
west,אמירים כפר ורדים,כפר ורדים,ממלכתי,יהודי,2022,הסטוריה,2,63,83.86,244483
west,אמירים כפר ורדים,כפר ורדים,ממלכתי,יהודי,2023,הסטוריה,2,59,81.19,244483
west,אמירים כפר ורדים,כפר ורדים,ממלכתי,יהודי,2021,כימיה,5,11,91.82,244483
west,אמירים כפר ורדים,כפר ורדים,ממלכתי,יהודי,2021,מדעי החברה,5,11,86.82,244483
west,אמירים כפר ורדים,כפר ורדים,ממלכתי,יהודי,2021,מדעי המחשב,5,13,84,244483
west,אמירים כפר ורדים,כפר ורדים,ממלכתי,יהודי,2022,מדעי המחשב,5,16,91.81,244483
west,אמירים כפר ורדים,כפר ורדים,ממלכתי,יהודי,2023,מדעי לימודי הסביבה,5,18,80.39,244483
west,אמירים כפר ורדים,כפר ורדים,ממלכתי,יהודי,2021,מתמטיקה,3,31,85.23,244483
west,אמירים כפר ורדים,כפר ורדים,ממלכתי,יהודי,2021,מתמטיקה,4,17,90.35,244483
west,אמירים כפר ורדים,כפר ורדים,ממלכתי,יהודי,2021,מתמטיקה,5,24,95.13,244483
west,אמירים כפר ורדים,כפר ורדים,ממלכתי,יהודי,2022,מתמטיקה,3,20,89.45,244483
west,אמירים כפר ורדים,כפר ורדים,ממלכתי,יהודי,2022,מתמטיקה,4,16,81.81,244483
west,אמירים כפר ורדים,כפר ורדים,ממלכתי,יהודי,2022,מתמטיקה,5,28,90.82,244483
west,אמירים כפר ורדים,כפר ורדים,ממלכתי,יהודי,2023,מתמטיקה,3,24,90.46,244483
west,אמירים כפר ורדים,כפר ורדים,ממלכתי,יהודי,2023,מתמטיקה,4,17,80.59,244483
west,אמירים כפר ורדים,כפר ורדים,ממלכתי,יהודי,2023,מתמטיקה,5,17,85,244483
west,אמירים כפר ורדים,כפר ורדים,ממלכתי,יהודי,2021,ספרות,2,75,80.37,244483
west,אמירים כפר ורדים,כפר ורדים,ממלכתי,יהודי,2022,ספרות,2,68,81.9,244483
west,אמירים כפר ורדים,כפר ורדים,ממלכתי,יהודי,2023,ספרות,2,62,72.6,244483
west,אמירים כפר ורדים,כפר ורדים,ממלכתי,יהודי,2021,עברית )לשון והבעה(,2,74,80.85,244483
west,אמירים כפר ורדים,כפר ורדים,ממלכתי,יהודי,2022,עברית )לשון והבעה(,2,69,85.88,244483
west,אמירים כפר ורדים,כפר ורדים,ממלכתי,יהודי,2023,עברית )לשון והבעה(,2,60,78.93,244483
west,אמירים כפר ורדים,כפר ורדים,ממלכתי,יהודי,2021,ערבית לבי'ס יהודי,5,11,91.45,244483
west,אמירים כפר ורדים,כפר ורדים,ממלכתי,יהודי,2023,ערבית לבי'ס יהודי,5,12,86.33,244483
west,אמירים כפר ורדים,כפר ורדים,ממלכתי,יהודי,2021,פיסיקה,5,14,96.86,244483
west,אמירים כפר ורדים,כפר ורדים,ממלכתי,יהודי,2022,פיסיקה,5,15,90.8,244483
west,אמירים כפר ורדים,כפר ורדים,ממלכתי,יהודי,2022,תכנון ותכנות מערכות,5,14,97.07,244483
west,אמירים כפר ורדים,כפר ורדים,ממלכתי,יהודי,2021,תנ'ך,2,70,81.47,244483
west,אמירים כפר ורדים,כפר ורדים,ממלכתי,יהודי,2022,תנ'ך,2,62,83.21,244483
west,אמירים כפר ורדים,כפר ורדים,ממלכתי,יהודי,2023,תנ'ך,2,57,84.04,244483
west,ניסויי על איזורי תפן,כפר ורדים,ממלכתי,יהודי,2021,אזרחות,2,62,84.48,349928
west,ניסויי על איזורי תפן,כפר ורדים,ממלכתי,יהודי,2022,אזרחות,2,61,84.02,349928
west,ניסויי על איזורי תפן,כפר ורדים,ממלכתי,יהודי,2023,אזרחות,2,54,84.39,349928
west,ניסויי על איזורי תפן,כפר ורדים,ממלכתי,יהודי,2022,אמנות שימושית,5,11,85.64,349928
west,ניסויי על איזורי תפן,כפר ורדים,ממלכתי,יהודי,2021,אנגלית,4,17,87.41,349928
west,ניסויי על איזורי תפן,כפר ורדים,ממלכתי,יהודי,2021,אנגלית,5,41,86.29,349928
west,ניסויי על איזורי תפן,כפר ורדים,ממלכתי,יהודי,2022,אנגלית,4,12,85.25,349928
west,ניסויי על איזורי תפן,כפר ורדים,ממלכתי,יהודי,2022,אנגלית,5,47,89,349928
west,ניסויי על איזורי תפן,כפר ורדים,ממלכתי,יהודי,2023,אנגלית,4,12,76,349928
west,ניסויי על איזורי תפן,כפר ורדים,ממלכתי,יהודי,2023,אנגלית,5,40,89.38,349928
west,ניסויי על איזורי תפן,כפר ורדים,ממלכתי,יהודי,2021,ביולוגיה,5,23,92.83,349928
west,ניסויי על איזורי תפן,כפר ורדים,ממלכתי,יהודי,2022,ביולוגיה,5,24,90.46,349928
west,ניסויי על איזורי תפן,כפר ורדים,ממלכתי,יהודי,2023,ביולוגיה,5,14,92.79,349928
west,ניסויי על איזורי תפן,כפר ורדים,ממלכתי,יהודי,2021,הסטוריה,2,60,84.15,349928
west,ניסויי על איזורי תפן,כפר ורדים,ממלכתי,יהודי,2022,הסטוריה,2,61,83.54,349928
west,ניסויי על איזורי תפן,כפר ורדים,ממלכתי,יהודי,2023,הסטוריה,2,52,85.58,349928
west,ניסויי על איזורי תפן,כפר ורדים,ממלכתי,יהודי,2021,חנוך גופני,5,14,85.5,349928
west,ניסויי על איזורי תפן,כפר ורדים,ממלכתי,יהודי,2023,חנוך גופני,5,13,79.23,349928
west,ניסויי על איזורי תפן,כפר ורדים,ממלכתי,יהודי,2021,מתמטיקה,3,29,92.24,349928
west,ניסויי על איזורי תפן,כפר ורדים,ממלכתי,יהודי,2021,מתמטיקה,4,12,92.75,349928
west,ניסויי על איזורי תפן,כפר ורדים,ממלכתי,יהודי,2021,מתמטיקה,5,15,88.87,349928
west,ניסויי על איזורי תפן,כפר ורדים,ממלכתי,יהודי,2022,מתמטיקה,3,26,87.88,349928
west,ניסויי על איזורי תפן,כפר ורדים,ממלכתי,יהודי,2022,מתמטיקה,4,23,84.74,349928
west,ניסויי על איזורי תפן,כפר ורדים,ממלכתי,יהודי,2022,מתמטיקה,5,11,85.82,349928
west,ניסויי על איזורי תפן,כפר ורדים,ממלכתי,יהודי,2023,מתמטיקה,3,26,89.58,349928
west,ניסויי על איזורי תפן,כפר ורדים,ממלכתי,יהודי,2023,מתמטיקה,4,14,90.36,349928
west,ניסויי על איזורי תפן,כפר ורדים,ממלכתי,יהודי,2023,מתמטיקה,5,12,85,349928
west,ניסויי על איזורי תפן,כפר ורדים,ממלכתי,יהודי,2021,ספרות,2,57,81.49,349928
west,ניסויי על איזורי תפן,כפר ורדים,ממלכתי,יהודי,2022,ספרות,2,54,82.46,349928
west,ניסויי על איזורי תפן,כפר ורדים,ממלכתי,יהודי,2023,ספרות,2,46,80.7,349928
west,ניסויי על איזורי תפן,כפר ורדים,ממלכתי,יהודי,2021,עברית )לשון והבעה(,2,60,83.17,349928
west,ניסויי על איזורי תפן,כפר ורדים,ממלכתי,יהודי,2022,עברית )לשון והבעה(,2,60,83.72,349928
west,ניסויי על איזורי תפן,כפר ורדים,ממלכתי,יהודי,2023,עברית )לשון והבעה(,2,51,80.25,349928
west,ניסויי על איזורי תפן,כפר ורדים,ממלכתי,יהודי,2022,תאטרון,5,14,93.07,349928
west,ניסויי על איזורי תפן,כפר ורדים,ממלכתי,יהודי,2021,תיירות,5,14,84.79,349928
west,ניסויי על איזורי תפן,כפר ורדים,ממלכתי,יהודי,2022,תיירות,5,19,82.63,349928
west,ניסויי על איזורי תפן,כפר ורדים,ממלכתי,יהודי,2023,תיירות,5,11,84.36,349928
west,ניסויי על איזורי תפן,כפר ורדים,ממלכתי,יהודי,2021,תנ'ך,2,61,84.9,349928
west,ניסויי על איזורי תפן,כפר ורדים,ממלכתי,יהודי,2022,תנ'ך,2,60,85.7,349928
west,ניסויי על איזורי תפן,כפר ורדים,ממלכתי,יהודי,2023,תנ'ך,2,52,82.44,349928
west,"מקיף ע""ש יני",כפר יאסיף,ממלכתי,ערבי,2021,אזרחות,2,222,78.91,248013
west,"מקיף ע""ש יני",כפר יאסיף,ממלכתי,ערבי,2022,אזרחות,2,179,72.92,248013
west,"מקיף ע""ש יני",כפר יאסיף,ממלכתי,ערבי,2023,אזרחות,2,179,75.66,248013
west,"מקיף ע""ש יני",כפר יאסיף,ממלכתי,ערבי,2021,אנגלית,3,43,71.93,248013
west,"מקיף ע""ש יני",כפר יאסיף,ממלכתי,ערבי,2021,אנגלית,4,91,78.82,248013
west,"מקיף ע""ש יני",כפר יאסיף,ממלכתי,ערבי,2021,אנגלית,5,79,91.38,248013
west,"מקיף ע""ש יני",כפר יאסיף,ממלכתי,ערבי,2022,אנגלית,3,28,66.68,248013
west,"מקיף ע""ש יני",כפר יאסיף,ממלכתי,ערבי,2022,אנגלית,4,64,75.7,248013
west,"מקיף ע""ש יני",כפר יאסיף,ממלכתי,ערבי,2022,אנגלית,5,75,90.24,248013
west,"מקיף ע""ש יני",כפר יאסיף,ממלכתי,ערבי,2023,אנגלית,3,27,72.48,248013
west,"מקיף ע""ש יני",כפר יאסיף,ממלכתי,ערבי,2023,אנגלית,4,71,77.31,248013
west,"מקיף ע""ש יני",כפר יאסיף,ממלכתי,ערבי,2023,אנגלית,5,81,90.01,248013
west,"מקיף ע""ש יני",כפר יאסיף,ממלכתי,ערבי,2021,ביולוגיה,5,62,73.95,248013
west,"מקיף ע""ש יני",כפר יאסיף,ממלכתי,ערבי,2022,ביולוגיה,5,33,68.67,248013
west,"מקיף ע""ש יני",כפר יאסיף,ממלכתי,ערבי,2023,ביולוגיה,5,43,75.3,248013
west,"מקיף ע""ש יני",כפר יאסיף,ממלכתי,ערבי,2021,הסטוריה - בי'ס ערבי,2,216,91.74,248013
west,"מקיף ע""ש יני",כפר יאסיף,ממלכתי,ערבי,2022,הסטוריה - בי'ס ערבי,2,177,92.21,248013
west,"מקיף ע""ש יני",כפר יאסיף,ממלכתי,ערבי,2023,הסטוריה - בי'ס ערבי,2,186,94.61,248013
west,"מקיף ע""ש יני",כפר יאסיף,ממלכתי,ערבי,2021,ישומים בביוטכנולוגיה,5,42,94.95,248013
west,"מקיף ע""ש יני",כפר יאסיף,ממלכתי,ערבי,2022,ישומים בביוטכנולוגיה,5,26,92.27,248013
west,"מקיף ע""ש יני",כפר יאסיף,ממלכתי,ערבי,2021,כימיה,5,94,89.94,248013
west,"מקיף ע""ש יני",כפר יאסיף,ממלכתי,ערבי,2022,כימיה,5,57,83.09,248013
west,"מקיף ע""ש יני",כפר יאסיף,ממלכתי,ערבי,2023,כימיה,5,69,79.04,248013
west,"מקיף ע""ש יני",כפר יאסיף,ממלכתי,ערבי,2021,מדעי המחשב,5,43,90.09,248013
west,"מקיף ע""ש יני",כפר יאסיף,ממלכתי,ערבי,2022,מדעי המחשב,5,45,78.07,248013
west,"מקיף ע""ש יני",כפר יאסיף,ממלכתי,ערבי,2023,מדעי המחשב,5,35,87.8,248013
west,"מקיף ע""ש יני",כפר יאסיף,ממלכתי,ערבי,2021,מדעי לימודי הסביבה,5,68,81.56,248013
west,"מקיף ע""ש יני",כפר יאסיף,ממלכתי,ערבי,2022,מדעי לימודי הסביבה,5,54,70.69,248013
west,"מקיף ע""ש יני",כפר יאסיף,ממלכתי,ערבי,2023,מדעי לימודי הסביבה,5,44,75.89,248013
west,"מקיף ע""ש יני",כפר יאסיף,ממלכתי,ערבי,2021,מערכות ביוטכנולוגיה,5,39,85.97,248013
west,"מקיף ע""ש יני",כפר יאסיף,ממלכתי,ערבי,2022,מערכות ביוטכנולוגיה,5,23,83.52,248013
west,"מקיף ע""ש יני",כפר יאסיף,ממלכתי,ערבי,2021,מערכות תקשוב,5,19,72.26,248013
west,"מקיף ע""ש יני",כפר יאסיף,ממלכתי,ערבי,2022,מערכות תקשוב,5,12,68.75,248013
west,"מקיף ע""ש יני",כפר יאסיף,ממלכתי,ערבי,2023,מערכות תקשוב,5,19,72.89,248013
west,"מקיף ע""ש יני",כפר יאסיף,ממלכתי,ערבי,2021,מתמטיקה,3,120,76.38,248013
west,"מקיף ע""ש יני",כפר יאסיף,ממלכתי,ערבי,2021,מתמטיקה,4,47,85.45,248013
west,"מקיף ע""ש יני",כפר יאסיף,ממלכתי,ערבי,2021,מתמטיקה,5,39,88.67,248013
west,"מקיף ע""ש יני",כפר יאסיף,ממלכתי,ערבי,2022,מתמטיקה,3,92,74.45,248013
west,"מקיף ע""ש יני",כפר יאסיף,ממלכתי,ערבי,2022,מתמטיקה,4,35,81.26,248013
west,"מקיף ע""ש יני",כפר יאסיף,ממלכתי,ערבי,2022,מתמטיקה,5,29,79.83,248013
west,"מקיף ע""ש יני",כפר יאסיף,ממלכתי,ערבי,2023,מתמטיקה,3,91,75.14,248013
west,"מקיף ע""ש יני",כפר יאסיף,ממלכתי,ערבי,2023,מתמטיקה,4,45,81.64,248013
west,"מקיף ע""ש יני",כפר יאסיף,ממלכתי,ערבי,2023,מתמטיקה,5,36,85.14,248013
west,"מקיף ע""ש יני",כפר יאסיף,ממלכתי,ערבי,2021,עברית בחינוך הערבי,3,199,82.86,248013
west,"מקיף ע""ש יני",כפר יאסיף,ממלכתי,ערבי,2021,עברית בחינוך הערבי,5,25,90.16,248013
west,"מקיף ע""ש יני",כפר יאסיף,ממלכתי,ערבי,2022,עברית בחינוך הערבי,3,154,81.34,248013
west,"מקיף ע""ש יני",כפר יאסיף,ממלכתי,ערבי,2022,עברית בחינוך הערבי,5,15,85.87,248013
west,"מקיף ע""ש יני",כפר יאסיף,ממלכתי,ערבי,2023,עברית בחינוך הערבי,3,136,79.13,248013
west,"מקיף ע""ש יני",כפר יאסיף,ממלכתי,ערבי,2023,עברית בחינוך הערבי,5,41,82.15,248013
west,"מקיף ע""ש יני",כפר יאסיף,ממלכתי,ערבי,2021,ערבית לערבים,3,213,81.83,248013
west,"מקיף ע""ש יני",כפר יאסיף,ממלכתי,ערבי,2022,ערבית לערבים,3,165,81.76,248013
west,"מקיף ע""ש יני",כפר יאסיף,ממלכתי,ערבי,2023,ערבית לערבים,3,171,81.74,248013
west,"מקיף ע""ש יני",כפר יאסיף,ממלכתי,ערבי,2021,פיסיקה,5,42,93.48,248013
west,"מקיף ע""ש יני",כפר יאסיף,ממלכתי,ערבי,2022,פיסיקה,5,45,89.18,248013
west,"מקיף ע""ש יני",כפר יאסיף,ממלכתי,ערבי,2023,פיסיקה,5,46,85.39,248013
west,"מקיף ע""ש יני",כפר יאסיף,ממלכתי,ערבי,2021,תכנון ותכנות מערכות,5,43,98.6,248013
west,"מקיף ע""ש יני",כפר יאסיף,ממלכתי,ערבי,2022,תכנון ותכנות מערכות,5,44,94.93,248013
west,"מקיף ע""ש יני",כפר יאסיף,ממלכתי,ערבי,2023,תכנון ותכנות מערכות,5,47,96.55,248013
west,"מקיף ע""ש יני",כפר יאסיף,ממלכתי,ערבי,2021,תשתיות מחשוב ותקשוב,5,17,68.35,248013
west,"מקיף ע""ש יני",כפר יאסיף,ממלכתי,ערבי,2022,תשתיות מחשוב ותקשוב,5,12,70.75,248013
west,"מקיף ע""ש יני",כפר יאסיף,ממלכתי,ערבי,2023,תשתיות מחשוב ותקשוב,5,18,63.22,248013
west,נירים,מטה אשר,ממלכתי,יהודי,2021,אזרחות,2,22,81.32,240820
west,נירים,מטה אשר,ממלכתי,יהודי,2022,אזרחות,2,22,84.73,240820
west,נירים,מטה אשר,ממלכתי,יהודי,2023,אזרחות,2,18,88.33,240820
west,נירים,מטה אשר,ממלכתי,יהודי,2022,אנגלית,5,12,84,240820
west,נירים,מטה אשר,ממלכתי,יהודי,2021,גאוגרפיה,5,23,84.09,240820
west,נירים,מטה אשר,ממלכתי,יהודי,2021,הסטוריה,2,23,78.7,240820
west,נירים,מטה אשר,ממלכתי,יהודי,2022,הסטוריה,2,21,77.38,240820
west,נירים,מטה אשר,ממלכתי,יהודי,2023,הסטוריה,2,18,81.11,240820
west,נירים,מטה אשר,ממלכתי,יהודי,2022,מדעי לימודי הסביבה,5,22,77.23,240820
west,נירים,מטה אשר,ממלכתי,יהודי,2023,מערכות תקשוב,5,18,71.39,240820
west,נירים,מטה אשר,ממלכתי,יהודי,2021,מתמטיקה,3,19,72.42,240820
west,נירים,מטה אשר,ממלכתי,יהודי,2022,מתמטיקה,3,17,78.24,240820
west,נירים,מטה אשר,ממלכתי,יהודי,2023,מתמטיקה,3,11,68.09,240820
west,נירים,מטה אשר,ממלכתי,יהודי,2021,ספרות,2,24,74.71,240820
west,נירים,מטה אשר,ממלכתי,יהודי,2022,ספרות,2,25,80.48,240820
west,נירים,מטה אשר,ממלכתי,יהודי,2023,ספרות,2,20,78.8,240820
west,נירים,מטה אשר,ממלכתי,יהודי,2021,עברית )לשון והבעה(,2,23,76.7,240820
west,נירים,מטה אשר,ממלכתי,יהודי,2022,עברית )לשון והבעה(,2,22,75.05,240820
west,נירים,מטה אשר,ממלכתי,יהודי,2023,עברית )לשון והבעה(,2,18,75.5,240820
west,נירים,מטה אשר,ממלכתי,יהודי,2021,תנ'ך,2,22,80.95,240820
west,נירים,מטה אשר,ממלכתי,יהודי,2022,תנ'ך,2,17,84.24,240820
west,נירים,מטה אשר,ממלכתי,יהודי,2023,תנ'ך,2,17,81.59,240820
west,נירים,מטה אשר,ממלכתי,יהודי,2023,תשתיות מחשוב ותקשוב,5,17,84,240820
west,"בי""ס מקיף השלום דנון",מטה אשר,ממלכתי,ערבי,2021,אזרחות,2,130,74.42,247221
west,"בי""ס מקיף השלום דנון",מטה אשר,ממלכתי,ערבי,2022,אזרחות,2,88,69.44,247221
west,"בי""ס מקיף השלום דנון",מטה אשר,ממלכתי,ערבי,2023,אזרחות,2,102,72.49,247221
west,"בי""ס מקיף השלום דנון",מטה אשר,ממלכתי,ערבי,2021,אנגלית,3,32,69.06,247221
west,"בי""ס מקיף השלום דנון",מטה אשר,ממלכתי,ערבי,2021,אנגלית,4,61,72.21,247221
west,"בי""ס מקיף השלום דנון",מטה אשר,ממלכתי,ערבי,2021,אנגלית,5,29,81.17,247221
west,"בי""ס מקיף השלום דנון",מטה אשר,ממלכתי,ערבי,2022,אנגלית,3,24,69.5,247221
west,"בי""ס מקיף השלום דנון",מטה אשר,ממלכתי,ערבי,2022,אנגלית,4,33,74.7,247221
west,"בי""ס מקיף השלום דנון",מטה אשר,ממלכתי,ערבי,2022,אנגלית,5,23,87.91,247221
west,"בי""ס מקיף השלום דנון",מטה אשר,ממלכתי,ערבי,2023,אנגלית,3,30,66.53,247221
west,"בי""ס מקיף השלום דנון",מטה אשר,ממלכתי,ערבי,2023,אנגלית,4,29,70,247221
west,"בי""ס מקיף השלום דנון",מטה אשר,ממלכתי,ערבי,2023,אנגלית,5,34,87.15,247221
west,"בי""ס מקיף השלום דנון",מטה אשר,ממלכתי,ערבי,2021,ביולוגיה,5,20,83.3,247221
west,"בי""ס מקיף השלום דנון",מטה אשר,ממלכתי,ערבי,2022,ביולוגיה,5,17,86.47,247221
west,"בי""ס מקיף השלום דנון",מטה אשר,ממלכתי,ערבי,2023,ביולוגיה,5,12,80.42,247221
west,"בי""ס מקיף השלום דנון",מטה אשר,ממלכתי,ערבי,2021,הסטוריה - בי'ס ערבי,2,104,80.83,247221
west,"בי""ס מקיף השלום דנון",מטה אשר,ממלכתי,ערבי,2021,הסטוריה - בי'ס ערבי,5,26,74.73,247221
west,"בי""ס מקיף השלום דנון",מטה אשר,ממלכתי,ערבי,2022,הסטוריה - בי'ס ערבי,2,65,81.65,247221
west,"בי""ס מקיף השלום דנון",מטה אשר,ממלכתי,ערבי,2022,הסטוריה - בי'ס ערבי,5,22,69.91,247221
west,"בי""ס מקיף השלום דנון",מטה אשר,ממלכתי,ערבי,2023,הסטוריה - בי'ס ערבי,2,81,77.02,247221
west,"בי""ס מקיף השלום דנון",מטה אשר,ממלכתי,ערבי,2023,הסטוריה - בי'ס ערבי,5,23,75,247221
west,"בי""ס מקיף השלום דנון",מטה אשר,ממלכתי,ערבי,2021,הפקות בתקשורת,3,12,84.5,247221
west,"בי""ס מקיף השלום דנון",מטה אשר,ממלכתי,ערבי,2023,הפקות בתקשורת,3,13,75.62,247221
west,"בי""ס מקיף השלום דנון",מטה אשר,ממלכתי,ערבי,2021,כימיה,5,21,87.14,247221
west,"בי""ס מקיף השלום דנון",מטה אשר,ממלכתי,ערבי,2022,כימיה,5,14,83.43,247221
west,"בי""ס מקיף השלום דנון",מטה אשר,ממלכתי,ערבי,2023,כימיה,5,17,81.88,247221
west,"בי""ס מקיף השלום דנון",מטה אשר,ממלכתי,ערבי,2022,מדעי המחשב,5,12,79.25,247221
west,"בי""ס מקיף השלום דנון",מטה אשר,ממלכתי,ערבי,2021,מדעי לימודי הסביבה,5,17,85.18,247221
west,"בי""ס מקיף השלום דנון",מטה אשר,ממלכתי,ערבי,2023,מדעי לימודי הסביבה,5,18,86.72,247221
west,"בי""ס מקיף השלום דנון",מטה אשר,ממלכתי,ערבי,2021,מערכות תקשוב,5,42,74.19,247221
west,"בי""ס מקיף השלום דנון",מטה אשר,ממלכתי,ערבי,2022,מערכות תקשוב,5,33,62.97,247221
west,"בי""ס מקיף השלום דנון",מטה אשר,ממלכתי,ערבי,2023,מערכות תקשוב,5,20,56.05,247221
west,"בי""ס מקיף השלום דנון",מטה אשר,ממלכתי,ערבי,2021,מתמטיקה,3,75,75.01,247221
west,"בי""ס מקיף השלום דנון",מטה אשר,ממלכתי,ערבי,2021,מתמטיקה,4,18,76.78,247221
west,"בי""ס מקיף השלום דנון",מטה אשר,ממלכתי,ערבי,2021,מתמטיקה,5,13,75.62,247221
west,"בי""ס מקיף השלום דנון",מטה אשר,ממלכתי,ערבי,2022,מתמטיקה,3,51,70.96,247221
west,"בי""ס מקיף השלום דנון",מטה אשר,ממלכתי,ערבי,2022,מתמטיקה,4,15,87.53,247221
west,"בי""ס מקיף השלום דנון",מטה אשר,ממלכתי,ערבי,2023,מתמטיקה,3,60,70.02,247221
west,"בי""ס מקיף השלום דנון",מטה אשר,ממלכתי,ערבי,2023,מתמטיקה,4,19,78.21,247221
west,"בי""ס מקיף השלום דנון",מטה אשר,ממלכתי,ערבי,2021,עברית בחינוך הערבי,3,119,74.9,247221
west,"בי""ס מקיף השלום דנון",מטה אשר,ממלכתי,ערבי,2022,עברית בחינוך הערבי,3,79,78.37,247221
west,"בי""ס מקיף השלום דנון",מטה אשר,ממלכתי,ערבי,2023,עברית בחינוך הערבי,3,93,74.08,247221
west,"בי""ס מקיף השלום דנון",מטה אשר,ממלכתי,ערבי,2021,ערבית לערבים,3,115,78.23,247221
west,"בי""ס מקיף השלום דנון",מטה אשר,ממלכתי,ערבי,2022,ערבית לערבים,3,77,77.06,247221
west,"בי""ס מקיף השלום דנון",מטה אשר,ממלכתי,ערבי,2023,ערבית לערבים,3,93,75.19,247221
west,"בי""ס מקיף השלום דנון",מטה אשר,ממלכתי,ערבי,2021,פיסיקה,5,11,88,247221
west,"בי""ס מקיף השלום דנון",מטה אשר,ממלכתי,ערבי,2023,פיסיקה,5,15,81.67,247221
west,"בי""ס מקיף השלום דנון",מטה אשר,ממלכתי,ערבי,2021,תאטרון,5,27,77.3,247221
west,"בי""ס מקיף השלום דנון",מטה אשר,ממלכתי,ערבי,2022,תאטרון,5,20,86.15,247221
west,"בי""ס מקיף השלום דנון",מטה אשר,ממלכתי,ערבי,2023,תאטרון,5,24,88.21,247221
west,"בי""ס מקיף השלום דנון",מטה אשר,ממלכתי,ערבי,2022,תכנון ותכנות מערכות,5,14,95.93,247221
west,"בי""ס מקיף השלום דנון",מטה אשר,ממלכתי,ערבי,2023,תכנון ותכנות מערכות,5,11,95.36,247221
west,"בי""ס מקיף השלום דנון",מטה אשר,ממלכתי,ערבי,2021,תקשורת וחברה,5,12,84.75,247221
west,"בי""ס מקיף השלום דנון",מטה אשר,ממלכתי,ערבי,2023,תקשורת וחברה,5,13,82.46,247221
west,"בי""ס מקיף השלום דנון",מטה אשר,ממלכתי,ערבי,2021,תשתיות מחשוב ותקשוב,5,39,81.46,247221
west,"בי""ס מקיף השלום דנון",מטה אשר,ממלכתי,ערבי,2022,תשתיות מחשוב ותקשוב,5,27,79.3,247221
west,"בי""ס מקיף השלום דנון",מטה אשר,ממלכתי,ערבי,2023,תשתיות מחשוב ותקשוב,5,17,76.53,247221
west,נוטרדאם,מעיליא,ממלכתי,ערבי,2021,אזרחות,2,106,89.79,248823
west,נוטרדאם,מעיליא,ממלכתי,ערבי,2022,אזרחות,2,73,90.78,248823
west,נוטרדאם,מעיליא,ממלכתי,ערבי,2023,אזרחות,2,87,87.26,248823
west,נוטרדאם,מעיליא,ממלכתי,ערבי,2021,אנגלית,4,42,86.33,248823
west,נוטרדאם,מעיליא,ממלכתי,ערבי,2021,אנגלית,5,58,93.66,248823
west,נוטרדאם,מעיליא,ממלכתי,ערבי,2022,אנגלית,4,20,80.35,248823
west,נוטרדאם,מעיליא,ממלכתי,ערבי,2022,אנגלית,5,45,93.31,248823
west,נוטרדאם,מעיליא,ממלכתי,ערבי,2023,אנגלית,4,16,80.31,248823
west,נוטרדאם,מעיליא,ממלכתי,ערבי,2023,אנגלית,5,61,91.08,248823
west,נוטרדאם,מעיליא,ממלכתי,ערבי,2021,ביולוגיה,5,19,80.47,248823
west,נוטרדאם,מעיליא,ממלכתי,ערבי,2022,ביולוגיה,5,14,67,248823
west,נוטרדאם,מעיליא,ממלכתי,ערבי,2023,ביולוגיה,5,15,72.33,248823
west,נוטרדאם,מעיליא,ממלכתי,ערבי,2021,בקרת מכונות,5,27,94.41,248823
west,נוטרדאם,מעיליא,ממלכתי,ערבי,2022,בקרת מכונות,5,30,93.43,248823
west,נוטרדאם,מעיליא,ממלכתי,ערבי,2023,בקרת מכונות,5,33,89.36,248823
west,נוטרדאם,מעיליא,ממלכתי,ערבי,2021,הסטוריה - בי'ס ערבי,2,106,94.62,248823
west,נוטרדאם,מעיליא,ממלכתי,ערבי,2022,הסטוריה - בי'ס ערבי,2,73,93.75,248823
west,נוטרדאם,מעיליא,ממלכתי,ערבי,2023,הסטוריה - בי'ס ערבי,2,87,91.69,248823
west,נוטרדאם,מעיליא,ממלכתי,ערבי,2021,כימיה,5,48,95.54,248823
west,נוטרדאם,מעיליא,ממלכתי,ערבי,2022,כימיה,5,34,94.15,248823
west,נוטרדאם,מעיליא,ממלכתי,ערבי,2023,כימיה,5,37,92.35,248823
west,נוטרדאם,מעיליא,ממלכתי,ערבי,2021,מדעי לימודי הסביבה,5,26,87.62,248823
west,נוטרדאם,מעיליא,ממלכתי,ערבי,2023,מדעי לימודי הסביבה,5,16,81.75,248823
west,נוטרדאם,מעיליא,ממלכתי,ערבי,2021,מכטרוניקה,5,28,93.96,248823
west,נוטרדאם,מעיליא,ממלכתי,ערבי,2022,מכטרוניקה,5,30,95.17,248823
west,נוטרדאם,מעיליא,ממלכתי,ערבי,2023,מכטרוניקה,5,29,83.9,248823
west,נוטרדאם,מעיליא,ממלכתי,ערבי,2021,מנהל וכלכלה,5,16,81.94,248823
west,נוטרדאם,מעיליא,ממלכתי,ערבי,2023,מנהל וכלכלה,5,16,68.38,248823
west,נוטרדאם,מעיליא,ממלכתי,ערבי,2021,מתמטיקה,3,29,78.45,248823
west,נוטרדאם,מעיליא,ממלכתי,ערבי,2021,מתמטיקה,4,34,88.56,248823
west,נוטרדאם,מעיליא,ממלכתי,ערבי,2021,מתמטיקה,5,39,90.87,248823
west,נוטרדאם,מעיליא,ממלכתי,ערבי,2022,מתמטיקה,3,17,74.82,248823
west,נוטרדאם,מעיליא,ממלכתי,ערבי,2022,מתמטיקה,4,27,88.67,248823
west,נוטרדאם,מעיליא,ממלכתי,ערבי,2022,מתמטיקה,5,26,88.58,248823
west,נוטרדאם,מעיליא,ממלכתי,ערבי,2023,מתמטיקה,3,15,77.47,248823
west,נוטרדאם,מעיליא,ממלכתי,ערבי,2023,מתמטיקה,4,33,87.67,248823
west,נוטרדאם,מעיליא,ממלכתי,ערבי,2023,מתמטיקה,5,30,89.87,248823
west,נוטרדאם,מעיליא,ממלכתי,ערבי,2021,ניהול משאבי אנוש,3,16,85.75,248823
west,נוטרדאם,מעיליא,ממלכתי,ערבי,2023,ניהול משאבי אנוש,3,16,82.69,248823
west,נוטרדאם,מעיליא,ממלכתי,ערבי,2021,עברית בחינוך הערבי,3,55,79.16,248823
west,נוטרדאם,מעיליא,ממלכתי,ערבי,2021,עברית בחינוך הערבי,5,51,94.65,248823
west,נוטרדאם,מעיליא,ממלכתי,ערבי,2022,עברית בחינוך הערבי,3,35,80.69,248823
west,נוטרדאם,מעיליא,ממלכתי,ערבי,2022,עברית בחינוך הערבי,5,36,94.92,248823
west,נוטרדאם,מעיליא,ממלכתי,ערבי,2023,עברית בחינוך הערבי,3,50,76.24,248823
west,נוטרדאם,מעיליא,ממלכתי,ערבי,2023,עברית בחינוך הערבי,5,37,95.11,248823
west,נוטרדאם,מעיליא,ממלכתי,ערבי,2021,ערבית לערבים,3,106,85.72,248823
west,נוטרדאם,מעיליא,ממלכתי,ערבי,2022,ערבית לערבים,3,71,83.8,248823
west,נוטרדאם,מעיליא,ממלכתי,ערבי,2023,ערבית לערבים,3,85,80.12,248823
west,נוטרדאם,מעיליא,ממלכתי,ערבי,2021,פיסיקה,5,55,93.69,248823
west,נוטרדאם,מעיליא,ממלכתי,ערבי,2022,פיסיקה,5,40,92.92,248823
west,נוטרדאם,מעיליא,ממלכתי,ערבי,2023,פיסיקה,5,38,92.5,248823
west,מקיף אורט מעלות,מעלות-תרשיחא,ממלכתי,יהודי,2021,אזרחות,2,106,76.99,240465
west,מקיף אורט מעלות,מעלות-תרשיחא,ממלכתי,יהודי,2022,אזרחות,2,86,78.48,240465
west,מקיף אורט מעלות,מעלות-תרשיחא,ממלכתי,יהודי,2023,אזרחות,2,83,78.37,240465
west,מקיף אורט מעלות,מעלות-תרשיחא,ממלכתי,יהודי,2021,אלקטרוניקה ומחשבים,5,17,89.29,240465
west,מקיף אורט מעלות,מעלות-תרשיחא,ממלכתי,יהודי,2022,אלקטרוניקה ומחשבים,5,14,86.07,240465
west,מקיף אורט מעלות,מעלות-תרשיחא,ממלכתי,יהודי,2023,אלקטרוניקה ומחשבים,5,15,75.87,240465
west,מקיף אורט מעלות,מעלות-תרשיחא,ממלכתי,יהודי,2021,אמנות שימושית,5,16,85.06,240465
west,מקיף אורט מעלות,מעלות-תרשיחא,ממלכתי,יהודי,2022,אמנות שימושית,5,15,84.13,240465
west,מקיף אורט מעלות,מעלות-תרשיחא,ממלכתי,יהודי,2023,אמנות שימושית,5,11,87.18,240465
west,מקיף אורט מעלות,מעלות-תרשיחא,ממלכתי,יהודי,2021,אנגלית,3,19,72.63,240465
west,מקיף אורט מעלות,מעלות-תרשיחא,ממלכתי,יהודי,2021,אנגלית,4,39,71.23,240465
west,מקיף אורט מעלות,מעלות-תרשיחא,ממלכתי,יהודי,2021,אנגלית,5,47,85.28,240465
west,מקיף אורט מעלות,מעלות-תרשיחא,ממלכתי,יהודי,2022,אנגלית,3,16,73.69,240465
west,מקיף אורט מעלות,מעלות-תרשיחא,ממלכתי,יהודי,2022,אנגלית,4,28,74.61,240465
west,מקיף אורט מעלות,מעלות-תרשיחא,ממלכתי,יהודי,2022,אנגלית,5,41,80.44,240465
west,מקיף אורט מעלות,מעלות-תרשיחא,ממלכתי,יהודי,2023,אנגלית,3,20,70.85,240465
west,מקיף אורט מעלות,מעלות-תרשיחא,ממלכתי,יהודי,2023,אנגלית,4,18,68.83,240465
west,מקיף אורט מעלות,מעלות-תרשיחא,ממלכתי,יהודי,2023,אנגלית,5,51,85.73,240465
west,מקיף אורט מעלות,מעלות-תרשיחא,ממלכתי,יהודי,2021,ביולוגיה,5,28,82.79,240465
west,מקיף אורט מעלות,מעלות-תרשיחא,ממלכתי,יהודי,2022,ביולוגיה,5,19,73.53,240465
west,מקיף אורט מעלות,מעלות-תרשיחא,ממלכתי,יהודי,2023,ביולוגיה,5,21,75.67,240465
west,מקיף אורט מעלות,מעלות-תרשיחא,ממלכתי,יהודי,2021,הסטוריה,2,105,77.35,240465
west,מקיף אורט מעלות,מעלות-תרשיחא,ממלכתי,יהודי,2022,הסטוריה,2,82,79.83,240465
west,מקיף אורט מעלות,מעלות-תרשיחא,ממלכתי,יהודי,2023,הסטוריה,2,87,76.85,240465
west,מקיף אורט מעלות,מעלות-תרשיחא,ממלכתי,יהודי,2021,ישומים בביוטכנולוגיה,5,12,80.67,240465
west,מקיף אורט מעלות,מעלות-תרשיחא,ממלכתי,יהודי,2023,ישומים בביוטכנולוגיה,5,15,83.13,240465
west,מקיף אורט מעלות,מעלות-תרשיחא,ממלכתי,יהודי,2021,מנהל תיירותי,3,11,81.55,240465
west,מקיף אורט מעלות,מעלות-תרשיחא,ממלכתי,יהודי,2022,מנהל תיירותי,3,11,83.55,240465
west,מקיף אורט מעלות,מעלות-תרשיחא,ממלכתי,יהודי,2023,מנהל תיירותי,3,11,71.64,240465
west,מקיף אורט מעלות,מעלות-תרשיחא,ממלכתי,יהודי,2021,מערכות אלקטרוניות,5,13,90.69,240465
west,מקיף אורט מעלות,מעלות-תרשיחא,ממלכתי,יהודי,2022,מערכות אלקטרוניות,5,12,93.58,240465
west,מקיף אורט מעלות,מעלות-תרשיחא,ממלכתי,יהודי,2021,מערכות ביוטכנולוגיה,5,12,81.92,240465
west,מקיף אורט מעלות,מעלות-תרשיחא,ממלכתי,יהודי,2023,מערכות ביוטכנולוגיה,5,15,80.6,240465
west,מקיף אורט מעלות,מעלות-תרשיחא,ממלכתי,יהודי,2023,מערכות תקשוב,5,11,57.36,240465
west,מקיף אורט מעלות,מעלות-תרשיחא,ממלכתי,יהודי,2021,מתמטיקה,3,68,81.65,240465
west,מקיף אורט מעלות,מעלות-תרשיחא,ממלכתי,יהודי,2021,מתמטיקה,4,22,80.41,240465
west,מקיף אורט מעלות,מעלות-תרשיחא,ממלכתי,יהודי,2021,מתמטיקה,5,14,86.57,240465
west,מקיף אורט מעלות,מעלות-תרשיחא,ממלכתי,יהודי,2022,מתמטיקה,3,45,73.07,240465
west,מקיף אורט מעלות,מעלות-תרשיחא,ממלכתי,יהודי,2022,מתמטיקה,4,22,74.64,240465
west,מקיף אורט מעלות,מעלות-תרשיחא,ממלכתי,יהודי,2022,מתמטיקה,5,15,76.87,240465
west,מקיף אורט מעלות,מעלות-תרשיחא,ממלכתי,יהודי,2023,מתמטיקה,3,42,83.48,240465
west,מקיף אורט מעלות,מעלות-תרשיחא,ממלכתי,יהודי,2023,מתמטיקה,4,21,74.19,240465
west,מקיף אורט מעלות,מעלות-תרשיחא,ממלכתי,יהודי,2023,מתמטיקה,5,17,70.76,240465
west,מקיף אורט מעלות,מעלות-תרשיחא,ממלכתי,יהודי,2021,ספרות,2,106,71.92,240465
west,מקיף אורט מעלות,מעלות-תרשיחא,ממלכתי,יהודי,2022,ספרות,2,82,73.94,240465
west,מקיף אורט מעלות,מעלות-תרשיחא,ממלכתי,יהודי,2023,ספרות,2,83,73.06,240465
west,מקיף אורט מעלות,מעלות-תרשיחא,ממלכתי,יהודי,2021,עברית )לשון והבעה(,2,104,73.97,240465
west,מקיף אורט מעלות,מעלות-תרשיחא,ממלכתי,יהודי,2022,עברית )לשון והבעה(,2,83,78.08,240465
west,מקיף אורט מעלות,מעלות-תרשיחא,ממלכתי,יהודי,2023,עברית )לשון והבעה(,2,92,70.71,240465
west,מקיף אורט מעלות,מעלות-תרשיחא,ממלכתי,יהודי,2021,עצוב,3,12,85.67,240465
west,מקיף אורט מעלות,מעלות-תרשיחא,ממלכתי,יהודי,2021,פיסיקה,5,11,93,240465
west,מקיף אורט מעלות,מעלות-תרשיחא,ממלכתי,יהודי,2022,פיסיקה,5,11,89.91,240465
west,מקיף אורט מעלות,מעלות-תרשיחא,ממלכתי,יהודי,2023,פיסיקה,5,11,81.18,240465
west,מקיף אורט מעלות,מעלות-תרשיחא,ממלכתי,יהודי,2021,תאטרון,5,13,92.31,240465
west,מקיף אורט מעלות,מעלות-תרשיחא,ממלכתי,יהודי,2022,תאטרון,5,20,86.45,240465
west,מקיף אורט מעלות,מעלות-תרשיחא,ממלכתי,יהודי,2021,תיירות,5,40,75.4,240465
west,מקיף אורט מעלות,מעלות-תרשיחא,ממלכתי,יהודי,2022,תיירות,5,21,73.57,240465
west,מקיף אורט מעלות,מעלות-תרשיחא,ממלכתי,יהודי,2023,תיירות,5,21,72.67,240465
west,מקיף אורט מעלות,מעלות-תרשיחא,ממלכתי,יהודי,2021,תנ'ך,2,106,76.8,240465
west,מקיף אורט מעלות,מעלות-תרשיחא,ממלכתי,יהודי,2022,תנ'ך,2,87,79.43,240465
west,מקיף אורט מעלות,מעלות-תרשיחא,ממלכתי,יהודי,2023,תנ'ך,2,85,77.21,240465
west,אולפנת צביה מעלות,מעלות-תרשיחא,ממלכתי דתי,יהודי,2021,אזרחות,2,33,77.79,244111
west,אולפנת צביה מעלות,מעלות-תרשיחא,ממלכתי דתי,יהודי,2022,אזרחות,2,39,79.87,244111
west,אולפנת צביה מעלות,מעלות-תרשיחא,ממלכתי דתי,יהודי,2023,אזרחות,2,59,79.69,244111
west,אולפנת צביה מעלות,מעלות-תרשיחא,ממלכתי דתי,יהודי,2021,אנגלית,4,15,72.13,244111
west,אולפנת צביה מעלות,מעלות-תרשיחא,ממלכתי דתי,יהודי,2021,אנגלית,5,18,88.72,244111
west,אולפנת צביה מעלות,מעלות-תרשיחא,ממלכתי דתי,יהודי,2022,אנגלית,4,14,78.86,244111
west,אולפנת צביה מעלות,מעלות-תרשיחא,ממלכתי דתי,יהודי,2022,אנגלית,5,20,85.95,244111
west,אולפנת צביה מעלות,מעלות-תרשיחא,ממלכתי דתי,יהודי,2023,אנגלית,4,32,76.03,244111
west,אולפנת צביה מעלות,מעלות-תרשיחא,ממלכתי דתי,יהודי,2023,אנגלית,5,26,91.19,244111
west,אולפנת צביה מעלות,מעלות-תרשיחא,ממלכתי דתי,יהודי,2021,הסטוריה,2,34,82.5,244111
west,אולפנת צביה מעלות,מעלות-תרשיחא,ממלכתי דתי,יהודי,2022,הסטוריה,2,42,84.17,244111
west,אולפנת צביה מעלות,מעלות-תרשיחא,ממלכתי דתי,יהודי,2023,הסטוריה,2,60,89.32,244111
west,אולפנת צביה מעלות,מעלות-תרשיחא,ממלכתי דתי,יהודי,2021,מדעי החברה,5,11,85,244111
west,אולפנת צביה מעלות,מעלות-תרשיחא,ממלכתי דתי,יהודי,2022,מדעי החברה,5,13,88,244111
west,אולפנת צביה מעלות,מעלות-תרשיחא,ממלכתי דתי,יהודי,2023,מדעי החברה,5,26,84.35,244111
west,אולפנת צביה מעלות,מעלות-תרשיחא,ממלכתי דתי,יהודי,2021,מחשבת ישראל וספרות,2,34,86.09,244111
west,אולפנת צביה מעלות,מעלות-תרשיחא,ממלכתי דתי,יהודי,2022,מחשבת ישראל וספרות,2,38,86.26,244111
west,אולפנת צביה מעלות,מעלות-תרשיחא,ממלכתי דתי,יהודי,2023,מחשבת ישראל וספרות,2,59,88.29,244111
west,אולפנת צביה מעלות,מעלות-תרשיחא,ממלכתי דתי,יהודי,2021,מתמטיקה,3,17,86.18,244111
west,אולפנת צביה מעלות,מעלות-תרשיחא,ממלכתי דתי,יהודי,2022,מתמטיקה,3,14,86,244111
west,אולפנת צביה מעלות,מעלות-תרשיחא,ממלכתי דתי,יהודי,2022,מתמטיקה,4,15,81.47,244111
west,אולפנת צביה מעלות,מעלות-תרשיחא,ממלכתי דתי,יהודי,2022,מתמטיקה,5,11,76.27,244111
west,אולפנת צביה מעלות,מעלות-תרשיחא,ממלכתי דתי,יהודי,2023,מתמטיקה,3,31,85.16,244111
west,אולפנת צביה מעלות,מעלות-תרשיחא,ממלכתי דתי,יהודי,2023,מתמטיקה,4,18,75.89,244111
west,אולפנת צביה מעלות,מעלות-תרשיחא,ממלכתי דתי,יהודי,2021,עברית )לשון והבעה(,2,34,76.94,244111
west,אולפנת צביה מעלות,מעלות-תרשיחא,ממלכתי דתי,יהודי,2022,עברית )לשון והבעה(,2,41,85.07,244111
west,אולפנת צביה מעלות,מעלות-תרשיחא,ממלכתי דתי,יהודי,2023,עברית )לשון והבעה(,2,60,82.27,244111
west,אולפנת צביה מעלות,מעלות-תרשיחא,ממלכתי דתי,יהודי,2021,עצוב,5,28,83.96,244111
west,אולפנת צביה מעלות,מעלות-תרשיחא,ממלכתי דתי,יהודי,2022,עצוב,5,36,85.31,244111
west,אולפנת צביה מעלות,מעלות-תרשיחא,ממלכתי דתי,יהודי,2023,עצוב,5,42,80.64,244111
west,אולפנת צביה מעלות,מעלות-תרשיחא,ממלכתי דתי,יהודי,2021,תאטרון,5,12,89.25,244111
west,אולפנת צביה מעלות,מעלות-תרשיחא,ממלכתי דתי,יהודי,2022,תאטרון,5,14,85,244111
west,אולפנת צביה מעלות,מעלות-תרשיחא,ממלכתי דתי,יהודי,2023,תאטרון,5,19,93.11,244111
west,אולפנת צביה מעלות,מעלות-תרשיחא,ממלכתי דתי,יהודי,2021,תושבע'פ ותלמוד,5,34,85.62,244111
west,אולפנת צביה מעלות,מעלות-תרשיחא,ממלכתי דתי,יהודי,2022,תושבע'פ ותלמוד,5,38,84.84,244111
west,אולפנת צביה מעלות,מעלות-תרשיחא,ממלכתי דתי,יהודי,2023,תושבע'פ ותלמוד,5,55,88.71,244111
west,אולפנת צביה מעלות,מעלות-תרשיחא,ממלכתי דתי,יהודי,2021,תנ'ך,5,34,82.82,244111
west,אולפנת צביה מעלות,מעלות-תרשיחא,ממלכתי דתי,יהודי,2022,תנ'ך,5,39,79.59,244111
west,אולפנת צביה מעלות,מעלות-תרשיחא,ממלכתי דתי,יהודי,2023,תנ'ך,5,59,85.2,244111
west,מקיף תרשיחא,מעלות-תרשיחא,ממלכתי,ערבי,2021,אזרחות,2,132,87.2,248062
west,מקיף תרשיחא,מעלות-תרשיחא,ממלכתי,ערבי,2022,אזרחות,2,120,84.29,248062
west,מקיף תרשיחא,מעלות-תרשיחא,ממלכתי,ערבי,2023,אזרחות,2,115,87.32,248062
west,מקיף תרשיחא,מעלות-תרשיחא,ממלכתי,ערבי,2022,אלקטרוניקה ומחשבים,5,16,86.31,248062
west,מקיף תרשיחא,מעלות-תרשיחא,ממלכתי,ערבי,2023,אלקטרוניקה ומחשבים,5,24,95.25,248062
west,מקיף תרשיחא,מעלות-תרשיחא,ממלכתי,ערבי,2021,אנגלית,3,24,67.54,248062
west,מקיף תרשיחא,מעלות-תרשיחא,ממלכתי,ערבי,2021,אנגלית,4,23,69.7,248062
west,מקיף תרשיחא,מעלות-תרשיחא,ממלכתי,ערבי,2021,אנגלית,5,74,90.86,248062
west,מקיף תרשיחא,מעלות-תרשיחא,ממלכתי,ערבי,2022,אנגלית,3,33,73.15,248062
west,מקיף תרשיחא,מעלות-תרשיחא,ממלכתי,ערבי,2022,אנגלית,4,31,77.61,248062
west,מקיף תרשיחא,מעלות-תרשיחא,ממלכתי,ערבי,2022,אנגלית,5,49,91.73,248062
west,מקיף תרשיחא,מעלות-תרשיחא,ממלכתי,ערבי,2023,אנגלית,3,23,68.83,248062
west,מקיף תרשיחא,מעלות-תרשיחא,ממלכתי,ערבי,2023,אנגלית,4,26,74.04,248062
west,מקיף תרשיחא,מעלות-תרשיחא,ממלכתי,ערבי,2023,אנגלית,5,61,90.8,248062
west,מקיף תרשיחא,מעלות-תרשיחא,ממלכתי,ערבי,2021,ביולוגיה,5,20,74.45,248062
west,מקיף תרשיחא,מעלות-תרשיחא,ממלכתי,ערבי,2022,ביולוגיה,5,28,74.86,248062
west,מקיף תרשיחא,מעלות-תרשיחא,ממלכתי,ערבי,2023,ביולוגיה,5,17,72.71,248062
west,מקיף תרשיחא,מעלות-תרשיחא,ממלכתי,ערבי,2021,הסטוריה - בי'ס ערבי,2,131,89.98,248062
west,מקיף תרשיחא,מעלות-תרשיחא,ממלכתי,ערבי,2022,הסטוריה - בי'ס ערבי,2,115,85.5,248062
west,מקיף תרשיחא,מעלות-תרשיחא,ממלכתי,ערבי,2023,הסטוריה - בי'ס ערבי,2,110,95.16,248062
west,מקיף תרשיחא,מעלות-תרשיחא,ממלכתי,ערבי,2021,ישומים בביוטכנולוגיה,5,17,83.82,248062
west,מקיף תרשיחא,מעלות-תרשיחא,ממלכתי,ערבי,2022,ישומים בביוטכנולוגיה,5,23,79.35,248062
west,מקיף תרשיחא,מעלות-תרשיחא,ממלכתי,ערבי,2023,ישומים בביוטכנולוגיה,5,14,86.43,248062
west,מקיף תרשיחא,מעלות-תרשיחא,ממלכתי,ערבי,2021,כימיה,5,53,89.83,248062
west,מקיף תרשיחא,מעלות-תרשיחא,ממלכתי,ערבי,2022,כימיה,5,32,90.31,248062
west,מקיף תרשיחא,מעלות-תרשיחא,ממלכתי,ערבי,2023,כימיה,5,38,88.13,248062
west,מקיף תרשיחא,מעלות-תרשיחא,ממלכתי,ערבי,2021,מכניקה הנדסית,5,17,87.35,248062
west,מקיף תרשיחא,מעלות-תרשיחא,ממלכתי,ערבי,2022,מכניקה הנדסית,5,15,77.13,248062
west,מקיף תרשיחא,מעלות-תרשיחא,ממלכתי,ערבי,2023,מכניקה הנדסית,5,20,85.75,248062
west,מקיף תרשיחא,מעלות-תרשיחא,ממלכתי,ערבי,2021,מנהל וכלכלה,5,17,76.88,248062
west,מקיף תרשיחא,מעלות-תרשיחא,ממלכתי,ערבי,2022,מנהל וכלכלה,5,11,80.09,248062
west,מקיף תרשיחא,מעלות-תרשיחא,ממלכתי,ערבי,2023,מנהל וכלכלה,5,13,62.46,248062
west,מקיף תרשיחא,מעלות-תרשיחא,ממלכתי,ערבי,2022,מערכות אלקטרוניות,5,16,97.63,248062
west,מקיף תרשיחא,מעלות-תרשיחא,ממלכתי,ערבי,2023,מערכות אלקטרוניות,5,24,97.5,248062
west,מקיף תרשיחא,מעלות-תרשיחא,ממלכתי,ערבי,2021,מערכות ביוטכנולוגיה,5,13,71.31,248062
west,מקיף תרשיחא,מעלות-תרשיחא,ממלכתי,ערבי,2022,מערכות ביוטכנולוגיה,5,23,75.35,248062
west,מקיף תרשיחא,מעלות-תרשיחא,ממלכתי,ערבי,2023,מערכות ביוטכנולוגיה,5,13,75.46,248062
west,מקיף תרשיחא,מעלות-תרשיחא,ממלכתי,ערבי,2021,"מערכות תיב""מ",5,15,73.6,248062
west,מקיף תרשיחא,מעלות-תרשיחא,ממלכתי,ערבי,2022,"מערכות תיב""מ",5,23,74.3,248062
west,מקיף תרשיחא,מעלות-תרשיחא,ממלכתי,ערבי,2023,"מערכות תיב""מ",5,18,71.33,248062
west,מקיף תרשיחא,מעלות-תרשיחא,ממלכתי,ערבי,2021,מתמטיקה,3,51,70.41,248062
west,מקיף תרשיחא,מעלות-תרשיחא,ממלכתי,ערבי,2021,מתמטיקה,4,17,82.47,248062
west,מקיף תרשיחא,מעלות-תרשיחא,ממלכתי,ערבי,2021,מתמטיקה,5,43,82.53,248062
west,מקיף תרשיחא,מעלות-תרשיחא,ממלכתי,ערבי,2022,מתמטיקה,3,50,75.34,248062
west,מקיף תרשיחא,מעלות-תרשיחא,ממלכתי,ערבי,2022,מתמטיקה,4,23,78.3,248062
west,מקיף תרשיחא,מעלות-תרשיחא,ממלכתי,ערבי,2022,מתמטיקה,5,27,84.33,248062
west,מקיף תרשיחא,מעלות-תרשיחא,ממלכתי,ערבי,2023,מתמטיקה,3,43,73.14,248062
west,מקיף תרשיחא,מעלות-תרשיחא,ממלכתי,ערבי,2023,מתמטיקה,4,28,85.18,248062
west,מקיף תרשיחא,מעלות-תרשיחא,ממלכתי,ערבי,2023,מתמטיקה,5,32,81.78,248062
west,מקיף תרשיחא,מעלות-תרשיחא,ממלכתי,ערבי,2021,עברית בחינוך הערבי,3,113,84.31,248062
west,מקיף תרשיחא,מעלות-תרשיחא,ממלכתי,ערבי,2021,עברית בחינוך הערבי,5,15,98.6,248062
west,מקיף תרשיחא,מעלות-תרשיחא,ממלכתי,ערבי,2022,עברית בחינוך הערבי,3,104,79.61,248062
west,מקיף תרשיחא,מעלות-תרשיחא,ממלכתי,ערבי,2022,עברית בחינוך הערבי,5,13,94.31,248062
west,מקיף תרשיחא,מעלות-תרשיחא,ממלכתי,ערבי,2023,עברית בחינוך הערבי,3,89,78.19,248062
west,מקיף תרשיחא,מעלות-תרשיחא,ממלכתי,ערבי,2023,עברית בחינוך הערבי,5,23,95.39,248062
west,מקיף תרשיחא,מעלות-תרשיחא,ממלכתי,ערבי,2021,ערבית לערבים,3,121,83.13,248062
west,מקיף תרשיחא,מעלות-תרשיחא,ממלכתי,ערבי,2022,ערבית לערבים,3,112,80.05,248062
west,מקיף תרשיחא,מעלות-תרשיחא,ממלכתי,ערבי,2023,ערבית לערבים,3,113,80.7,248062
west,מקיף תרשיחא,מעלות-תרשיחא,ממלכתי,ערבי,2021,פיסיקה,5,51,94.55,248062
west,מקיף תרשיחא,מעלות-תרשיחא,ממלכתי,ערבי,2022,פיסיקה,5,43,90.09,248062
west,מקיף תרשיחא,מעלות-תרשיחא,ממלכתי,ערבי,2023,פיסיקה,5,49,88.04,248062
west,ישיבה תיכונית,מעלות-תרשיחא,ממלכתי דתי,יהודי,2021,אזרחות,2,35,72.69,460691
west,ישיבה תיכונית,מעלות-תרשיחא,ממלכתי דתי,יהודי,2022,אזרחות,2,32,75.34,460691
west,ישיבה תיכונית,מעלות-תרשיחא,ממלכתי דתי,יהודי,2023,אזרחות,2,33,83,460691
west,ישיבה תיכונית,מעלות-תרשיחא,ממלכתי דתי,יהודי,2021,אנגלית,5,20,83.1,460691
west,ישיבה תיכונית,מעלות-תרשיחא,ממלכתי דתי,יהודי,2022,אנגלית,5,14,84.07,460691
west,ישיבה תיכונית,מעלות-תרשיחא,ממלכתי דתי,יהודי,2023,אנגלית,4,13,78.54,460691
west,ישיבה תיכונית,מעלות-תרשיחא,ממלכתי דתי,יהודי,2023,אנגלית,5,11,87.27,460691
west,ישיבה תיכונית,מעלות-תרשיחא,ממלכתי דתי,יהודי,2021,הסטוריה,2,36,76.61,460691
west,ישיבה תיכונית,מעלות-תרשיחא,ממלכתי דתי,יהודי,2022,הסטוריה,2,33,76.03,460691
west,ישיבה תיכונית,מעלות-תרשיחא,ממלכתי דתי,יהודי,2023,הסטוריה,2,33,79.39,460691
west,ישיבה תיכונית,מעלות-תרשיחא,ממלכתי דתי,יהודי,2021,הפקות בתקשורת,3,17,67.53,460691
west,ישיבה תיכונית,מעלות-תרשיחא,ממלכתי דתי,יהודי,2022,למודי ארץ ישראל,5,11,75.55,460691
west,ישיבה תיכונית,מעלות-תרשיחא,ממלכתי דתי,יהודי,2021,מחשבת ישראל וספרות,2,35,75.26,460691
west,ישיבה תיכונית,מעלות-תרשיחא,ממלכתי דתי,יהודי,2022,מחשבת ישראל וספרות,2,30,75,460691
west,ישיבה תיכונית,מעלות-תרשיחא,ממלכתי דתי,יהודי,2023,מחשבת ישראל וספרות,2,33,71.52,460691
west,ישיבה תיכונית,מעלות-תרשיחא,ממלכתי דתי,יהודי,2021,מתמטיקה,3,18,86.89,460691
west,ישיבה תיכונית,מעלות-תרשיחא,ממלכתי דתי,יהודי,2022,מתמטיקה,3,21,74.33,460691
west,ישיבה תיכונית,מעלות-תרשיחא,ממלכתי דתי,יהודי,2023,מתמטיקה,3,21,77.76,460691
west,ישיבה תיכונית,מעלות-תרשיחא,ממלכתי דתי,יהודי,2021,עברית )לשון והבעה(,2,35,75.4,460691
west,ישיבה תיכונית,מעלות-תרשיחא,ממלכתי דתי,יהודי,2022,עברית )לשון והבעה(,2,30,73.17,460691
west,ישיבה תיכונית,מעלות-תרשיחא,ממלכתי דתי,יהודי,2023,עברית )לשון והבעה(,2,34,69.94,460691
west,ישיבה תיכונית,מעלות-תרשיחא,ממלכתי דתי,יהודי,2021,פיסיקה,5,12,84.67,460691
west,ישיבה תיכונית,מעלות-תרשיחא,ממלכתי דתי,יהודי,2021,תושבע'פ ותלמוד,5,33,78.48,460691
west,ישיבה תיכונית,מעלות-תרשיחא,ממלכתי דתי,יהודי,2022,תושבע'פ ותלמוד,3,11,70.18,460691
west,ישיבה תיכונית,מעלות-תרשיחא,ממלכתי דתי,יהודי,2022,תושבע'פ ותלמוד,5,22,77.77,460691
west,ישיבה תיכונית,מעלות-תרשיחא,ממלכתי דתי,יהודי,2023,תושבע'פ ותלמוד,5,28,83.86,460691
west,ישיבה תיכונית,מעלות-תרשיחא,ממלכתי דתי,יהודי,2021,תנ'ך,5,26,85.62,460691
west,ישיבה תיכונית,מעלות-תרשיחא,ממלכתי דתי,יהודי,2022,תנ'ך,3,20,62.7,460691
west,ישיבה תיכונית,מעלות-תרשיחא,ממלכתי דתי,יהודי,2022,תנ'ך,5,13,81.62,460691
west,ישיבה תיכונית,מעלות-תרשיחא,ממלכתי דתי,יהודי,2023,תנ'ך,3,18,68.67,460691
west,ישיבה תיכונית,מעלות-תרשיחא,ממלכתי דתי,יהודי,2023,תנ'ך,5,16,83.31,460691
west,ישיבה תיכונית,מעלות-תרשיחא,ממלכתי דתי,יהודי,2021,תקשורת וחברה,5,16,77.75,460691
west,ישיבת אביר יעקב,נהריה,ממלכתי דתי,יהודי,2021,אזרחות,2,27,81.89,214098
west,ישיבת אביר יעקב,נהריה,ממלכתי דתי,יהודי,2022,אזרחות,2,38,82.55,214098
west,ישיבת אביר יעקב,נהריה,ממלכתי דתי,יהודי,2023,אזרחות,2,37,79.32,214098
west,ישיבת אביר יעקב,נהריה,ממלכתי דתי,יהודי,2021,אנגלית,5,14,87.71,214098
west,ישיבת אביר יעקב,נהריה,ממלכתי דתי,יהודי,2022,אנגלית,4,15,66.6,214098
west,ישיבת אביר יעקב,נהריה,ממלכתי דתי,יהודי,2022,אנגלית,5,20,87.85,214098
west,ישיבת אביר יעקב,נהריה,ממלכתי דתי,יהודי,2023,אנגלית,5,28,86.96,214098
west,ישיבת אביר יעקב,נהריה,ממלכתי דתי,יהודי,2021,הסטוריה,2,27,83.59,214098
west,ישיבת אביר יעקב,נהריה,ממלכתי דתי,יהודי,2022,הסטוריה,2,39,79.74,214098
west,ישיבת אביר יעקב,נהריה,ממלכתי דתי,יהודי,2023,הסטוריה,2,37,83.32,214098
west,ישיבת אביר יעקב,נהריה,ממלכתי דתי,יהודי,2021,מחשבת ישראל וספרות,2,27,82.56,214098
west,ישיבת אביר יעקב,נהריה,ממלכתי דתי,יהודי,2022,מחשבת ישראל וספרות,2,39,86.82,214098
west,ישיבת אביר יעקב,נהריה,ממלכתי דתי,יהודי,2023,מחשבת ישראל וספרות,2,37,80.51,214098
west,ישיבת אביר יעקב,נהריה,ממלכתי דתי,יהודי,2021,מתמטיקה,5,11,75.36,214098
west,ישיבת אביר יעקב,נהריה,ממלכתי דתי,יהודי,2022,מתמטיקה,3,12,79.83,214098
west,ישיבת אביר יעקב,נהריה,ממלכתי דתי,יהודי,2022,מתמטיקה,4,16,82.56,214098
west,ישיבת אביר יעקב,נהריה,ממלכתי דתי,יהודי,2023,מתמטיקה,4,17,74.88,214098
west,ישיבת אביר יעקב,נהריה,ממלכתי דתי,יהודי,2023,מתמטיקה,5,11,77.91,214098
west,ישיבת אביר יעקב,נהריה,ממלכתי דתי,יהודי,2021,עברית )לשון והבעה(,2,27,73.63,214098
west,ישיבת אביר יעקב,נהריה,ממלכתי דתי,יהודי,2022,עברית )לשון והבעה(,2,38,79.34,214098
west,ישיבת אביר יעקב,נהריה,ממלכתי דתי,יהודי,2023,עברית )לשון והבעה(,2,37,74.22,214098
west,ישיבת אביר יעקב,נהריה,ממלכתי דתי,יהודי,2022,פיסיקה,5,12,86.17,214098
west,ישיבת אביר יעקב,נהריה,ממלכתי דתי,יהודי,2023,פיסיקה,5,11,88,214098
west,ישיבת אביר יעקב,נהריה,ממלכתי דתי,יהודי,2021,תושבע'פ ותלמוד,5,27,78.59,214098
west,ישיבת אביר יעקב,נהריה,ממלכתי דתי,יהודי,2022,תושבע'פ ותלמוד,5,37,77.49,214098
west,ישיבת אביר יעקב,נהריה,ממלכתי דתי,יהודי,2023,תושבע'פ ותלמוד,5,35,70.63,214098
west,ישיבת אביר יעקב,נהריה,ממלכתי דתי,יהודי,2021,תנ'ך,5,23,75.91,214098
west,ישיבת אביר יעקב,נהריה,ממלכתי דתי,יהודי,2022,תנ'ך,3,11,71.55,214098
west,ישיבת אביר יעקב,נהריה,ממלכתי דתי,יהודי,2022,תנ'ך,5,27,80.63,214098
west,ישיבת אביר יעקב,נהריה,ממלכתי דתי,יהודי,2023,תנ'ך,5,32,77.47,214098
west,אורט אולפנת הראל,נהריה,ממלכתי דתי,יהודי,2021,אזרחות,2,30,74.93,240085
west,אורט אולפנת הראל,נהריה,ממלכתי דתי,יהודי,2022,אזרחות,2,36,76.03,240085
west,אורט אולפנת הראל,נהריה,ממלכתי דתי,יהודי,2023,אזרחות,2,32,70.97,240085
west,אורט אולפנת הראל,נהריה,ממלכתי דתי,יהודי,2021,אנגלית,4,12,75.33,240085
west,אורט אולפנת הראל,נהריה,ממלכתי דתי,יהודי,2021,אנגלית,5,18,85.78,240085
west,אורט אולפנת הראל,נהריה,ממלכתי דתי,יהודי,2022,אנגלית,4,21,77.9,240085
west,אורט אולפנת הראל,נהריה,ממלכתי דתי,יהודי,2022,אנגלית,5,14,88.36,240085
west,אורט אולפנת הראל,נהריה,ממלכתי דתי,יהודי,2023,אנגלית,4,11,68.73,240085
west,אורט אולפנת הראל,נהריה,ממלכתי דתי,יהודי,2023,אנגלית,5,14,83.5,240085
west,אורט אולפנת הראל,נהריה,ממלכתי דתי,יהודי,2021,הסטוריה,2,30,80.63,240085
west,אורט אולפנת הראל,נהריה,ממלכתי דתי,יהודי,2022,הסטוריה,2,37,81.24,240085
west,אורט אולפנת הראל,נהריה,ממלכתי דתי,יהודי,2023,הסטוריה,2,32,77.47,240085
west,אורט אולפנת הראל,נהריה,ממלכתי דתי,יהודי,2022,הפקות בתקשורת,3,11,80.09,240085
west,אורט אולפנת הראל,נהריה,ממלכתי דתי,יהודי,2021,מחשבת ישראל וספרות,2,30,85.43,240085
west,אורט אולפנת הראל,נהריה,ממלכתי דתי,יהודי,2022,מחשבת ישראל וספרות,2,36,83.75,240085
west,אורט אולפנת הראל,נהריה,ממלכתי דתי,יהודי,2023,מחשבת ישראל וספרות,2,30,84.13,240085
west,אורט אולפנת הראל,נהריה,ממלכתי דתי,יהודי,2021,מתמטיקה,3,14,88.79,240085
west,אורט אולפנת הראל,נהריה,ממלכתי דתי,יהודי,2021,מתמטיקה,4,13,79.08,240085
west,אורט אולפנת הראל,נהריה,ממלכתי דתי,יהודי,2022,מתמטיקה,3,19,84.16,240085
west,אורט אולפנת הראל,נהריה,ממלכתי דתי,יהודי,2023,מתמטיקה,3,16,79.25,240085
west,אורט אולפנת הראל,נהריה,ממלכתי דתי,יהודי,2021,עברית )לשון והבעה(,2,30,77.47,240085
west,אורט אולפנת הראל,נהריה,ממלכתי דתי,יהודי,2022,עברית )לשון והבעה(,2,37,82.3,240085
west,אורט אולפנת הראל,נהריה,ממלכתי דתי,יהודי,2023,עברית )לשון והבעה(,2,29,71.55,240085
west,אורט אולפנת הראל,נהריה,ממלכתי דתי,יהודי,2022,פיסיקה,5,11,86.45,240085
west,אורט אולפנת הראל,נהריה,ממלכתי דתי,יהודי,2021,תאטרון,5,11,92.64,240085
west,אורט אולפנת הראל,נהריה,ממלכתי דתי,יהודי,2021,תושבע'פ ותלמוד,5,26,90,240085
west,אורט אולפנת הראל,נהריה,ממלכתי דתי,יהודי,2022,תושבע'פ ותלמוד,5,29,86.86,240085
west,אורט אולפנת הראל,נהריה,ממלכתי דתי,יהודי,2023,תושבע'פ ותלמוד,5,23,81.61,240085
west,אורט אולפנת הראל,נהריה,ממלכתי דתי,יהודי,2021,תנ'ך,3,26,85.58,240085
west,אורט אולפנת הראל,נהריה,ממלכתי דתי,יהודי,2022,תנ'ך,3,36,81.69,240085
west,אורט אולפנת הראל,נהריה,ממלכתי דתי,יהודי,2023,תנ'ך,3,30,75.9,240085
west,אורט אולפנת הראל,נהריה,ממלכתי דתי,יהודי,2022,תקשורת וחברה,5,11,74.91,240085
west,אורט שחקים נהריה,נהריה,ממלכתי,יהודי,2021,אזרחות,2,267,76.48,244152
west,אורט שחקים נהריה,נהריה,ממלכתי,יהודי,2022,אזרחות,2,248,73.78,244152
west,אורט שחקים נהריה,נהריה,ממלכתי,יהודי,2023,אזרחות,2,271,75.75,244152
west,אורט שחקים נהריה,נהריה,ממלכתי,יהודי,2021,אלקטרוניקה ומחשבים,5,39,89.77,244152
west,אורט שחקים נהריה,נהריה,ממלכתי,יהודי,2022,אלקטרוניקה ומחשבים,5,39,77.67,244152
west,אורט שחקים נהריה,נהריה,ממלכתי,יהודי,2023,אלקטרוניקה ומחשבים,5,46,81.93,244152
west,אורט שחקים נהריה,נהריה,ממלכתי,יהודי,2021,אנגלית,3,42,79.83,244152
west,אורט שחקים נהריה,נהריה,ממלכתי,יהודי,2021,אנגלית,4,89,82.16,244152
west,אורט שחקים נהריה,נהריה,ממלכתי,יהודי,2021,אנגלית,5,135,88.24,244152
west,אורט שחקים נהריה,נהריה,ממלכתי,יהודי,2022,אנגלית,3,25,72.28,244152
west,אורט שחקים נהריה,נהריה,ממלכתי,יהודי,2022,אנגלית,4,96,78.7,244152
west,אורט שחקים נהריה,נהריה,ממלכתי,יהודי,2022,אנגלית,5,125,87.48,244152
west,אורט שחקים נהריה,נהריה,ממלכתי,יהודי,2023,אנגלית,3,37,76.27,244152
west,אורט שחקים נהריה,נהריה,ממלכתי,יהודי,2023,אנגלית,4,108,79.83,244152
west,אורט שחקים נהריה,נהריה,ממלכתי,יהודי,2023,אנגלית,5,128,89.44,244152
west,אורט שחקים נהריה,נהריה,ממלכתי,יהודי,2021,ביולוגיה,5,54,82.85,244152
west,אורט שחקים נהריה,נהריה,ממלכתי,יהודי,2022,ביולוגיה,5,39,76.03,244152
west,אורט שחקים נהריה,נהריה,ממלכתי,יהודי,2023,ביולוגיה,5,44,80.82,244152
west,אורט שחקים נהריה,נהריה,ממלכתי,יהודי,2022,גאוגרפיה,5,23,77.09,244152
west,אורט שחקים נהריה,נהריה,ממלכתי,יהודי,2023,גאוגרפיה,5,16,76.13,244152
west,אורט שחקים נהריה,נהריה,ממלכתי,יהודי,2021,הסטוריה,2,270,80.74,244152
west,אורט שחקים נהריה,נהריה,ממלכתי,יהודי,2022,הסטוריה,2,251,81.14,244152
west,אורט שחקים נהריה,נהריה,ממלכתי,יהודי,2023,הסטוריה,2,275,81.33,244152
west,אורט שחקים נהריה,נהריה,ממלכתי,יהודי,2021,הפקות בתקשורת,3,28,87.32,244152
west,אורט שחקים נהריה,נהריה,ממלכתי,יהודי,2022,הפקות בתקשורת,3,33,71.45,244152
west,אורט שחקים נהריה,נהריה,ממלכתי,יהודי,2023,הפקות בתקשורת,5,25,79.52,244152
west,אורט שחקים נהריה,נהריה,ממלכתי,יהודי,2021,כימיה,5,14,85.43,244152
west,אורט שחקים נהריה,נהריה,ממלכתי,יהודי,2022,כימיה,5,15,91.4,244152
west,אורט שחקים נהריה,נהריה,ממלכתי,יהודי,2023,כימיה,5,26,84.88,244152
west,אורט שחקים נהריה,נהריה,ממלכתי,יהודי,2021,מדעי הבריאות,5,15,77.93,244152
west,אורט שחקים נהריה,נהריה,ממלכתי,יהודי,2022,מדעי הבריאות,5,12,77.58,244152
west,אורט שחקים נהריה,נהריה,ממלכתי,יהודי,2023,מדעי הבריאות,5,19,74.58,244152
west,אורט שחקים נהריה,נהריה,ממלכתי,יהודי,2021,מדעי החברה,5,38,88.32,244152
west,אורט שחקים נהריה,נהריה,ממלכתי,יהודי,2022,מדעי החברה,5,32,85.75,244152
west,אורט שחקים נהריה,נהריה,ממלכתי,יהודי,2023,מדעי החברה,5,25,92,244152
west,אורט שחקים נהריה,נהריה,ממלכתי,יהודי,2021,מדעי המחשב,5,17,92,244152
west,אורט שחקים נהריה,נהריה,ממלכתי,יהודי,2022,מדעי המחשב,5,26,87.88,244152
west,אורט שחקים נהריה,נהריה,ממלכתי,יהודי,2023,מדעי המחשב,5,28,85.5,244152
west,אורט שחקים נהריה,נהריה,ממלכתי,יהודי,2021,מכניקה הנדסית,5,25,86.76,244152
west,אורט שחקים נהריה,נהריה,ממלכתי,יהודי,2022,מכניקה הנדסית,5,35,81.37,244152
west,אורט שחקים נהריה,נהריה,ממלכתי,יהודי,2023,מכניקה הנדסית,5,40,83.02,244152
west,אורט שחקים נהריה,נהריה,ממלכתי,יהודי,2021,מנהל וכלכלה,5,52,72.94,244152
west,אורט שחקים נהריה,נהריה,ממלכתי,יהודי,2022,מנהל וכלכלה,5,38,79.47,244152
west,אורט שחקים נהריה,נהריה,ממלכתי,יהודי,2023,מנהל וכלכלה,5,53,76.26,244152
west,אורט שחקים נהריה,נהריה,ממלכתי,יהודי,2021,מערכות אלקטרוניות,5,38,84.53,244152
west,אורט שחקים נהריה,נהריה,ממלכתי,יהודי,2022,מערכות אלקטרוניות,5,36,83.56,244152
west,אורט שחקים נהריה,נהריה,ממלכתי,יהודי,2023,מערכות אלקטרוניות,5,45,85.73,244152
west,אורט שחקים נהריה,נהריה,ממלכתי,יהודי,2021,מערכות רפואיות,5,17,82.47,244152
west,אורט שחקים נהריה,נהריה,ממלכתי,יהודי,2022,מערכות רפואיות,5,12,91.5,244152
west,אורט שחקים נהריה,נהריה,ממלכתי,יהודי,2023,מערכות רפואיות,5,19,85,244152
west,אורט שחקים נהריה,נהריה,ממלכתי,יהודי,2021,"מערכות תיב""מ",3,20,81.85,244152
west,אורט שחקים נהריה,נהריה,ממלכתי,יהודי,2022,"מערכות תיב""מ",3,23,80.3,244152
west,אורט שחקים נהריה,נהריה,ממלכתי,יהודי,2023,"מערכות תיב""מ",3,35,83.89,244152
west,אורט שחקים נהריה,נהריה,ממלכתי,יהודי,2021,מתמטיקה,3,120,81.65,244152
west,אורט שחקים נהריה,נהריה,ממלכתי,יהודי,2021,מתמטיקה,4,97,80.81,244152
west,אורט שחקים נהריה,נהריה,ממלכתי,יהודי,2021,מתמטיקה,5,47,80.19,244152
west,אורט שחקים נהריה,נהריה,ממלכתי,יהודי,2022,מתמטיקה,3,128,81.98,244152
west,אורט שחקים נהריה,נהריה,ממלכתי,יהודי,2022,מתמטיקה,4,68,80.26,244152
west,אורט שחקים נהריה,נהריה,ממלכתי,יהודי,2022,מתמטיקה,5,48,74.81,244152
west,אורט שחקים נהריה,נהריה,ממלכתי,יהודי,2023,מתמטיקה,3,137,80.1,244152
west,אורט שחקים נהריה,נהריה,ממלכתי,יהודי,2023,מתמטיקה,4,84,78.81,244152
west,אורט שחקים נהריה,נהריה,ממלכתי,יהודי,2023,מתמטיקה,5,48,80.35,244152
west,אורט שחקים נהריה,נהריה,ממלכתי,יהודי,2021,ניהול משאבי אנוש,3,29,82.72,244152
west,אורט שחקים נהריה,נהריה,ממלכתי,יהודי,2022,ניהול משאבי אנוש,3,37,81.27,244152
west,אורט שחקים נהריה,נהריה,ממלכתי,יהודי,2023,ניהול משאבי אנוש,3,36,90,244152
west,אורט שחקים נהריה,נהריה,ממלכתי,יהודי,2021,ספרות,2,268,82.98,244152
west,אורט שחקים נהריה,נהריה,ממלכתי,יהודי,2022,ספרות,2,253,81.62,244152
west,אורט שחקים נהריה,נהריה,ממלכתי,יהודי,2023,ספרות,2,270,80.27,244152
west,אורט שחקים נהריה,נהריה,ממלכתי,יהודי,2021,עברית )לשון והבעה(,2,269,77.62,244152
west,אורט שחקים נהריה,נהריה,ממלכתי,יהודי,2022,עברית )לשון והבעה(,2,250,80.69,244152
west,אורט שחקים נהריה,נהריה,ממלכתי,יהודי,2023,עברית )לשון והבעה(,2,270,76.84,244152
west,אורט שחקים נהריה,נהריה,ממלכתי,יהודי,2021,ערבית לבי'ס יהודי,5,17,90.59,244152
west,אורט שחקים נהריה,נהריה,ממלכתי,יהודי,2021,פיסיקה,5,59,86.17,244152
west,אורט שחקים נהריה,נהריה,ממלכתי,יהודי,2022,פיסיקה,5,49,85.82,244152
west,אורט שחקים נהריה,נהריה,ממלכתי,יהודי,2023,פיסיקה,5,44,88.64,244152
west,אורט שחקים נהריה,נהריה,ממלכתי,יהודי,2022,רוסית,5,14,92,244152
west,אורט שחקים נהריה,נהריה,ממלכתי,יהודי,2023,רוסית,5,15,87.2,244152
west,אורט שחקים נהריה,נהריה,ממלכתי,יהודי,2022,תכנון ותכנות מערכות,5,17,88.12,244152
west,אורט שחקים נהריה,נהריה,ממלכתי,יהודי,2023,תכנון ותכנות מערכות,5,28,94.89,244152
west,אורט שחקים נהריה,נהריה,ממלכתי,יהודי,2021,תנ'ך,2,270,83.2,244152
west,אורט שחקים נהריה,נהריה,ממלכתי,יהודי,2022,תנ'ך,2,243,80.58,244152
west,אורט שחקים נהריה,נהריה,ממלכתי,יהודי,2023,תנ'ך,2,272,81.08,244152
west,אורט שחקים נהריה,נהריה,ממלכתי,יהודי,2021,תקשורת וחברה,5,31,81.61,244152
west,אורט שחקים נהריה,נהריה,ממלכתי,יהודי,2022,תקשורת וחברה,5,31,78.94,244152
west,אורט שחקים נהריה,נהריה,ממלכתי,יהודי,2023,תקשורת וחברה,5,24,76.5,244152
west,אורט מדעים ואומנויות,נהריה,ממלכתי,יהודי,2021,אזרחות,2,199,75.55,270298
west,אורט מדעים ואומנויות,נהריה,ממלכתי,יהודי,2022,אזרחות,2,213,77.21,270298
west,אורט מדעים ואומנויות,נהריה,ממלכתי,יהודי,2023,אזרחות,2,175,71.35,270298
west,אורט מדעים ואומנויות,נהריה,ממלכתי,יהודי,2021,אמנות שימושית,5,18,79.89,270298
west,אורט מדעים ואומנויות,נהריה,ממלכתי,יהודי,2022,אמנות שימושית,5,19,85.63,270298
west,אורט מדעים ואומנויות,נהריה,ממלכתי,יהודי,2021,אנגלית,3,57,79.91,270298
west,אורט מדעים ואומנויות,נהריה,ממלכתי,יהודי,2021,אנגלית,4,68,80.91,270298
west,אורט מדעים ואומנויות,נהריה,ממלכתי,יהודי,2021,אנגלית,5,74,91.66,270298
west,אורט מדעים ואומנויות,נהריה,ממלכתי,יהודי,2022,אנגלית,3,56,76.61,270298
west,אורט מדעים ואומנויות,נהריה,ממלכתי,יהודי,2022,אנגלית,4,71,78.99,270298
west,אורט מדעים ואומנויות,נהריה,ממלכתי,יהודי,2022,אנגלית,5,80,89.88,270298
west,אורט מדעים ואומנויות,נהריה,ממלכתי,יהודי,2023,אנגלית,3,46,76.3,270298
west,אורט מדעים ואומנויות,נהריה,ממלכתי,יהודי,2023,אנגלית,4,59,80.24,270298
west,אורט מדעים ואומנויות,נהריה,ממלכתי,יהודי,2023,אנגלית,5,75,90.41,270298
west,אורט מדעים ואומנויות,נהריה,ממלכתי,יהודי,2021,ביולוגיה,5,15,79.47,270298
west,אורט מדעים ואומנויות,נהריה,ממלכתי,יהודי,2022,ביולוגיה,5,26,85,270298
west,אורט מדעים ואומנויות,נהריה,ממלכתי,יהודי,2023,ביולוגיה,5,14,80.64,270298
west,אורט מדעים ואומנויות,נהריה,ממלכתי,יהודי,2021,גאוגרפיה,5,32,73.28,270298
west,אורט מדעים ואומנויות,נהריה,ממלכתי,יהודי,2022,גאוגרפיה,5,21,81.19,270298
west,אורט מדעים ואומנויות,נהריה,ממלכתי,יהודי,2023,גאוגרפיה,5,26,75.19,270298
west,אורט מדעים ואומנויות,נהריה,ממלכתי,יהודי,2021,הסטוריה,2,193,76.27,270298
west,אורט מדעים ואומנויות,נהריה,ממלכתי,יהודי,2022,הסטוריה,2,229,78.26,270298
west,אורט מדעים ואומנויות,נהריה,ממלכתי,יהודי,2023,הסטוריה,2,185,73.61,270298
west,אורט מדעים ואומנויות,נהריה,ממלכתי,יהודי,2021,כימיה,5,11,80.91,270298
west,אורט מדעים ואומנויות,נהריה,ממלכתי,יהודי,2022,כימיה,5,15,87.6,270298
west,אורט מדעים ואומנויות,נהריה,ממלכתי,יהודי,2021,מדעי החברה,5,32,78,270298
west,אורט מדעים ואומנויות,נהריה,ממלכתי,יהודי,2022,מדעי החברה,5,50,76.8,270298
west,אורט מדעים ואומנויות,נהריה,ממלכתי,יהודי,2023,מדעי החברה,5,36,78.67,270298
west,אורט מדעים ואומנויות,נהריה,ממלכתי,יהודי,2021,מדעי המחשב,5,21,76.71,270298
west,אורט מדעים ואומנויות,נהריה,ממלכתי,יהודי,2022,מדעי המחשב,5,16,78.94,270298
west,אורט מדעים ואומנויות,נהריה,ממלכתי,יהודי,2023,מדעי המחשב,5,20,85.6,270298
west,אורט מדעים ואומנויות,נהריה,ממלכתי,יהודי,2023,מידע ונתונים,5,20,86.2,270298
west,אורט מדעים ואומנויות,נהריה,ממלכתי,יהודי,2021,מנהל וכלכלה,5,43,65.79,270298
west,אורט מדעים ואומנויות,נהריה,ממלכתי,יהודי,2022,מנהל וכלכלה,5,34,68.68,270298
west,אורט מדעים ואומנויות,נהריה,ממלכתי,יהודי,2023,מנהל וכלכלה,5,20,57.1,270298
west,אורט מדעים ואומנויות,נהריה,ממלכתי,יהודי,2021,מתמטיקה,3,109,81.5,270298
west,אורט מדעים ואומנויות,נהריה,ממלכתי,יהודי,2021,מתמטיקה,4,47,78.62,270298
west,אורט מדעים ואומנויות,נהריה,ממלכתי,יהודי,2021,מתמטיקה,5,28,78.93,270298
west,אורט מדעים ואומנויות,נהריה,ממלכתי,יהודי,2022,מתמטיקה,3,118,78.33,270298
west,אורט מדעים ואומנויות,נהריה,ממלכתי,יהודי,2022,מתמטיקה,4,47,83.09,270298
west,אורט מדעים ואומנויות,נהריה,ממלכתי,יהודי,2022,מתמטיקה,5,25,81.76,270298
west,אורט מדעים ואומנויות,נהריה,ממלכתי,יהודי,2023,מתמטיקה,3,100,79.94,270298
west,אורט מדעים ואומנויות,נהריה,ממלכתי,יהודי,2023,מתמטיקה,4,32,84.44,270298
west,אורט מדעים ואומנויות,נהריה,ממלכתי,יהודי,2023,מתמטיקה,5,27,81.52,270298
west,אורט מדעים ואומנויות,נהריה,ממלכתי,יהודי,2021,ניהול הייצור,3,24,83.58,270298
west,אורט מדעים ואומנויות,נהריה,ממלכתי,יהודי,2022,ניהול הייצור,3,13,87.92,270298
west,אורט מדעים ואומנויות,נהריה,ממלכתי,יהודי,2022,ניהול הייצור,5,38,86.42,270298
west,אורט מדעים ואומנויות,נהריה,ממלכתי,יהודי,2023,ניהול הייצור,5,30,83.67,270298
west,אורט מדעים ואומנויות,נהריה,ממלכתי,יהודי,2021,ניהול התפעול,5,31,82.68,270298
west,אורט מדעים ואומנויות,נהריה,ממלכתי,יהודי,2022,ניהול התפעול,5,46,73.54,270298
west,אורט מדעים ואומנויות,נהריה,ממלכתי,יהודי,2023,ניהול התפעול,5,29,77.45,270298
west,אורט מדעים ואומנויות,נהריה,ממלכתי,יהודי,2021,ניהול משאבי אנוש,3,22,81.45,270298
west,אורט מדעים ואומנויות,נהריה,ממלכתי,יהודי,2022,ניהול משאבי אנוש,3,13,87,270298
west,אורט מדעים ואומנויות,נהריה,ממלכתי,יהודי,2023,ניתוח נתונים,5,18,81.28,270298
west,אורט מדעים ואומנויות,נהריה,ממלכתי,יהודי,2021,ספרות,2,194,73.88,270298
west,אורט מדעים ואומנויות,נהריה,ממלכתי,יהודי,2022,ספרות,2,219,72.27,270298
west,אורט מדעים ואומנויות,נהריה,ממלכתי,יהודי,2023,ספרות,2,183,74.05,270298
west,אורט מדעים ואומנויות,נהריה,ממלכתי,יהודי,2021,עברית )לשון והבעה(,2,187,72.44,270298
west,אורט מדעים ואומנויות,נהריה,ממלכתי,יהודי,2022,עברית )לשון והבעה(,2,214,75.2,270298
west,אורט מדעים ואומנויות,נהריה,ממלכתי,יהודי,2023,עברית )לשון והבעה(,2,176,72.72,270298
west,אורט מדעים ואומנויות,נהריה,ממלכתי,יהודי,2021,עצוב,5,15,85.67,270298
west,אורט מדעים ואומנויות,נהריה,ממלכתי,יהודי,2022,עצוב,5,17,82,270298
west,אורט מדעים ואומנויות,נהריה,ממלכתי,יהודי,2021,ערבית לבי'ס יהודי,5,13,87.62,270298
west,אורט מדעים ואומנויות,נהריה,ממלכתי,יהודי,2022,ערבית לבי'ס יהודי,5,13,94.23,270298
west,אורט מדעים ואומנויות,נהריה,ממלכתי,יהודי,2023,ערבית לבי'ס יהודי,5,14,78.43,270298
west,אורט מדעים ואומנויות,נהריה,ממלכתי,יהודי,2021,פיסיקה,5,23,85.35,270298
west,אורט מדעים ואומנויות,נהריה,ממלכתי,יהודי,2022,פיסיקה,5,24,86.42,270298
west,אורט מדעים ואומנויות,נהריה,ממלכתי,יהודי,2023,פיסיקה,5,25,90.68,270298
west,אורט מדעים ואומנויות,נהריה,ממלכתי,יהודי,2021,רוסית,5,13,95.62,270298
west,אורט מדעים ואומנויות,נהריה,ממלכתי,יהודי,2021,תאטרון,5,13,79.31,270298
west,אורט מדעים ואומנויות,נהריה,ממלכתי,יהודי,2022,תאטרון,5,21,75.14,270298
west,אורט מדעים ואומנויות,נהריה,ממלכתי,יהודי,2023,תאטרון,5,16,85.69,270298
west,אורט מדעים ואומנויות,נהריה,ממלכתי,יהודי,2021,תכנון ותכנות מערכות,5,17,91.94,270298
west,אורט מדעים ואומנויות,נהריה,ממלכתי,יהודי,2022,תכנון ותכנות מערכות,5,14,90.14,270298
west,אורט מדעים ואומנויות,נהריה,ממלכתי,יהודי,2023,תכנון ותכנות מערכות,5,19,91.58,270298
west,אורט מדעים ואומנויות,נהריה,ממלכתי,יהודי,2021,תנ'ך,2,190,75.32,270298
west,אורט מדעים ואומנויות,נהריה,ממלכתי,יהודי,2022,תנ'ך,2,209,74.12,270298
west,אורט מדעים ואומנויות,נהריה,ממלכתי,יהודי,2023,תנ'ך,2,178,72.31,270298
west,אורט מדעים ואומנויות,נהריה,ממלכתי,יהודי,2021,תקשורת בינלאומית באנ,5,21,85.1,270298
west,אורט מדעים ואומנויות,נהריה,ממלכתי,יהודי,2022,תקשורת בינלאומית באנ,5,21,84.95,270298
west,אורט מדעים ואומנויות,נהריה,ממלכתי,יהודי,2023,תקשורת בינלאומית באנ,5,14,89.43,270298
west,"אורט מח""ט פסגות",נהריה,ממלכתי,יהודי,2021,אזרחות,2,37,62.3,370569
west,"אורט מח""ט פסגות",נהריה,ממלכתי,יהודי,2022,אזרחות,2,37,62.08,370569
west,"אורט מח""ט פסגות",נהריה,ממלכתי,יהודי,2023,אזרחות,2,30,62.03,370569
west,"אורט מח""ט פסגות",נהריה,ממלכתי,יהודי,2021,אנגלית,3,46,77.52,370569
west,"אורט מח""ט פסגות",נהריה,ממלכתי,יהודי,2021,אנגלית,4,16,79.81,370569
west,"אורט מח""ט פסגות",נהריה,ממלכתי,יהודי,2022,אנגלית,3,42,73.45,370569
west,"אורט מח""ט פסגות",נהריה,ממלכתי,יהודי,2023,אנגלית,3,43,74,370569
west,"אורט מח""ט פסגות",נהריה,ממלכתי,יהודי,2021,הסטוריה,2,38,61.63,370569
west,"אורט מח""ט פסגות",נהריה,ממלכתי,יהודי,2022,הסטוריה,2,44,62.23,370569
west,"אורט מח""ט פסגות",נהריה,ממלכתי,יהודי,2023,הסטוריה,2,34,67.24,370569
west,"אורט מח""ט פסגות",נהריה,ממלכתי,יהודי,2021,מנהל וכלכלה,5,26,64.92,370569
west,"אורט מח""ט פסגות",נהריה,ממלכתי,יהודי,2022,מנהל וכלכלה,5,25,67.68,370569
west,"אורט מח""ט פסגות",נהריה,ממלכתי,יהודי,2023,מנהל וכלכלה,5,14,72.64,370569
west,"אורט מח""ט פסגות",נהריה,ממלכתי,יהודי,2021,"מערכות תיב""מ",3,18,69.44,370569
west,"אורט מח""ט פסגות",נהריה,ממלכתי,יהודי,2022,"מערכות תיב""מ",3,17,71.18,370569
west,"אורט מח""ט פסגות",נהריה,ממלכתי,יהודי,2023,"מערכות תיב""מ",3,18,81.11,370569
west,"אורט מח""ט פסגות",נהריה,ממלכתי,יהודי,2021,מערכות תקשוב,5,22,71.05,370569
west,"אורט מח""ט פסגות",נהריה,ממלכתי,יהודי,2022,מערכות תקשוב,5,16,63.88,370569
west,"אורט מח""ט פסגות",נהריה,ממלכתי,יהודי,2023,מערכות תקשוב,5,17,66.24,370569
west,"אורט מח""ט פסגות",נהריה,ממלכתי,יהודי,2021,מתמטיקה,3,52,67.23,370569
west,"אורט מח""ט פסגות",נהריה,ממלכתי,יהודי,2022,מתמטיקה,3,46,68.76,370569
west,"אורט מח""ט פסגות",נהריה,ממלכתי,יהודי,2023,מתמטיקה,3,44,68.25,370569
west,"אורט מח""ט פסגות",נהריה,ממלכתי,יהודי,2021,ניהול משאבי אנוש,3,32,72.44,370569
west,"אורט מח""ט פסגות",נהריה,ממלכתי,יהודי,2022,ניהול משאבי אנוש,3,29,70.07,370569
west,"אורט מח""ט פסגות",נהריה,ממלכתי,יהודי,2023,ניהול משאבי אנוש,3,27,70.63,370569
west,"אורט מח""ט פסגות",נהריה,ממלכתי,יהודי,2021,ספרות,2,42,66.62,370569
west,"אורט מח""ט פסגות",נהריה,ממלכתי,יהודי,2022,ספרות,2,42,68.14,370569
west,"אורט מח""ט פסגות",נהריה,ממלכתי,יהודי,2023,ספרות,2,41,66.83,370569
west,"אורט מח""ט פסגות",נהריה,ממלכתי,יהודי,2021,עברית )לשון והבעה(,2,39,62.49,370569
west,"אורט מח""ט פסגות",נהריה,ממלכתי,יהודי,2022,עברית )לשון והבעה(,2,38,63.11,370569
west,"אורט מח""ט פסגות",נהריה,ממלכתי,יהודי,2023,עברית )לשון והבעה(,2,31,62.61,370569
west,"אורט מח""ט פסגות",נהריה,ממלכתי,יהודי,2021,תנ'ך,2,37,65.57,370569
west,"אורט מח""ט פסגות",נהריה,ממלכתי,יהודי,2022,תנ'ך,2,36,68.31,370569
west,"אורט מח""ט פסגות",נהריה,ממלכתי,יהודי,2023,תנ'ך,2,30,72.6,370569
west,"אורט מח""ט פסגות",נהריה,ממלכתי,יהודי,2021,תשתיות מחשוב ותקשוב,3,26,76.19,370569
west,"אורט מח""ט פסגות",נהריה,ממלכתי,יהודי,2022,תשתיות מחשוב ותקשוב,3,16,74.88,370569
west,"אורט מח""ט פסגות",נהריה,ממלכתי,יהודי,2023,תשתיות מחשוב ותקשוב,3,16,70.81,370569
west,"מקיף דתי אמי""ת קנדי",עכו,ממלכתי דתי,יהודי,2021,אזרחות,2,60,80.93,240036
west,"מקיף דתי אמי""ת קנדי",עכו,ממלכתי דתי,יהודי,2022,אזרחות,2,75,80.95,240036
west,"מקיף דתי אמי""ת קנדי",עכו,ממלכתי דתי,יהודי,2023,אזרחות,2,80,78.82,240036
west,"מקיף דתי אמי""ת קנדי",עכו,ממלכתי דתי,יהודי,2021,אנגלית,4,18,78.28,240036
west,"מקיף דתי אמי""ת קנדי",עכו,ממלכתי דתי,יהודי,2021,אנגלית,5,32,86.69,240036
west,"מקיף דתי אמי""ת קנדי",עכו,ממלכתי דתי,יהודי,2022,אנגלית,4,21,80.43,240036
west,"מקיף דתי אמי""ת קנדי",עכו,ממלכתי דתי,יהודי,2022,אנגלית,5,42,87.24,240036
west,"מקיף דתי אמי""ת קנדי",עכו,ממלכתי דתי,יהודי,2023,אנגלית,3,15,77.27,240036
west,"מקיף דתי אמי""ת קנדי",עכו,ממלכתי דתי,יהודי,2023,אנגלית,4,24,72.04,240036
west,"מקיף דתי אמי""ת קנדי",עכו,ממלכתי דתי,יהודי,2023,אנגלית,5,41,89.22,240036
west,"מקיף דתי אמי""ת קנדי",עכו,ממלכתי דתי,יהודי,2021,ביולוגיה,5,16,85.94,240036
west,"מקיף דתי אמי""ת קנדי",עכו,ממלכתי דתי,יהודי,2022,ביולוגיה,5,18,82.78,240036
west,"מקיף דתי אמי""ת קנדי",עכו,ממלכתי דתי,יהודי,2023,ביולוגיה,5,24,76,240036
west,"מקיף דתי אמי""ת קנדי",עכו,ממלכתי דתי,יהודי,2021,הסטוריה,2,61,81.15,240036
west,"מקיף דתי אמי""ת קנדי",עכו,ממלכתי דתי,יהודי,2022,הסטוריה,2,76,80.43,240036
west,"מקיף דתי אמי""ת קנדי",עכו,ממלכתי דתי,יהודי,2023,הסטוריה,2,83,78.77,240036
west,"מקיף דתי אמי""ת קנדי",עכו,ממלכתי דתי,יהודי,2021,הפקות בתקשורת,3,19,86.42,240036
west,"מקיף דתי אמי""ת קנדי",עכו,ממלכתי דתי,יהודי,2023,הפקות בתקשורת,3,11,90,240036
west,"מקיף דתי אמי""ת קנדי",עכו,ממלכתי דתי,יהודי,2023,חנוך גופני,5,12,81.17,240036
west,"מקיף דתי אמי""ת קנדי",עכו,ממלכתי דתי,יהודי,2022,מדעי המחשב,5,12,80.33,240036
west,"מקיף דתי אמי""ת קנדי",עכו,ממלכתי דתי,יהודי,2021,מחשבת ישראל וספרות,2,59,82.73,240036
west,"מקיף דתי אמי""ת קנדי",עכו,ממלכתי דתי,יהודי,2022,מחשבת ישראל וספרות,2,64,82.31,240036
west,"מקיף דתי אמי""ת קנדי",עכו,ממלכתי דתי,יהודי,2023,מחשבת ישראל וספרות,2,69,84.1,240036
west,"מקיף דתי אמי""ת קנדי",עכו,ממלכתי דתי,יהודי,2021,מתמטיקה,3,25,79.96,240036
west,"מקיף דתי אמי""ת קנדי",עכו,ממלכתי דתי,יהודי,2021,מתמטיקה,4,20,77.15,240036
west,"מקיף דתי אמי""ת קנדי",עכו,ממלכתי דתי,יהודי,2021,מתמטיקה,5,13,83.92,240036
west,"מקיף דתי אמי""ת קנדי",עכו,ממלכתי דתי,יהודי,2022,מתמטיקה,3,33,73.33,240036
west,"מקיף דתי אמי""ת קנדי",עכו,ממלכתי דתי,יהודי,2022,מתמטיקה,4,21,81.81,240036
west,"מקיף דתי אמי""ת קנדי",עכו,ממלכתי דתי,יהודי,2022,מתמטיקה,5,18,82.78,240036
west,"מקיף דתי אמי""ת קנדי",עכו,ממלכתי דתי,יהודי,2023,מתמטיקה,3,31,78,240036
west,"מקיף דתי אמי""ת קנדי",עכו,ממלכתי דתי,יהודי,2023,מתמטיקה,4,31,73.55,240036
west,"מקיף דתי אמי""ת קנדי",עכו,ממלכתי דתי,יהודי,2023,מתמטיקה,5,16,80.13,240036
west,"מקיף דתי אמי""ת קנדי",עכו,ממלכתי דתי,יהודי,2023,ספרות,5,12,89.67,240036
west,"מקיף דתי אמי""ת קנדי",עכו,ממלכתי דתי,יהודי,2021,עברית )לשון והבעה(,2,63,80.76,240036
west,"מקיף דתי אמי""ת קנדי",עכו,ממלכתי דתי,יהודי,2022,עברית )לשון והבעה(,2,74,83.31,240036
west,"מקיף דתי אמי""ת קנדי",עכו,ממלכתי דתי,יהודי,2023,עברית )לשון והבעה(,2,83,75.48,240036
west,"מקיף דתי אמי""ת קנדי",עכו,ממלכתי דתי,יהודי,2022,פיסיקה,5,15,91.87,240036
west,"מקיף דתי אמי""ת קנדי",עכו,ממלכתי דתי,יהודי,2023,פיסיקה,5,11,89.09,240036
west,"מקיף דתי אמי""ת קנדי",עכו,ממלכתי דתי,יהודי,2021,תאטרון,5,15,83.93,240036
west,"מקיף דתי אמי""ת קנדי",עכו,ממלכתי דתי,יהודי,2022,תאטרון,5,12,90.67,240036
west,"מקיף דתי אמי""ת קנדי",עכו,ממלכתי דתי,יהודי,2023,תאטרון,5,22,89.41,240036
west,"מקיף דתי אמי""ת קנדי",עכו,ממלכתי דתי,יהודי,2021,תושבע'פ ותלמוד,3,52,79.46,240036
west,"מקיף דתי אמי""ת קנדי",עכו,ממלכתי דתי,יהודי,2022,תושבע'פ ותלמוד,3,67,87.43,240036
west,"מקיף דתי אמי""ת קנדי",עכו,ממלכתי דתי,יהודי,2023,תושבע'פ ותלמוד,3,77,79.56,240036
west,"מקיף דתי אמי""ת קנדי",עכו,ממלכתי דתי,יהודי,2021,תנ'ך,5,53,86.66,240036
west,"מקיף דתי אמי""ת קנדי",עכו,ממלכתי דתי,יהודי,2022,תנ'ך,3,66,87.18,240036
west,"מקיף דתי אמי""ת קנדי",עכו,ממלכתי דתי,יהודי,2023,תנ'ך,3,60,76.7,240036
west,"מקיף דתי אמי""ת קנדי",עכו,ממלכתי דתי,יהודי,2023,תנ'ך,5,24,88.54,240036
west,"מקיף דתי אמי""ת קנדי",עכו,ממלכתי דתי,יהודי,2021,תקשורת וחברה,5,18,83.78,240036
west,"מקיף דתי אמי""ת קנדי",עכו,ממלכתי דתי,יהודי,2023,תקשורת וחברה,5,11,81.18,240036
west,"מקיף דתי אמי""ת קנדי",עכו,ממלכתי דתי,יהודי,2022,תשתיות מחשוב ותקשוב,5,11,69.18,240036
west,טרה סנטה,עכו,ממלכתי,ערבי,2021,אזרחות,2,30,89.53,247015
west,טרה סנטה,עכו,ממלכתי,ערבי,2022,אזרחות,2,19,81.79,247015
west,טרה סנטה,עכו,ממלכתי,ערבי,2023,אזרחות,2,37,87.92,247015
west,טרה סנטה,עכו,ממלכתי,ערבי,2021,אלקטרוניקה ומחשבים,5,13,96.15,247015
west,טרה סנטה,עכו,ממלכתי,ערבי,2023,אלקטרוניקה ומחשבים,5,13,84.38,247015
west,טרה סנטה,עכו,ממלכתי,ערבי,2021,אנגלית,4,17,85.94,247015
west,טרה סנטה,עכו,ממלכתי,ערבי,2021,אנגלית,5,13,94.46,247015
west,טרה סנטה,עכו,ממלכתי,ערבי,2022,אנגלית,4,15,76.33,247015
west,טרה סנטה,עכו,ממלכתי,ערבי,2023,אנגלית,4,14,79.07,247015
west,טרה סנטה,עכו,ממלכתי,ערבי,2023,אנגלית,5,23,92.7,247015
west,טרה סנטה,עכו,ממלכתי,ערבי,2021,ביולוגיה,5,17,83.65,247015
west,טרה סנטה,עכו,ממלכתי,ערבי,2022,ביולוגיה,5,14,70.5,247015
west,טרה סנטה,עכו,ממלכתי,ערבי,2023,ביולוגיה,5,22,78.95,247015
west,טרה סנטה,עכו,ממלכתי,ערבי,2021,הסטוריה - בי'ס ערבי,2,30,95.8,247015
west,טרה סנטה,עכו,ממלכתי,ערבי,2022,הסטוריה - בי'ס ערבי,2,19,95.53,247015
west,טרה סנטה,עכו,ממלכתי,ערבי,2023,הסטוריה - בי'ס ערבי,2,37,95.14,247015
west,טרה סנטה,עכו,ממלכתי,ערבי,2021,כימיה,5,12,87.17,247015
west,טרה סנטה,עכו,ממלכתי,ערבי,2023,כימיה,5,18,77.11,247015
west,טרה סנטה,עכו,ממלכתי,ערבי,2021,מערכות אלקטרוניות,5,13,99.46,247015
west,טרה סנטה,עכו,ממלכתי,ערבי,2023,מערכות אלקטרוניות,5,13,92.46,247015
west,טרה סנטה,עכו,ממלכתי,ערבי,2021,מתמטיקה,3,12,94.42,247015
west,טרה סנטה,עכו,ממלכתי,ערבי,2023,מתמטיקה,4,17,89.47,247015
west,טרה סנטה,עכו,ממלכתי,ערבי,2021,עברית בחינוך הערבי,5,25,91.88,247015
west,טרה סנטה,עכו,ממלכתי,ערבי,2022,עברית בחינוך הערבי,5,13,91.46,247015
west,טרה סנטה,עכו,ממלכתי,ערבי,2023,עברית בחינוך הערבי,5,30,90.7,247015
west,טרה סנטה,עכו,ממלכתי,ערבי,2021,ערבית לערבים,3,28,86.79,247015
west,טרה סנטה,עכו,ממלכתי,ערבי,2022,ערבית לערבים,3,19,78.89,247015
west,טרה סנטה,עכו,ממלכתי,ערבי,2023,ערבית לערבים,3,37,80,247015
west,טרה סנטה,עכו,ממלכתי,ערבי,2021,פיסיקה,5,12,90.75,247015
west,מקיף ערבי,עכו,ממלכתי,ערבי,2021,אזרחות,2,158,80.27,278028
west,מקיף ערבי,עכו,ממלכתי,ערבי,2022,אזרחות,2,137,78.98,278028
west,מקיף ערבי,עכו,ממלכתי,ערבי,2023,אזרחות,2,144,78.19,278028
west,מקיף ערבי,עכו,ממלכתי,ערבי,2021,אלקטרוניקה ומחשבים,5,21,87.62,278028
west,מקיף ערבי,עכו,ממלכתי,ערבי,2022,אלקטרוניקה ומחשבים,5,25,75.88,278028
west,מקיף ערבי,עכו,ממלכתי,ערבי,2023,אלקטרוניקה ומחשבים,5,17,76.59,278028
west,מקיף ערבי,עכו,ממלכתי,ערבי,2021,אנגלית,3,63,77.94,278028
west,מקיף ערבי,עכו,ממלכתי,ערבי,2021,אנגלית,4,46,75.87,278028
west,מקיף ערבי,עכו,ממלכתי,ערבי,2021,אנגלית,5,48,85.96,278028
west,מקיף ערבי,עכו,ממלכתי,ערבי,2022,אנגלית,3,69,76.59,278028
west,מקיף ערבי,עכו,ממלכתי,ערבי,2022,אנגלית,4,22,70.59,278028
west,מקיף ערבי,עכו,ממלכתי,ערבי,2022,אנגלית,5,42,83.43,278028
west,מקיף ערבי,עכו,ממלכתי,ערבי,2023,אנגלית,3,65,72.55,278028
west,מקיף ערבי,עכו,ממלכתי,ערבי,2023,אנגלית,4,34,74.32,278028
west,מקיף ערבי,עכו,ממלכתי,ערבי,2023,אנגלית,5,40,87.65,278028
west,מקיף ערבי,עכו,ממלכתי,ערבי,2021,ביולוגיה,5,21,82.71,278028
west,מקיף ערבי,עכו,ממלכתי,ערבי,2022,ביולוגיה,5,17,86.47,278028
west,מקיף ערבי,עכו,ממלכתי,ערבי,2023,ביולוגיה,5,13,76.92,278028
west,מקיף ערבי,עכו,ממלכתי,ערבי,2021,הסטוריה - בי'ס ערבי,2,158,82.09,278028
west,מקיף ערבי,עכו,ממלכתי,ערבי,2022,הסטוריה - בי'ס ערבי,2,136,82.82,278028
west,מקיף ערבי,עכו,ממלכתי,ערבי,2023,הסטוריה - בי'ס ערבי,2,143,81.08,278028
west,מקיף ערבי,עכו,ממלכתי,ערבי,2021,כימיה,5,17,90.82,278028
west,מקיף ערבי,עכו,ממלכתי,ערבי,2022,כימיה,5,17,88.71,278028
west,מקיף ערבי,עכו,ממלכתי,ערבי,2023,כימיה,5,18,84.17,278028
west,מקיף ערבי,עכו,ממלכתי,ערבי,2021,מדעי החברה,5,27,80.3,278028
west,מקיף ערבי,עכו,ממלכתי,ערבי,2022,מדעי החברה,5,20,77.85,278028
west,מקיף ערבי,עכו,ממלכתי,ערבי,2023,מדעי החברה,5,20,76.55,278028
west,מקיף ערבי,עכו,ממלכתי,ערבי,2022,מדעי המחשב,5,12,85.75,278028
west,מקיף ערבי,עכו,ממלכתי,ערבי,2023,מדעי המחשב,5,11,78.18,278028
west,מקיף ערבי,עכו,ממלכתי,ערבי,2021,מכניקה הנדסית,5,41,80.85,278028
west,מקיף ערבי,עכו,ממלכתי,ערבי,2022,מכניקה הנדסית,5,29,83.31,278028
west,מקיף ערבי,עכו,ממלכתי,ערבי,2023,מכניקה הנדסית,5,34,80.59,278028
west,מקיף ערבי,עכו,ממלכתי,ערבי,2021,מנהל וכלכלה,5,22,84.59,278028
west,מקיף ערבי,עכו,ממלכתי,ערבי,2022,מנהל וכלכלה,5,23,72.78,278028
west,מקיף ערבי,עכו,ממלכתי,ערבי,2023,מנהל וכלכלה,5,19,59.26,278028
west,מקיף ערבי,עכו,ממלכתי,ערבי,2021,מערכות אלקטרוניות,3,18,85.33,278028
west,מקיף ערבי,עכו,ממלכתי,ערבי,2022,מערכות אלקטרוניות,5,25,85.84,278028
west,מקיף ערבי,עכו,ממלכתי,ערבי,2023,מערכות אלקטרוניות,5,17,92.65,278028
west,מקיף ערבי,עכו,ממלכתי,ערבי,2021,"מערכות תיב""מ",3,40,88,278028
west,מקיף ערבי,עכו,ממלכתי,ערבי,2022,"מערכות תיב""מ",3,29,80.76,278028
west,מקיף ערבי,עכו,ממלכתי,ערבי,2023,"מערכות תיב""מ",3,34,73.18,278028
west,מקיף ערבי,עכו,ממלכתי,ערבי,2023,מערכות תקשוב,5,12,93.08,278028
west,מקיף ערבי,עכו,ממלכתי,ערבי,2021,מתמטיקה,3,123,71.68,278028
west,מקיף ערבי,עכו,ממלכתי,ערבי,2021,מתמטיקה,4,18,78.39,278028
west,מקיף ערבי,עכו,ממלכתי,ערבי,2021,מתמטיקה,5,16,87.13,278028
west,מקיף ערבי,עכו,ממלכתי,ערבי,2022,מתמטיקה,3,98,69.69,278028
west,מקיף ערבי,עכו,ממלכתי,ערבי,2022,מתמטיקה,4,28,80.18,278028
west,מקיף ערבי,עכו,ממלכתי,ערבי,2023,מתמטיקה,3,92,64.84,278028
west,מקיף ערבי,עכו,ממלכתי,ערבי,2023,מתמטיקה,4,20,74.85,278028
west,מקיף ערבי,עכו,ממלכתי,ערבי,2023,מתמטיקה,5,19,75.21,278028
west,מקיף ערבי,עכו,ממלכתי,ערבי,2021,ניהול משאבי אנוש,3,22,86.95,278028
west,מקיף ערבי,עכו,ממלכתי,ערבי,2022,ניהול משאבי אנוש,3,22,83.73,278028
west,מקיף ערבי,עכו,ממלכתי,ערבי,2023,ניהול משאבי אנוש,3,20,89.15,278028
west,מקיף ערבי,עכו,ממלכתי,ערבי,2021,עברית בחינוך הערבי,3,130,76.75,278028
west,מקיף ערבי,עכו,ממלכתי,ערבי,2021,עברית בחינוך הערבי,5,28,90.32,278028
west,מקיף ערבי,עכו,ממלכתי,ערבי,2022,עברית בחינוך הערבי,3,109,71.75,278028
west,מקיף ערבי,עכו,ממלכתי,ערבי,2022,עברית בחינוך הערבי,5,25,91.36,278028
west,מקיף ערבי,עכו,ממלכתי,ערבי,2023,עברית בחינוך הערבי,3,109,73.66,278028
west,מקיף ערבי,עכו,ממלכתי,ערבי,2023,עברית בחינוך הערבי,5,31,91.87,278028
west,מקיף ערבי,עכו,ממלכתי,ערבי,2021,ערבית לערבים,3,138,74.51,278028
west,מקיף ערבי,עכו,ממלכתי,ערבי,2021,ערבית לערבים,5,20,87.95,278028
west,מקיף ערבי,עכו,ממלכתי,ערבי,2022,ערבית לערבים,3,131,77.37,278028
west,מקיף ערבי,עכו,ממלכתי,ערבי,2023,ערבית לערבים,3,129,76.52,278028
west,מקיף ערבי,עכו,ממלכתי,ערבי,2021,פיסיקה,5,16,92.13,278028
west,מקיף ערבי,עכו,ממלכתי,ערבי,2022,פיסיקה,5,12,84.5,278028
west,מקיף ערבי,עכו,ממלכתי,ערבי,2023,פיסיקה,5,23,84,278028
west,מקיף ערבי,עכו,ממלכתי,ערבי,2023,תחזוקת מערכות סלולרי,5,12,75.17,278028
west,מרכז חינוך טכנולוגי,עכו,ממלכתי,ערבי,2021,אומניות הבשול המלונא,5,25,62.92,499624
west,מרכז חינוך טכנולוגי,עכו,ממלכתי,ערבי,2022,אומניות הבשול המלונא,5,21,71.14,499624
west,מרכז חינוך טכנולוגי,עכו,ממלכתי,ערבי,2023,אומניות הבשול המלונא,5,21,78.9,499624
west,מרכז חינוך טכנולוגי,עכו,ממלכתי,ערבי,2021,אזרחות,2,19,69.37,499624
west,מרכז חינוך טכנולוגי,עכו,ממלכתי,ערבי,2022,אזרחות,2,12,69,499624
west,מרכז חינוך טכנולוגי,עכו,ממלכתי,ערבי,2023,אזרחות,2,16,73.69,499624
west,מרכז חינוך טכנולוגי,עכו,ממלכתי,ערבי,2021,אנגלית,3,14,78.93,499624
west,מרכז חינוך טכנולוגי,עכו,ממלכתי,ערבי,2022,אנגלית,3,18,78.61,499624
west,מרכז חינוך טכנולוגי,עכו,ממלכתי,ערבי,2023,אנגלית,3,13,77.69,499624
west,מרכז חינוך טכנולוגי,עכו,ממלכתי,ערבי,2021,הסטוריה - בי'ס ערבי,2,19,74.74,499624
west,מרכז חינוך טכנולוגי,עכו,ממלכתי,ערבי,2022,הסטוריה - בי'ס ערבי,2,12,73.42,499624
west,מרכז חינוך טכנולוגי,עכו,ממלכתי,ערבי,2023,הסטוריה - בי'ס ערבי,2,18,78.89,499624
west,מרכז חינוך טכנולוגי,עכו,ממלכתי,ערבי,2021,יסודות בעיצוב שיער,5,12,79,499624
west,מרכז חינוך טכנולוגי,עכו,ממלכתי,ערבי,2021,מדעי התזונה,5,14,85.79,499624
west,מרכז חינוך טכנולוגי,עכו,ממלכתי,ערבי,2022,מדעי התזונה,5,22,77.23,499624
west,מרכז חינוך טכנולוגי,עכו,ממלכתי,ערבי,2023,מדעי התזונה,5,23,85.96,499624
west,מרכז חינוך טכנולוגי,עכו,ממלכתי,ערבי,2021,מתמטיקה,3,19,72.95,499624
west,מרכז חינוך טכנולוגי,עכו,ממלכתי,ערבי,2022,מתמטיקה,3,18,69.39,499624
west,מרכז חינוך טכנולוגי,עכו,ממלכתי,ערבי,2023,מתמטיקה,3,17,71.53,499624
west,מרכז חינוך טכנולוגי,עכו,ממלכתי,ערבי,2021,עברית בחינוך הערבי,3,16,68.75,499624
west,מרכז חינוך טכנולוגי,עכו,ממלכתי,ערבי,2023,עברית בחינוך הערבי,3,16,74.31,499624
west,מרכז חינוך טכנולוגי,עכו,ממלכתי,ערבי,2021,עיצוב וטיפוח החן,5,12,81.75,499624
west,מרכז חינוך טכנולוגי,עכו,ממלכתי,ערבי,2021,ערבית לערבים,3,16,75.88,499624
west,מרכז חינוך טכנולוגי,עכו,ממלכתי,ערבי,2022,ערבית לערבים,3,11,76.27,499624
west,מרכז חינוך טכנולוגי,עכו,ממלכתי,ערבי,2023,ערבית לערבים,3,16,72.94,499624
west,"מח""ט אורט מרום עכו",עכו,ממלכתי,יהודי,2021,אזרחות,2,29,67.28,585851
west,"מח""ט אורט מרום עכו",עכו,ממלכתי,יהודי,2022,אזרחות,2,29,64.34,585851
west,"מח""ט אורט מרום עכו",עכו,ממלכתי,יהודי,2023,אזרחות,2,24,68.83,585851
west,"מח""ט אורט מרום עכו",עכו,ממלכתי,יהודי,2021,אמנות שימושית,5,14,66.43,585851
west,"מח""ט אורט מרום עכו",עכו,ממלכתי,יהודי,2021,אנגלית,3,40,77.4,585851
west,"מח""ט אורט מרום עכו",עכו,ממלכתי,יהודי,2022,אנגלית,3,35,78.94,585851
west,"מח""ט אורט מרום עכו",עכו,ממלכתי,יהודי,2023,אנגלית,3,19,74.42,585851
west,"מח""ט אורט מרום עכו",עכו,ממלכתי,יהודי,2021,הסטוריה,2,29,66.14,585851
west,"מח""ט אורט מרום עכו",עכו,ממלכתי,יהודי,2022,הסטוריה,2,29,64.79,585851
west,"מח""ט אורט מרום עכו",עכו,ממלכתי,יהודי,2023,הסטוריה,2,25,65.84,585851
west,"מח""ט אורט מרום עכו",עכו,ממלכתי,יהודי,2021,מכניקה הנדסית,5,12,66.83,585851
west,"מח""ט אורט מרום עכו",עכו,ממלכתי,יהודי,2023,מכניקה הנדסית,5,11,66.27,585851
west,"מח""ט אורט מרום עכו",עכו,ממלכתי,יהודי,2021,מערכות תקשוב,5,17,84.29,585851
west,"מח""ט אורט מרום עכו",עכו,ממלכתי,יהודי,2022,מערכות תקשוב,5,20,79.5,585851
west,"מח""ט אורט מרום עכו",עכו,ממלכתי,יהודי,2023,מערכות תקשוב,5,12,74.42,585851
west,"מח""ט אורט מרום עכו",עכו,ממלכתי,יהודי,2021,מתמטיקה,3,37,65.05,585851
west,"מח""ט אורט מרום עכו",עכו,ממלכתי,יהודי,2022,מתמטיקה,3,32,65.22,585851
west,"מח""ט אורט מרום עכו",עכו,ממלכתי,יהודי,2023,מתמטיקה,3,26,68,585851
west,"מח""ט אורט מרום עכו",עכו,ממלכתי,יהודי,2021,ספרות,2,29,68.28,585851
west,"מח""ט אורט מרום עכו",עכו,ממלכתי,יהודי,2022,ספרות,2,29,66.55,585851
west,"מח""ט אורט מרום עכו",עכו,ממלכתי,יהודי,2023,ספרות,2,24,65.58,585851
west,"מח""ט אורט מרום עכו",עכו,ממלכתי,יהודי,2021,עברית )לשון והבעה(,2,30,66.93,585851
west,"מח""ט אורט מרום עכו",עכו,ממלכתי,יהודי,2022,עברית )לשון והבעה(,2,29,65.79,585851
west,"מח""ט אורט מרום עכו",עכו,ממלכתי,יהודי,2023,עברית )לשון והבעה(,2,26,63.65,585851
west,"מח""ט אורט מרום עכו",עכו,ממלכתי,יהודי,2021,עצוב,3,17,77.35,585851
west,"מח""ט אורט מרום עכו",עכו,ממלכתי,יהודי,2021,תחזוקת מערכות מכניות,3,13,72.85,585851
west,"מח""ט אורט מרום עכו",עכו,ממלכתי,יהודי,2022,תחזוקת מערכות מכניות,3,11,75.64,585851
west,"מח""ט אורט מרום עכו",עכו,ממלכתי,יהודי,2023,תחזוקת מערכות מכניות,3,14,78.71,585851
west,"מח""ט אורט מרום עכו",עכו,ממלכתי,יהודי,2021,תנ'ך,2,30,72.27,585851
west,"מח""ט אורט מרום עכו",עכו,ממלכתי,יהודי,2022,תנ'ך,2,29,66.34,585851
west,"מח""ט אורט מרום עכו",עכו,ממלכתי,יהודי,2023,תנ'ך,2,25,70.16,585851
west,"מח""ט אורט מרום עכו",עכו,ממלכתי,יהודי,2021,תשתיות מחשוב ותקשוב,5,17,70.35,585851
west,"מח""ט אורט מרום עכו",עכו,ממלכתי,יהודי,2022,תשתיות מחשוב ותקשוב,5,20,60.6,585851
west,שמריהו בירן,עכו,ממלכתי,יהודי,2021,אזרחות,2,235,77.67,770859
west,שמריהו בירן,עכו,ממלכתי,יהודי,2022,אזרחות,2,187,76.75,770859
west,שמריהו בירן,עכו,ממלכתי,יהודי,2023,אזרחות,2,202,77.99,770859
west,שמריהו בירן,עכו,ממלכתי,יהודי,2021,אלקטרוניקה ומחשבים,5,16,93.06,770859
west,שמריהו בירן,עכו,ממלכתי,יהודי,2022,אלקטרוניקה ומחשבים,5,22,90.86,770859
west,שמריהו בירן,עכו,ממלכתי,יהודי,2023,אלקטרוניקה ומחשבים,5,12,83,770859
west,שמריהו בירן,עכו,ממלכתי,יהודי,2021,אנגלית,3,103,79.14,770859
west,שמריהו בירן,עכו,ממלכתי,יהודי,2021,אנגלית,4,58,85.76,770859
west,שמריהו בירן,עכו,ממלכתי,יהודי,2021,אנגלית,5,74,87.93,770859
west,שמריהו בירן,עכו,ממלכתי,יהודי,2022,אנגלית,3,60,74.35,770859
west,שמריהו בירן,עכו,ממלכתי,יהודי,2022,אנגלית,4,50,80,770859
west,שמריהו בירן,עכו,ממלכתי,יהודי,2022,אנגלית,5,77,88.99,770859
west,שמריהו בירן,עכו,ממלכתי,יהודי,2023,אנגלית,3,63,82.32,770859
west,שמריהו בירן,עכו,ממלכתי,יהודי,2023,אנגלית,4,77,80.22,770859
west,שמריהו בירן,עכו,ממלכתי,יהודי,2023,אנגלית,5,61,89.41,770859
west,שמריהו בירן,עכו,ממלכתי,יהודי,2021,ביולוגיה,5,11,82.09,770859
west,שמריהו בירן,עכו,ממלכתי,יהודי,2022,ביולוגיה,5,29,83.24,770859
west,שמריהו בירן,עכו,ממלכתי,יהודי,2023,ביולוגיה,5,17,75.71,770859
west,שמריהו בירן,עכו,ממלכתי,יהודי,2021,הסטוריה,2,236,78.47,770859
west,שמריהו בירן,עכו,ממלכתי,יהודי,2022,הסטוריה,2,187,80.87,770859
west,שמריהו בירן,עכו,ממלכתי,יהודי,2023,הסטוריה,2,202,80.69,770859
west,שמריהו בירן,עכו,ממלכתי,יהודי,2021,חשבונאות,5,25,84.8,770859
west,שמריהו בירן,עכו,ממלכתי,יהודי,2021,מדעי הבריאות,5,14,86,770859
west,שמריהו בירן,עכו,ממלכתי,יהודי,2022,מדעי הבריאות,5,14,87.71,770859
west,שמריהו בירן,עכו,ממלכתי,יהודי,2023,מדעי הבריאות,5,14,82.14,770859
west,שמריהו בירן,עכו,ממלכתי,יהודי,2021,מדעי החברה,5,23,89.91,770859
west,שמריהו בירן,עכו,ממלכתי,יהודי,2022,מדעי החברה,5,13,86.31,770859
west,שמריהו בירן,עכו,ממלכתי,יהודי,2023,מדעי החברה,5,28,81.96,770859
west,שמריהו בירן,עכו,ממלכתי,יהודי,2023,מדעי המחשב,5,17,84.29,770859
west,שמריהו בירן,עכו,ממלכתי,יהודי,2022,מכניקה הנדסית,5,14,73.36,770859
west,שמריהו בירן,עכו,ממלכתי,יהודי,2021,מערכות אלקטרוניות,5,16,89.44,770859
west,שמריהו בירן,עכו,ממלכתי,יהודי,2022,מערכות אלקטרוניות,5,22,93.41,770859
west,שמריהו בירן,עכו,ממלכתי,יהודי,2023,מערכות אלקטרוניות,5,11,88.45,770859
west,שמריהו בירן,עכו,ממלכתי,יהודי,2021,מערכות רפואיות,5,14,90.93,770859
west,שמריהו בירן,עכו,ממלכתי,יהודי,2022,מערכות רפואיות,5,14,93.43,770859
west,שמריהו בירן,עכו,ממלכתי,יהודי,2023,מערכות רפואיות,5,14,95.29,770859
west,שמריהו בירן,עכו,ממלכתי,יהודי,2022,"מערכות תיב""מ",3,14,73.07,770859
west,שמריהו בירן,עכו,ממלכתי,יהודי,2021,מתמטיקה,3,163,79.04,770859
west,שמריהו בירן,עכו,ממלכתי,יהודי,2021,מתמטיקה,4,42,81.4,770859
west,שמריהו בירן,עכו,ממלכתי,יהודי,2021,מתמטיקה,5,29,78.52,770859
west,שמריהו בירן,עכו,ממלכתי,יהודי,2022,מתמטיקה,3,117,74.5,770859
west,שמריהו בירן,עכו,ממלכתי,יהודי,2022,מתמטיקה,4,40,77.25,770859
west,שמריהו בירן,עכו,ממלכתי,יהודי,2022,מתמטיקה,5,29,82.45,770859
west,שמריהו בירן,עכו,ממלכתי,יהודי,2023,מתמטיקה,3,131,79.06,770859
west,שמריהו בירן,עכו,ממלכתי,יהודי,2023,מתמטיקה,4,41,75.24,770859
west,שמריהו בירן,עכו,ממלכתי,יהודי,2023,מתמטיקה,5,30,80.6,770859
west,שמריהו בירן,עכו,ממלכתי,יהודי,2021,ניהול משאבי אנוש,5,54,78.59,770859
west,שמריהו בירן,עכו,ממלכתי,יהודי,2022,ניהול משאבי אנוש,5,45,72.18,770859
west,שמריהו בירן,עכו,ממלכתי,יהודי,2023,ניהול משאבי אנוש,5,45,75.31,770859
west,שמריהו בירן,עכו,ממלכתי,יהודי,2021,ספרות,2,235,77.48,770859
west,שמריהו בירן,עכו,ממלכתי,יהודי,2022,ספרות,2,187,80.27,770859
west,שמריהו בירן,עכו,ממלכתי,יהודי,2023,ספרות,2,183,80.23,770859
west,שמריהו בירן,עכו,ממלכתי,יהודי,2023,ספרות,5,20,81.65,770859
west,שמריהו בירן,עכו,ממלכתי,יהודי,2021,עברית )לשון והבעה(,2,236,73.72,770859
west,שמריהו בירן,עכו,ממלכתי,יהודי,2022,עברית )לשון והבעה(,2,187,77.27,770859
west,שמריהו בירן,עכו,ממלכתי,יהודי,2023,עברית )לשון והבעה(,2,202,75.78,770859
west,שמריהו בירן,עכו,ממלכתי,יהודי,2021,פיסיקה,5,25,89.48,770859
west,שמריהו בירן,עכו,ממלכתי,יהודי,2022,פיסיקה,5,24,87.04,770859
west,שמריהו בירן,עכו,ממלכתי,יהודי,2023,פיסיקה,5,28,83.11,770859
west,שמריהו בירן,עכו,ממלכתי,יהודי,2021,רוסית,5,14,92.29,770859
west,שמריהו בירן,עכו,ממלכתי,יהודי,2022,רוסית,5,13,93.23,770859
west,שמריהו בירן,עכו,ממלכתי,יהודי,2023,רוסית,5,12,89,770859
west,שמריהו בירן,עכו,ממלכתי,יהודי,2021,תאטרון,5,28,90.21,770859
west,שמריהו בירן,עכו,ממלכתי,יהודי,2023,תאטרון,5,28,93.18,770859
west,שמריהו בירן,עכו,ממלכתי,יהודי,2023,תכנון ותכנות מערכות,5,17,88.53,770859
west,שמריהו בירן,עכו,ממלכתי,יהודי,2021,תנ'ך,2,235,77.44,770859
west,שמריהו בירן,עכו,ממלכתי,יהודי,2022,תנ'ך,2,187,78.78,770859
west,שמריהו בירן,עכו,ממלכתי,יהודי,2023,תנ'ך,2,202,80.33,770859
west,שמריהו בירן,עכו,ממלכתי,יהודי,2021,תקשורת )בנתיב העיוני,5,47,87.38,770859
west,שמריהו בירן,עכו,ממלכתי,יהודי,2022,תקשורת )בנתיב העיוני,5,39,88.97,770859
west,שמריהו בירן,עכו,ממלכתי,יהודי,2023,תקשורת )בנתיב העיוני,5,56,80.13,770859
west,אופק,מטה אשר,ממלכתי,יהודי,2023,אומנות,5,14,79.93,260125
west,אופק,מטה אשר,ממלכתי,יהודי,2021,אופטיקה יישומית,5,16,81.19,260125
west,אופק,מטה אשר,ממלכתי,יהודי,2022,אופטיקה יישומית,5,25,76.4,260125
west,אופק,מטה אשר,ממלכתי,יהודי,2023,אופטיקה יישומית,5,12,75.42,260125
west,אופק,מטה אשר,ממלכתי,יהודי,2021,אזרחות,2,102,80.79,260125
west,אופק,מטה אשר,ממלכתי,יהודי,2022,אזרחות,2,117,80.74,260125
west,אופק,מטה אשר,ממלכתי,יהודי,2023,אזרחות,2,133,81.16,260125
west,אופק,מטה אשר,ממלכתי,יהודי,2021,אמנות שימושית,5,32,79.25,260125
west,אופק,מטה אשר,ממלכתי,יהודי,2022,אמנות שימושית,5,25,76.04,260125
west,אופק,מטה אשר,ממלכתי,יהודי,2023,אמנות שימושית,5,30,72.67,260125
west,אופק,מטה אשר,ממלכתי,יהודי,2021,אנגלית,3,18,81.28,260125
west,אופק,מטה אשר,ממלכתי,יהודי,2021,אנגלית,4,29,80.76,260125
west,אופק,מטה אשר,ממלכתי,יהודי,2021,אנגלית,5,51,87.25,260125
west,אופק,מטה אשר,ממלכתי,יהודי,2022,אנגלית,3,21,84.1,260125
west,אופק,מטה אשר,ממלכתי,יהודי,2022,אנגלית,4,38,80.42,260125
west,אופק,מטה אשר,ממלכתי,יהודי,2022,אנגלית,5,58,88.59,260125
west,אופק,מטה אשר,ממלכתי,יהודי,2023,אנגלית,3,20,78.4,260125
west,אופק,מטה אשר,ממלכתי,יהודי,2023,אנגלית,4,38,80.5,260125
west,אופק,מטה אשר,ממלכתי,יהודי,2023,אנגלית,5,72,86.71,260125
west,אופק,מטה אשר,ממלכתי,יהודי,2021,ביולוגיה,5,13,88.77,260125
west,אופק,מטה אשר,ממלכתי,יהודי,2022,ביולוגיה,5,13,88.23,260125
west,אופק,מטה אשר,ממלכתי,יהודי,2023,ביולוגיה,5,19,83.21,260125
west,אופק,מטה אשר,ממלכתי,יהודי,2023,גאוגרפיה,5,16,78.38,260125
west,אופק,מטה אשר,ממלכתי,יהודי,2021,הסטוריה,2,99,68.04,260125
west,אופק,מטה אשר,ממלכתי,יהודי,2022,הסטוריה,2,115,70.17,260125
west,אופק,מטה אשר,ממלכתי,יהודי,2023,הסטוריה,2,131,72.48,260125
west,אופק,מטה אשר,ממלכתי,יהודי,2021,חנוך גופני,5,16,85.69,260125
west,אופק,מטה אשר,ממלכתי,יהודי,2022,חנוך גופני,5,18,76,260125
west,אופק,מטה אשר,ממלכתי,יהודי,2023,חנוך גופני,5,13,77,260125
west,אופק,מטה אשר,ממלכתי,יהודי,2023,מדעי החברה,5,14,86.79,260125
west,אופק,מטה אשר,ממלכתי,יהודי,2021,מתמטיקה,3,60,86.75,260125
west,אופק,מטה אשר,ממלכתי,יהודי,2021,מתמטיקה,4,16,88.88,260125
west,אופק,מטה אשר,ממלכתי,יהודי,2021,מתמטיקה,5,22,79,260125
west,אופק,מטה אשר,ממלכתי,יהודי,2022,מתמטיקה,3,68,87.18,260125
west,אופק,מטה אשר,ממלכתי,יהודי,2022,מתמטיקה,4,24,84.42,260125
west,אופק,מטה אשר,ממלכתי,יהודי,2022,מתמטיקה,5,19,81.32,260125
west,אופק,מטה אשר,ממלכתי,יהודי,2023,מתמטיקה,3,71,84,260125
west,אופק,מטה אשר,ממלכתי,יהודי,2023,מתמטיקה,4,32,83.53,260125
west,אופק,מטה אשר,ממלכתי,יהודי,2023,מתמטיקה,5,25,81.16,260125
west,אופק,מטה אשר,ממלכתי,יהודי,2021,ספרות,2,101,73.77,260125
west,אופק,מטה אשר,ממלכתי,יהודי,2022,ספרות,2,115,70.2,260125
west,אופק,מטה אשר,ממלכתי,יהודי,2023,ספרות,2,131,72.27,260125
west,אופק,מטה אשר,ממלכתי,יהודי,2021,עברית )לשון והבעה(,2,99,76.51,260125
west,אופק,מטה אשר,ממלכתי,יהודי,2022,עברית )לשון והבעה(,2,115,76.48,260125
west,אופק,מטה אשר,ממלכתי,יהודי,2023,עברית )לשון והבעה(,2,131,70.82,260125
west,אופק,מטה אשר,ממלכתי,יהודי,2021,עצוב,3,13,80.85,260125
west,אופק,מטה אשר,ממלכתי,יהודי,2021,עצוב,5,14,89.21,260125
west,אופק,מטה אשר,ממלכתי,יהודי,2022,עצוב,3,12,87.25,260125
west,אופק,מטה אשר,ממלכתי,יהודי,2022,עצוב,5,12,90.42,260125
west,אופק,מטה אשר,ממלכתי,יהודי,2023,עצוב,3,18,76.94,260125
west,אופק,מטה אשר,ממלכתי,יהודי,2023,עצוב,5,11,89.64,260125
west,אופק,מטה אשר,ממלכתי,יהודי,2021,פיסיקה,5,20,86,260125
west,אופק,מטה אשר,ממלכתי,יהודי,2022,פיסיקה,5,13,86.08,260125
west,אופק,מטה אשר,ממלכתי,יהודי,2023,פיסיקה,5,21,86.52,260125
west,אופק,מטה אשר,ממלכתי,יהודי,2022,צלום,3,16,74.19,260125
west,אופק,מטה אשר,ממלכתי,יהודי,2021,תנ'ך,2,105,81.56,260125
west,אופק,מטה אשר,ממלכתי,יהודי,2022,תנ'ך,2,117,82.39,260125
west,אופק,מטה אשר,ממלכתי,יהודי,2023,תנ'ך,2,136,81.93,260125
west,"כברי חט""ע",מטה אשר,ממלכתי,יהודי,2023,אומנות,5,16,91.44,260240
west,"כברי חט""ע",מטה אשר,ממלכתי,יהודי,2021,אופטיקה יישומית,5,18,81.11,260240
west,"כברי חט""ע",מטה אשר,ממלכתי,יהודי,2022,אופטיקה יישומית,5,21,68.19,260240
west,"כברי חט""ע",מטה אשר,ממלכתי,יהודי,2023,אופטיקה יישומית,5,16,81.88,260240
west,"כברי חט""ע",מטה אשר,ממלכתי,יהודי,2021,אזרחות,2,121,86.16,260240
west,"כברי חט""ע",מטה אשר,ממלכתי,יהודי,2022,אזרחות,2,107,84.61,260240
west,"כברי חט""ע",מטה אשר,ממלכתי,יהודי,2023,אזרחות,2,111,83.97,260240
west,"כברי חט""ע",מטה אשר,ממלכתי,יהודי,2021,אנגלית,4,35,78.26,260240
west,"כברי חט""ע",מטה אשר,ממלכתי,יהודי,2021,אנגלית,5,87,87.98,260240
west,"כברי חט""ע",מטה אשר,ממלכתי,יהודי,2022,אנגלית,4,30,80.33,260240
west,"כברי חט""ע",מטה אשר,ממלכתי,יהודי,2022,אנגלית,5,81,86.4,260240
west,"כברי חט""ע",מטה אשר,ממלכתי,יהודי,2023,אנגלית,4,40,79.27,260240
west,"כברי חט""ע",מטה אשר,ממלכתי,יהודי,2023,אנגלית,5,68,87.47,260240
west,"כברי חט""ע",מטה אשר,ממלכתי,יהודי,2021,ביולוגיה,5,19,89.47,260240
west,"כברי חט""ע",מטה אשר,ממלכתי,יהודי,2022,ביולוגיה,5,23,77.91,260240
west,"כברי חט""ע",מטה אשר,ממלכתי,יהודי,2023,ביולוגיה,5,17,77.82,260240
west,"כברי חט""ע",מטה אשר,ממלכתי,יהודי,2021,הסטוריה,2,106,81.99,260240
west,"כברי חט""ע",מטה אשר,ממלכתי,יהודי,2021,הסטוריה,5,15,84.6,260240
west,"כברי חט""ע",מטה אשר,ממלכתי,יהודי,2022,הסטוריה,2,101,82.05,260240
west,"כברי חט""ע",מטה אשר,ממלכתי,יהודי,2022,הסטוריה,5,13,77.69,260240
west,"כברי חט""ע",מטה אשר,ממלכתי,יהודי,2023,הסטוריה,2,90,81.87,260240
west,"כברי חט""ע",מטה אשר,ממלכתי,יהודי,2023,הסטוריה,5,20,84.5,260240
west,"כברי חט""ע",מטה אשר,ממלכתי,יהודי,2021,טלוויזיה וקולנוע,5,17,85.12,260240
west,"כברי חט""ע",מטה אשר,ממלכתי,יהודי,2022,טלוויזיה וקולנוע,5,16,83.94,260240
west,"כברי חט""ע",מטה אשר,ממלכתי,יהודי,2023,טלוויזיה וקולנוע,5,11,87.18,260240
west,"כברי חט""ע",מטה אשר,ממלכתי,יהודי,2021,מוסיקה,5,15,89.2,260240
west,"כברי חט""ע",מטה אשר,ממלכתי,יהודי,2021,מתמטיקה,3,54,84.96,260240
west,"כברי חט""ע",מטה אשר,ממלכתי,יהודי,2021,מתמטיקה,4,36,87.11,260240
west,"כברי חט""ע",מטה אשר,ממלכתי,יהודי,2021,מתמטיקה,5,29,89.21,260240
west,"כברי חט""ע",מטה אשר,ממלכתי,יהודי,2022,מתמטיקה,3,44,88.8,260240
west,"כברי חט""ע",מטה אשר,ממלכתי,יהודי,2022,מתמטיקה,4,43,84.09,260240
west,"כברי חט""ע",מטה אשר,ממלכתי,יהודי,2022,מתמטיקה,5,25,86.92,260240
west,"כברי חט""ע",מטה אשר,ממלכתי,יהודי,2023,מתמטיקה,3,44,89.32,260240
west,"כברי חט""ע",מטה אשר,ממלכתי,יהודי,2023,מתמטיקה,4,43,82.47,260240
west,"כברי חט""ע",מטה אשר,ממלכתי,יהודי,2023,מתמטיקה,5,20,82.8,260240
west,"כברי חט""ע",מטה אשר,ממלכתי,יהודי,2021,ספרות,2,112,77.75,260240
west,"כברי חט""ע",מטה אשר,ממלכתי,יהודי,2022,ספרות,2,103,76.23,260240
west,"כברי חט""ע",מטה אשר,ממלכתי,יהודי,2022,ספרות,5,11,89.73,260240
west,"כברי חט""ע",מטה אשר,ממלכתי,יהודי,2023,ספרות,2,101,79.88,260240
west,"כברי חט""ע",מטה אשר,ממלכתי,יהודי,2023,ספרות,5,11,81.36,260240
west,"כברי חט""ע",מטה אשר,ממלכתי,יהודי,2021,עברית )לשון והבעה(,2,121,80.36,260240
west,"כברי חט""ע",מטה אשר,ממלכתי,יהודי,2022,עברית )לשון והבעה(,2,113,84.06,260240
west,"כברי חט""ע",מטה אשר,ממלכתי,יהודי,2023,עברית )לשון והבעה(,2,108,77.7,260240
west,"כברי חט""ע",מטה אשר,ממלכתי,יהודי,2021,פיסיקה,5,17,87.24,260240
west,"כברי חט""ע",מטה אשר,ממלכתי,יהודי,2022,פיסיקה,5,13,90.31,260240
west,"כברי חט""ע",מטה אשר,ממלכתי,יהודי,2023,פיסיקה,5,16,92.44,260240
west,"כברי חט""ע",מטה אשר,ממלכתי,יהודי,2021,תאטרון,5,47,92.17,260240
west,"כברי חט""ע",מטה אשר,ממלכתי,יהודי,2022,תאטרון,5,37,93.86,260240
west,"כברי חט""ע",מטה אשר,ממלכתי,יהודי,2023,תאטרון,5,32,90.13,260240
west,"כברי חט""ע",מטה אשר,ממלכתי,יהודי,2021,תנ'ך,2,121,88.51,260240
west,"כברי חט""ע",מטה אשר,ממלכתי,יהודי,2022,תנ'ך,2,114,87.9,260240
west,"כברי חט""ע",מטה אשר,ממלכתי,יהודי,2023,תנ'ך,2,112,89.12,260240
west,מקיף סולם צור,מטה אשר,ממלכתי,יהודי,2021,אופטיקה יישומית,5,30,75.47,260331
west,מקיף סולם צור,מטה אשר,ממלכתי,יהודי,2022,אופטיקה יישומית,5,12,78.25,260331
west,מקיף סולם צור,מטה אשר,ממלכתי,יהודי,2023,אופטיקה יישומית,5,33,76.85,260331
west,מקיף סולם צור,מטה אשר,ממלכתי,יהודי,2021,אזרחות,2,149,83.16,260331
west,מקיף סולם צור,מטה אשר,ממלכתי,יהודי,2022,אזרחות,2,158,83.42,260331
west,מקיף סולם צור,מטה אשר,ממלכתי,יהודי,2023,אזרחות,2,140,80.88,260331
west,מקיף סולם צור,מטה אשר,ממלכתי,יהודי,2022,אלקטרוניקה ומחשבים,5,25,81.88,260331
west,מקיף סולם צור,מטה אשר,ממלכתי,יהודי,2021,אנגלית,3,13,76.46,260331
west,מקיף סולם צור,מטה אשר,ממלכתי,יהודי,2021,אנגלית,4,49,83.02,260331
west,מקיף סולם צור,מטה אשר,ממלכתי,יהודי,2021,אנגלית,5,89,87.56,260331
west,מקיף סולם צור,מטה אשר,ממלכתי,יהודי,2022,אנגלית,4,43,78.53,260331
west,מקיף סולם צור,מטה אשר,ממלכתי,יהודי,2022,אנגלית,5,106,86.9,260331
west,מקיף סולם צור,מטה אשר,ממלכתי,יהודי,2023,אנגלית,3,12,77,260331
west,מקיף סולם צור,מטה אשר,ממלכתי,יהודי,2023,אנגלית,4,39,79.41,260331
west,מקיף סולם צור,מטה אשר,ממלכתי,יהודי,2023,אנגלית,5,83,87.41,260331
west,מקיף סולם צור,מטה אשר,ממלכתי,יהודי,2021,ביולוגיה,5,25,88.04,260331
west,מקיף סולם צור,מטה אשר,ממלכתי,יהודי,2022,ביולוגיה,5,27,81.41,260331
west,מקיף סולם צור,מטה אשר,ממלכתי,יהודי,2023,ביולוגיה,5,30,84.27,260331
west,מקיף סולם צור,מטה אשר,ממלכתי,יהודי,2021,גאוגרפיה,5,39,80.92,260331
west,מקיף סולם צור,מטה אשר,ממלכתי,יהודי,2022,גאוגרפיה,5,23,77.7,260331
west,מקיף סולם צור,מטה אשר,ממלכתי,יהודי,2023,גאוגרפיה,5,34,79.94,260331
west,מקיף סולם צור,מטה אשר,ממלכתי,יהודי,2021,הסטוריה,2,152,81.11,260331
west,מקיף סולם צור,מטה אשר,ממלכתי,יהודי,2022,הסטוריה,2,157,83.51,260331
west,מקיף סולם צור,מטה אשר,ממלכתי,יהודי,2023,הסטוריה,2,140,84.66,260331
west,מקיף סולם צור,מטה אשר,ממלכתי,יהודי,2022,חנוך גופני,5,11,79.91,260331
west,מקיף סולם צור,מטה אשר,ממלכתי,יהודי,2023,חנוך גופני,5,16,75.44,260331
west,מקיף סולם צור,מטה אשר,ממלכתי,יהודי,2021,חקלאות,5,13,86.62,260331
west,מקיף סולם צור,מטה אשר,ממלכתי,יהודי,2022,חקלאות,5,14,83.43,260331
west,מקיף סולם צור,מטה אשר,ממלכתי,יהודי,2022,מדעי המחשב,5,15,90.87,260331
west,מקיף סולם צור,מטה אשר,ממלכתי,יהודי,2023,מדעי המחשב,5,12,84.92,260331
west,מקיף סולם צור,מטה אשר,ממלכתי,יהודי,2021,מדעי לימודי הסביבה,5,27,85.52,260331
west,מקיף סולם צור,מטה אשר,ממלכתי,יהודי,2022,מדעי לימודי הסביבה,5,22,76.82,260331
west,מקיף סולם צור,מטה אשר,ממלכתי,יהודי,2023,מדעי לימודי הסביבה,5,15,84.67,260331
west,מקיף סולם צור,מטה אשר,ממלכתי,יהודי,2021,מנהל וכלכלה,5,15,82.8,260331
west,מקיף סולם צור,מטה אשר,ממלכתי,יהודי,2022,מנהל וכלכלה,5,11,77.82,260331
west,מקיף סולם צור,מטה אשר,ממלכתי,יהודי,2022,מערכות אלקטרוניות,5,27,89.04,260331
west,מקיף סולם צור,מטה אשר,ממלכתי,יהודי,2021,מתמטיקה,3,78,85.58,260331
west,מקיף סולם צור,מטה אשר,ממלכתי,יהודי,2021,מתמטיקה,4,39,84.46,260331
west,מקיף סולם צור,מטה אשר,ממלכתי,יהודי,2021,מתמטיקה,5,26,81.69,260331
west,מקיף סולם צור,מטה אשר,ממלכתי,יהודי,2022,מתמטיקה,3,66,85,260331
west,מקיף סולם צור,מטה אשר,ממלכתי,יהודי,2022,מתמטיקה,4,54,84.09,260331
west,מקיף סולם צור,מטה אשר,ממלכתי,יהודי,2022,מתמטיקה,5,33,81.45,260331
west,מקיף סולם צור,מטה אשר,ממלכתי,יהודי,2023,מתמטיקה,3,61,76.9,260331
west,מקיף סולם צור,מטה אשר,ממלכתי,יהודי,2023,מתמטיקה,4,38,82.47,260331
west,מקיף סולם צור,מטה אשר,ממלכתי,יהודי,2023,מתמטיקה,5,29,84.66,260331
west,מקיף סולם צור,מטה אשר,ממלכתי,יהודי,2021,ספרות,2,155,82.36,260331
west,מקיף סולם צור,מטה אשר,ממלכתי,יהודי,2022,ספרות,2,156,83.17,260331
west,מקיף סולם צור,מטה אשר,ממלכתי,יהודי,2023,ספרות,2,140,83.95,260331
west,מקיף סולם צור,מטה אשר,ממלכתי,יהודי,2021,עברית )לשון והבעה(,2,152,84.07,260331
west,מקיף סולם צור,מטה אשר,ממלכתי,יהודי,2022,עברית )לשון והבעה(,2,151,79.36,260331
west,מקיף סולם צור,מטה אשר,ממלכתי,יהודי,2023,עברית )לשון והבעה(,2,141,77.38,260331
west,מקיף סולם צור,מטה אשר,ממלכתי,יהודי,2021,פיסיקה,5,16,90.56,260331
west,מקיף סולם צור,מטה אשר,ממלכתי,יהודי,2022,פיסיקה,5,24,91.63,260331
west,מקיף סולם צור,מטה אשר,ממלכתי,יהודי,2023,פיסיקה,5,17,85.41,260331
west,מקיף סולם צור,מטה אשר,ממלכתי,יהודי,2021,צלום,5,28,77.82,260331
west,מקיף סולם צור,מטה אשר,ממלכתי,יהודי,2022,צלום,5,12,78.42,260331
west,מקיף סולם צור,מטה אשר,ממלכתי,יהודי,2023,צלום,3,12,80.17,260331
west,מקיף סולם צור,מטה אשר,ממלכתי,יהודי,2023,צלום,5,13,86.08,260331
west,מקיף סולם צור,מטה אשר,ממלכתי,יהודי,2021,תאטרון,5,17,90.82,260331
west,מקיף סולם צור,מטה אשר,ממלכתי,יהודי,2021,תנ'ך,2,155,81.1,260331
west,מקיף סולם צור,מטה אשר,ממלכתי,יהודי,2022,תנ'ך,2,156,84.53,260331
west,מקיף סולם צור,מטה אשר,ממלכתי,יהודי,2023,תנ'ך,2,138,85.36,260331
west,מקיף סולם צור,מטה אשר,ממלכתי,יהודי,2021,תקשורת בינלאומית באנ,5,15,74.67,260331
west,מקיף סולם צור,מטה אשר,ממלכתי,יהודי,2022,תקשורת בינלאומית באנ,5,18,86.44,260331
west,מקיף גליל מערבי,מעלה יוסף,ממלכתי,יהודי,2021,אזרחות,2,205,77.03,260489
west,מקיף גליל מערבי,מעלה יוסף,ממלכתי,יהודי,2022,אזרחות,2,124,74.43,260489
west,מקיף גליל מערבי,מעלה יוסף,ממלכתי,יהודי,2022,אזרחות,5,19,91,260489
west,מקיף גליל מערבי,מעלה יוסף,ממלכתי,יהודי,2023,אזרחות,2,125,75.75,260489
west,מקיף גליל מערבי,מעלה יוסף,ממלכתי,יהודי,2023,אזרחות,5,19,93.68,260489
west,מקיף גליל מערבי,מעלה יוסף,ממלכתי,יהודי,2021,אנגלית,3,58,80.09,260489
west,מקיף גליל מערבי,מעלה יוסף,ממלכתי,יהודי,2021,אנגלית,4,85,84.02,260489
west,מקיף גליל מערבי,מעלה יוסף,ממלכתי,יהודי,2021,אנגלית,5,67,90.76,260489
west,מקיף גליל מערבי,מעלה יוסף,ממלכתי,יהודי,2022,אנגלית,3,44,78.05,260489
west,מקיף גליל מערבי,מעלה יוסף,ממלכתי,יהודי,2022,אנגלית,4,34,83.09,260489
west,מקיף גליל מערבי,מעלה יוסף,ממלכתי,יהודי,2022,אנגלית,5,63,90.11,260489
west,מקיף גליל מערבי,מעלה יוסף,ממלכתי,יהודי,2023,אנגלית,3,40,82.6,260489
west,מקיף גליל מערבי,מעלה יוסף,ממלכתי,יהודי,2023,אנגלית,4,37,86.08,260489
west,מקיף גליל מערבי,מעלה יוסף,ממלכתי,יהודי,2023,אנגלית,5,63,88.1,260489
west,מקיף גליל מערבי,מעלה יוסף,ממלכתי,יהודי,2021,ביולוגיה,5,23,83.35,260489
west,מקיף גליל מערבי,מעלה יוסף,ממלכתי,יהודי,2022,ביולוגיה,5,14,86.07,260489
west,מקיף גליל מערבי,מעלה יוסף,ממלכתי,יהודי,2023,ביולוגיה,5,17,81.88,260489
west,מקיף גליל מערבי,מעלה יוסף,ממלכתי,יהודי,2021,הסטוריה,2,209,74.82,260489
west,מקיף גליל מערבי,מעלה יוסף,ממלכתי,יהודי,2022,הסטוריה,2,139,75.1,260489
west,מקיף גליל מערבי,מעלה יוסף,ממלכתי,יהודי,2023,הסטוריה,2,142,74.01,260489
west,מקיף גליל מערבי,מעלה יוסף,ממלכתי,יהודי,2021,הפקות בתקשורת,3,40,86.3,260489
west,מקיף גליל מערבי,מעלה יוסף,ממלכתי,יהודי,2022,הפקות בתקשורת,3,16,85.56,260489
west,מקיף גליל מערבי,מעלה יוסף,ממלכתי,יהודי,2023,הפקות בתקשורת,5,21,85.19,260489
west,מקיף גליל מערבי,מעלה יוסף,ממלכתי,יהודי,2021,כימיה,5,30,91.03,260489
west,מקיף גליל מערבי,מעלה יוסף,ממלכתי,יהודי,2022,כימיה,5,18,88.39,260489
west,מקיף גליל מערבי,מעלה יוסף,ממלכתי,יהודי,2023,כימיה,5,20,86.85,260489
west,מקיף גליל מערבי,מעלה יוסף,ממלכתי,יהודי,2021,מדע וטכנולוגיה לכל,5,11,74.18,260489
west,מקיף גליל מערבי,מעלה יוסף,ממלכתי,יהודי,2023,מדע וטכנולוגיה לכל,5,15,71.2,260489
west,מקיף גליל מערבי,מעלה יוסף,ממלכתי,יהודי,2021,מדעי החברה,5,21,91.57,260489
west,מקיף גליל מערבי,מעלה יוסף,ממלכתי,יהודי,2022,מדעי החברה,5,13,86.08,260489
west,מקיף גליל מערבי,מעלה יוסף,ממלכתי,יהודי,2021,מדעי המחשב,5,16,87.5,260489
west,מקיף גליל מערבי,מעלה יוסף,ממלכתי,יהודי,2023,מדעי המחשב,5,22,83.5,260489
west,מקיף גליל מערבי,מעלה יוסף,ממלכתי,יהודי,2021,מדעי לימודי הסביבה,5,22,79.45,260489
west,מקיף גליל מערבי,מעלה יוסף,ממלכתי,יהודי,2023,מערכות חשמל,5,13,68.08,260489
west,מקיף גליל מערבי,מעלה יוסף,ממלכתי,יהודי,2022,מערכות פקוד ובקרה,5,12,69.08,260489
west,מקיף גליל מערבי,מעלה יוסף,ממלכתי,יהודי,2023,מערכות פקוד ובקרה,5,13,76.62,260489
west,מקיף גליל מערבי,מעלה יוסף,ממלכתי,יהודי,2021,מתמטיקה,3,113,86.47,260489
west,מקיף גליל מערבי,מעלה יוסף,ממלכתי,יהודי,2021,מתמטיקה,4,54,88.57,260489
west,מקיף גליל מערבי,מעלה יוסף,ממלכתי,יהודי,2021,מתמטיקה,5,38,82.24,260489
west,מקיף גליל מערבי,מעלה יוסף,ממלכתי,יהודי,2022,מתמטיקה,3,66,85.32,260489
west,מקיף גליל מערבי,מעלה יוסף,ממלכתי,יהודי,2022,מתמטיקה,4,30,81.73,260489
west,מקיף גליל מערבי,מעלה יוסף,ממלכתי,יהודי,2022,מתמטיקה,5,34,81.85,260489
west,מקיף גליל מערבי,מעלה יוסף,ממלכתי,יהודי,2023,מתמטיקה,3,78,86.32,260489
west,מקיף גליל מערבי,מעלה יוסף,ממלכתי,יהודי,2023,מתמטיקה,4,33,80.76,260489
west,מקיף גליל מערבי,מעלה יוסף,ממלכתי,יהודי,2023,מתמטיקה,5,25,84.2,260489
west,מקיף גליל מערבי,מעלה יוסף,ממלכתי,יהודי,2021,ניהול משאבי אנוש,5,14,67.57,260489
west,מקיף גליל מערבי,מעלה יוסף,ממלכתי,יהודי,2023,ניהול משאבי אנוש,5,11,65.27,260489
west,מקיף גליל מערבי,מעלה יוסף,ממלכתי,יהודי,2021,ספרות,2,208,77.38,260489
west,מקיף גליל מערבי,מעלה יוסף,ממלכתי,יהודי,2022,ספרות,2,135,76.83,260489
west,מקיף גליל מערבי,מעלה יוסף,ממלכתי,יהודי,2023,ספרות,2,138,75.67,260489
west,מקיף גליל מערבי,מעלה יוסף,ממלכתי,יהודי,2021,עברית )לשון והבעה(,2,211,79.55,260489
west,מקיף גליל מערבי,מעלה יוסף,ממלכתי,יהודי,2022,עברית )לשון והבעה(,2,134,82,260489
west,מקיף גליל מערבי,מעלה יוסף,ממלכתי,יהודי,2023,עברית )לשון והבעה(,2,137,75.49,260489
west,מקיף גליל מערבי,מעלה יוסף,ממלכתי,יהודי,2021,ערבית לבי'ס יהודי,5,31,83.16,260489
west,מקיף גליל מערבי,מעלה יוסף,ממלכתי,יהודי,2022,ערבית לבי'ס יהודי,5,27,82.93,260489
west,מקיף גליל מערבי,מעלה יוסף,ממלכתי,יהודי,2023,ערבית לבי'ס יהודי,5,22,82,260489
west,מקיף גליל מערבי,מעלה יוסף,ממלכתי,יהודי,2021,פיסיקה,5,39,83,260489
west,מקיף גליל מערבי,מעלה יוסף,ממלכתי,יהודי,2022,פיסיקה,5,17,91.82,260489
west,מקיף גליל מערבי,מעלה יוסף,ממלכתי,יהודי,2023,פיסיקה,5,22,82.64,260489
west,מקיף גליל מערבי,מעלה יוסף,ממלכתי,יהודי,2023,תכנון ותכנות מערכות,5,16,98.31,260489
west,מקיף גליל מערבי,מעלה יוסף,ממלכתי,יהודי,2021,תנ'ך,2,207,81.33,260489
west,מקיף גליל מערבי,מעלה יוסף,ממלכתי,יהודי,2022,תנ'ך,2,145,77.33,260489
west,מקיף גליל מערבי,מעלה יוסף,ממלכתי,יהודי,2023,תנ'ך,2,136,80.12,260489
west,מקיף גליל מערבי,מעלה יוסף,ממלכתי,יהודי,2021,תקשורת בינלאומית באנ,5,15,87.4,260489
west,מקיף גליל מערבי,מעלה יוסף,ממלכתי,יהודי,2022,תקשורת בינלאומית באנ,5,19,85.26,260489
west,מקיף גליל מערבי,מעלה יוסף,ממלכתי,יהודי,2021,תקשורת וחברה,5,45,82.24,260489
west,מקיף גליל מערבי,מעלה יוסף,ממלכתי,יהודי,2022,תקשורת וחברה,5,18,84.89,260489
west,מקיף גליל מערבי,מעלה יוסף,ממלכתי,יהודי,2023,תקשורת וחברה,5,19,84.16,260489
west,"כ""ג יורדי הסירה",עכו,ממלכתי,יהודי,2021,אזרחות,2,109,73.61,270033
west,"כ""ג יורדי הסירה",עכו,ממלכתי,יהודי,2022,אזרחות,2,98,71.64,270033
west,"כ""ג יורדי הסירה",עכו,ממלכתי,יהודי,2023,אזרחות,2,101,70.42,270033
west,"כ""ג יורדי הסירה",עכו,ממלכתי,יהודי,2021,אלקטרוניקה ומחשבים,5,21,74.48,270033
west,"כ""ג יורדי הסירה",עכו,ממלכתי,יהודי,2022,אלקטרוניקה ומחשבים,5,25,84.72,270033
west,"כ""ג יורדי הסירה",עכו,ממלכתי,יהודי,2023,אלקטרוניקה ומחשבים,5,30,82.83,270033
west,"כ""ג יורדי הסירה",עכו,ממלכתי,יהודי,2021,אנגלית,3,14,78.71,270033
west,"כ""ג יורדי הסירה",עכו,ממלכתי,יהודי,2021,אנגלית,4,65,83.46,270033
west,"כ""ג יורדי הסירה",עכו,ממלכתי,יהודי,2021,אנגלית,5,26,85.31,270033
west,"כ""ג יורדי הסירה",עכו,ממלכתי,יהודי,2022,אנגלית,3,19,81.05,270033
west,"כ""ג יורדי הסירה",עכו,ממלכתי,יהודי,2022,אנגלית,4,51,79.59,270033
west,"כ""ג יורדי הסירה",עכו,ממלכתי,יהודי,2022,אנגלית,5,28,86.54,270033
west,"כ""ג יורדי הסירה",עכו,ממלכתי,יהודי,2023,אנגלית,3,21,73.95,270033
west,"כ""ג יורדי הסירה",עכו,ממלכתי,יהודי,2023,אנגלית,4,47,79.94,270033
west,"כ""ג יורדי הסירה",עכו,ממלכתי,יהודי,2023,אנגלית,5,27,84,270033
west,"כ""ג יורדי הסירה",עכו,ממלכתי,יהודי,2021,בקרת מכונות,5,24,87.96,270033
west,"כ""ג יורדי הסירה",עכו,ממלכתי,יהודי,2022,בקרת מכונות,5,15,90.33,270033
west,"כ""ג יורדי הסירה",עכו,ממלכתי,יהודי,2023,בקרת מכונות,5,28,87.75,270033
west,"כ""ג יורדי הסירה",עכו,ממלכתי,יהודי,2021,הסטוריה,2,108,78.31,270033
west,"כ""ג יורדי הסירה",עכו,ממלכתי,יהודי,2022,הסטוריה,2,100,76.41,270033
west,"כ""ג יורדי הסירה",עכו,ממלכתי,יהודי,2023,הסטוריה,2,100,73.07,270033
west,"כ""ג יורדי הסירה",עכו,ממלכתי,יהודי,2021,חנוך גופני,5,21,85.57,270033
west,"כ""ג יורדי הסירה",עכו,ממלכתי,יהודי,2022,חנוך גופני,5,14,82,270033
west,"כ""ג יורדי הסירה",עכו,ממלכתי,יהודי,2021,ימאות וספינות,5,38,82.32,270033
west,"כ""ג יורדי הסירה",עכו,ממלכתי,יהודי,2022,ימאות וספינות,5,38,80.47,270033
west,"כ""ג יורדי הסירה",עכו,ממלכתי,יהודי,2023,ימאות וספינות,5,29,83.17,270033
west,"כ""ג יורדי הסירה",עכו,ממלכתי,יהודי,2021,מדעי הים,5,22,83.82,270033
west,"כ""ג יורדי הסירה",עכו,ממלכתי,יהודי,2022,מדעי הים,5,22,82.59,270033
west,"כ""ג יורדי הסירה",עכו,ממלכתי,יהודי,2023,מדעי הים,5,22,68.27,270033
west,"כ""ג יורדי הסירה",עכו,ממלכתי,יהודי,2021,מערכות אלקטרוניות,5,18,85.33,270033
west,"כ""ג יורדי הסירה",עכו,ממלכתי,יהודי,2022,מערכות אלקטרוניות,5,20,89.1,270033
west,"כ""ג יורדי הסירה",עכו,ממלכתי,יהודי,2023,מערכות אלקטרוניות,5,30,83,270033
west,"כ""ג יורדי הסירה",עכו,ממלכתי,יהודי,2021,מתמטיקה,3,72,85.57,270033
west,"כ""ג יורדי הסירה",עכו,ממלכתי,יהודי,2021,מתמטיקה,4,21,78.62,270033
west,"כ""ג יורדי הסירה",עכו,ממלכתי,יהודי,2022,מתמטיקה,3,65,84.35,270033
west,"כ""ג יורדי הסירה",עכו,ממלכתי,יהודי,2022,מתמטיקה,4,25,83.96,270033
west,"כ""ג יורדי הסירה",עכו,ממלכתי,יהודי,2023,מתמטיקה,3,62,80.06,270033
west,"כ""ג יורדי הסירה",עכו,ממלכתי,יהודי,2023,מתמטיקה,4,27,81,270033
west,"כ""ג יורדי הסירה",עכו,ממלכתי,יהודי,2021,ספרות,2,109,76.27,270033
west,"כ""ג יורדי הסירה",עכו,ממלכתי,יהודי,2022,ספרות,2,100,72.75,270033
west,"כ""ג יורדי הסירה",עכו,ממלכתי,יהודי,2023,ספרות,2,98,69.01,270033
west,"כ""ג יורדי הסירה",עכו,ממלכתי,יהודי,2021,עברית )לשון והבעה(,2,108,74.69,270033
west,"כ""ג יורדי הסירה",עכו,ממלכתי,יהודי,2022,עברית )לשון והבעה(,2,100,76.96,270033
west,"כ""ג יורדי הסירה",עכו,ממלכתי,יהודי,2023,עברית )לשון והבעה(,2,101,69.11,270033
west,"כ""ג יורדי הסירה",עכו,ממלכתי,יהודי,2023,פיסיקה,5,11,78.18,270033
west,"כ""ג יורדי הסירה",עכו,ממלכתי,יהודי,2021,תנ'ך,2,109,81.28,270033
west,"כ""ג יורדי הסירה",עכו,ממלכתי,יהודי,2022,תנ'ך,2,100,76.38,270033
west,"כ""ג יורדי הסירה",עכו,ממלכתי,יהודי,2023,תנ'ך,2,98,75.63,270033
west,"כ""ג יורדי הסירה",עכו,ממלכתי,יהודי,2021,תרמודינמיקה טכנית,5,26,77.08,270033
west,"כ""ג יורדי הסירה",עכו,ממלכתי,יהודי,2022,תרמודינמיקה טכנית,5,15,84.27,270033
west,"כ""ג יורדי הסירה",עכו,ממלכתי,יהודי,2023,תרמודינמיקה טכנית,5,28,79.68,270033
west,"מנו""ף",עכו,ממלכתי,יהודי,2021,אזרחות,2,26,73.15,771287
west,"מנו""ף",עכו,ממלכתי,יהודי,2022,אזרחות,2,15,69.13,771287
west,"מנו""ף",עכו,ממלכתי,יהודי,2023,אזרחות,2,21,70.05,771287
west,"מנו""ף",עכו,ממלכתי,יהודי,2021,הסטוריה,2,26,71.23,771287
west,"מנו""ף",עכו,ממלכתי,יהודי,2022,הסטוריה,2,15,67.2,771287
west,"מנו""ף",עכו,ממלכתי,יהודי,2023,הסטוריה,2,20,77.7,771287
west,"מנו""ף",עכו,ממלכתי,יהודי,2021,מתמטיקה,3,26,77.04,771287
west,"מנו""ף",עכו,ממלכתי,יהודי,2022,מתמטיקה,3,15,71.6,771287
west,"מנו""ף",עכו,ממלכתי,יהודי,2023,מתמטיקה,3,18,68.06,771287
west,"מנו""ף",עכו,ממלכתי,יהודי,2021,ספרות,2,28,82.96,771287
west,"מנו""ף",עכו,ממלכתי,יהודי,2022,ספרות,2,15,87.67,771287
west,"מנו""ף",עכו,ממלכתי,יהודי,2023,ספרות,2,19,90.58,771287
west,"מנו""ף",עכו,ממלכתי,יהודי,2021,עברית )לשון והבעה(,2,27,72.37,771287
west,"מנו""ף",עכו,ממלכתי,יהודי,2022,עברית )לשון והבעה(,2,13,74.54,771287
west,"מנו""ף",עכו,ממלכתי,יהודי,2023,עברית )לשון והבעה(,2,20,68.05,771287
west,"מנו""ף",עכו,ממלכתי,יהודי,2021,תנ'ך,2,26,82.65,771287
west,"מנו""ף",עכו,ממלכתי,יהודי,2022,תנ'ך,2,15,81.6,771287
west,"מנו""ף",עכו,ממלכתי,יהודי,2023,תנ'ך,2,21,84.48,771287
west,מעלות רבקה,מעלות-תרשיחא,חרדי,יהודי,2023,אזרחות,2,17,92.82,632034
west,מעלות רבקה,מעלות-תרשיחא,חרדי,יהודי,2023,הסטוריה,2,18,91.89,632034
west,מעלות רבקה,מעלות-תרשיחא,חרדי,יהודי,2023,יהדות,5,18,91.06,632034
west,מעלות רבקה,מעלות-תרשיחא,חרדי,יהודי,2023,ספרות,2,18,94.44,632034
west,מעלות רבקה,מעלות-תרשיחא,חרדי,יהודי,2023,עברית )לשון והבעה(,2,18,81.33,632034
west,מעלות רבקה,מעלות-תרשיחא,חרדי,יהודי,2023,תנ'ך,5,18,86.17,632034
west,בית יעקב עכו,עכו,חרדי,יהודי,2021,אזרחות,2,29,83.55,240580
west,בית יעקב עכו,עכו,חרדי,יהודי,2022,אזרחות,2,29,80.34,240580
west,בית יעקב עכו,עכו,חרדי,יהודי,2023,אזרחות,2,32,88.78,240580
west,בית יעקב עכו,עכו,חרדי,יהודי,2021,אנגלית,3,16,78,240580
west,בית יעקב עכו,עכו,חרדי,יהודי,2022,אנגלית,3,21,85.33,240580
west,בית יעקב עכו,עכו,חרדי,יהודי,2023,אנגלית,3,19,84,240580
west,בית יעקב עכו,עכו,חרדי,יהודי,2021,הסטוריה,2,31,78.68,240580
west,בית יעקב עכו,עכו,חרדי,יהודי,2022,הסטוריה,2,36,77.31,240580
west,בית יעקב עכו,עכו,חרדי,יהודי,2023,הסטוריה,2,33,77.67,240580
west,בית יעקב עכו,עכו,חרדי,יהודי,2021,יהדות,5,28,82.79,240580
west,בית יעקב עכו,עכו,חרדי,יהודי,2022,יהדות,5,29,83,240580
west,בית יעקב עכו,עכו,חרדי,יהודי,2023,יהדות,5,31,86.29,240580
west,בית יעקב עכו,עכו,חרדי,יהודי,2021,מתמטיקה,3,25,86.72,240580
west,בית יעקב עכו,עכו,חרדי,יהודי,2022,מתמטיקה,3,28,89.18,240580
west,בית יעקב עכו,עכו,חרדי,יהודי,2023,מתמטיקה,3,34,93.06,240580
west,בית יעקב עכו,עכו,חרדי,יהודי,2021,ספרות,2,32,72.56,240580
west,בית יעקב עכו,עכו,חרדי,יהודי,2022,ספרות,2,37,71.46,240580
west,בית יעקב עכו,עכו,חרדי,יהודי,2023,ספרות,2,30,82.6,240580
west,בית יעקב עכו,עכו,חרדי,יהודי,2021,עברית )לשון והבעה(,2,28,75.93,240580
west,בית יעקב עכו,עכו,חרדי,יהודי,2022,עברית )לשון והבעה(,2,31,76.74,240580
west,בית יעקב עכו,עכו,חרדי,יהודי,2023,עברית )לשון והבעה(,2,33,79.48,240580
west,בית יעקב עכו,עכו,חרדי,יהודי,2021,תנ'ך,5,26,78.88,240580
west,בית יעקב עכו,עכו,חרדי,יהודי,2022,תנ'ך,5,29,75.76,240580
west,בית יעקב עכו,עכו,חרדי,יהודי,2023,תנ'ך,5,32,78.56,240580
west,אבו-סלים סלמאן אלשיך,אבו סנאן,ממלכתי,דרוזי,2024,אזרחות,2,168,79.2,248559
west,אבו-סלים סלמאן אלשיך,אבו סנאן,ממלכתי,דרוזי,2024,אלקטרוניקה ומחשבים,5,50,91.68,248559
west,אבו-סלים סלמאן אלשיך,אבו סנאן,ממלכתי,דרוזי,2024,אנגלית,3,42,75.19,248559
west,אבו-סלים סלמאן אלשיך,אבו סנאן,ממלכתי,דרוזי,2024,אנגלית,4,47,75.79,248559
west,אבו-סלים סלמאן אלשיך,אבו סנאן,ממלכתי,דרוזי,2024,אנגלית,5,64,92,248559
west,אבו-סלים סלמאן אלשיך,אבו סנאן,ממלכתי,דרוזי,2024,ביולוגיה,5,32,64,248559
west,אבו-סלים סלמאן אלשיך,אבו סנאן,ממלכתי,דרוזי,2024,הסטוריה - בי'ס דרוזי,2,167,83.96,248559
west,אבו-סלים סלמאן אלשיך,אבו סנאן,ממלכתי,דרוזי,2024,כימיה,5,34,91.09,248559
west,אבו-סלים סלמאן אלשיך,אבו סנאן,ממלכתי,דרוזי,2024,מדע וטכנולוגיה לכל,5,26,76.77,248559
west,אבו-סלים סלמאן אלשיך,אבו סנאן,ממלכתי,דרוזי,2024,מנהל וכלכלה,5,27,80.15,248559
west,אבו-סלים סלמאן אלשיך,אבו סנאן,ממלכתי,דרוזי,2024,מערכות אלקטרוניות,5,48,88.23,248559
west,אבו-סלים סלמאן אלשיך,אבו סנאן,ממלכתי,דרוזי,2024,מערכות תקשוב,5,20,74.45,248559
west,אבו-סלים סלמאן אלשיך,אבו סנאן,ממלכתי,דרוזי,2024,מתמטיקה,3,82,73.51,248559
west,אבו-סלים סלמאן אלשיך,אבו סנאן,ממלכתי,דרוזי,2024,מתמטיקה,4,37,76.97,248559
west,אבו-סלים סלמאן אלשיך,אבו סנאן,ממלכתי,דרוזי,2024,מתמטיקה,5,35,86.46,248559
west,אבו-סלים סלמאן אלשיך,אבו סנאן,ממלכתי,דרוזי,2024,ניהול משאבי אנוש,3,27,79.48,248559
west,אבו-סלים סלמאן אלשיך,אבו סנאן,ממלכתי,דרוזי,2024,עברית בחינוך הדרוזי,3,110,70.14,248559
west,אבו-סלים סלמאן אלשיך,אבו סנאן,ממלכתי,דרוזי,2024,עברית בחינוך הדרוזי,5,45,92.47,248559
west,אבו-סלים סלמאן אלשיך,אבו סנאן,ממלכתי,דרוזי,2024,ערבית לדרוזים,3,23,68.13,248559
west,אבו-סלים סלמאן אלשיך,אבו סנאן,ממלכתי,דרוזי,2024,ערבית לדרוזים,5,134,86.29,248559
west,אבו-סלים סלמאן אלשיך,אבו סנאן,ממלכתי,דרוזי,2024,פיסיקה,5,26,88.08,248559
west,אבו-סלים סלמאן אלשיך,אבו סנאן,ממלכתי,דרוזי,2024,תשתיות מחשוב ותקשוב,3,12,70.92,248559
west,"מקיף בית ג'ן חט""ב המ",בית ג'ן,ממלכתי,דרוזי,2024,אזרחות,2,173,73.02,248179
west,"מקיף בית ג'ן חט""ב המ",בית ג'ן,ממלכתי,דרוזי,2024,אלקטרוניקה ומחשבים,5,52,70.77,248179
west,"מקיף בית ג'ן חט""ב המ",בית ג'ן,ממלכתי,דרוזי,2024,אנגלית,3,48,69.5,248179
west,"מקיף בית ג'ן חט""ב המ",בית ג'ן,ממלכתי,דרוזי,2024,אנגלית,4,48,72.29,248179
west,"מקיף בית ג'ן חט""ב המ",בית ג'ן,ממלכתי,דרוזי,2024,אנגלית,5,76,80.45,248179
west,"מקיף בית ג'ן חט""ב המ",בית ג'ן,ממלכתי,דרוזי,2024,ביולוגיה,5,17,72.88,248179
west,"מקיף בית ג'ן חט""ב המ",בית ג'ן,ממלכתי,דרוזי,2024,הסטוריה - בי'ס דרוזי,2,173,84.07,248179
west,"מקיף בית ג'ן חט""ב המ",בית ג'ן,ממלכתי,דרוזי,2024,חשבונאות,5,20,68,248179
west,"מקיף בית ג'ן חט""ב המ",בית ג'ן,ממלכתי,דרוזי,2024,ישומים בביוטכנולוגיה,5,25,81.32,248179
west,"מקיף בית ג'ן חט""ב המ",בית ג'ן,ממלכתי,דרוזי,2024,מדע וטכנולוגיה לכל,5,91,80.45,248179
west,"מקיף בית ג'ן חט""ב המ",בית ג'ן,ממלכתי,דרוזי,2024,מנהל וכלכלה,5,33,76.27,248179
west,"מקיף בית ג'ן חט""ב המ",בית ג'ן,ממלכתי,דרוזי,2024,מערכות אלקטרוניות,3,22,71.41,248179
west,"מקיף בית ג'ן חט""ב המ",בית ג'ן,ממלכתי,דרוזי,2024,מערכות אלקטרוניות,5,35,75.69,248179
west,"מקיף בית ג'ן חט""ב המ",בית ג'ן,ממלכתי,דרוזי,2024,מערכות ביוטכנולוגיה,5,24,74.17,248179
west,"מקיף בית ג'ן חט""ב המ",בית ג'ן,ממלכתי,דרוזי,2024,מערכות פקוד ובקרה,3,14,68.79,248179
west,"מקיף בית ג'ן חט""ב המ",בית ג'ן,ממלכתי,דרוזי,2024,מתמטיקה,3,96,72.9,248179
west,"מקיף בית ג'ן חט""ב המ",בית ג'ן,ממלכתי,דרוזי,2024,מתמטיקה,4,55,73.55,248179
west,"מקיף בית ג'ן חט""ב המ",בית ג'ן,ממלכתי,דרוזי,2024,מתמטיקה,5,18,71.78,248179
west,"מקיף בית ג'ן חט""ב המ",בית ג'ן,ממלכתי,דרוזי,2024,ניהול משאבי אנוש,3,25,79.24,248179
west,"מקיף בית ג'ן חט""ב המ",בית ג'ן,ממלכתי,דרוזי,2024,עברית בחינוך הדרוזי,3,98,61.92,248179
west,"מקיף בית ג'ן חט""ב המ",בית ג'ן,ממלכתי,דרוזי,2024,עברית בחינוך הדרוזי,5,75,85.93,248179
west,"מקיף בית ג'ן חט""ב המ",בית ג'ן,ממלכתי,דרוזי,2024,ערבית לדרוזים,3,88,66.73,248179
west,"מקיף בית ג'ן חט""ב המ",בית ג'ן,ממלכתי,דרוזי,2024,ערבית לדרוזים,5,83,84.11,248179
west,"מקיף בית ג'ן חט""ב המ",בית ג'ן,ממלכתי,דרוזי,2024,פיסיקה,5,44,76.41,248179
west,מקיף גדידה,ג'דיידה-מכר,ממלכתי,ערבי,2024,אזרחות,2,235,81.31,248625
west,מקיף גדידה,ג'דיידה-מכר,ממלכתי,ערבי,2024,אלקטרוניקה ומחשבים,5,22,96.5,248625
west,מקיף גדידה,ג'דיידה-מכר,ממלכתי,ערבי,2024,אנגלית,3,49,65.63,248625
west,מקיף גדידה,ג'דיידה-מכר,ממלכתי,ערבי,2024,אנגלית,4,102,72.92,248625
west,מקיף גדידה,ג'דיידה-מכר,ממלכתי,ערבי,2024,אנגלית,5,72,87.44,248625
west,מקיף גדידה,ג'דיידה-מכר,ממלכתי,ערבי,2024,ביולוגיה,5,61,76.05,248625
west,מקיף גדידה,ג'דיידה-מכר,ממלכתי,ערבי,2024,הסטוריה - בי'ס ערבי,2,221,86.62,248625
west,מקיף גדידה,ג'דיידה-מכר,ממלכתי,ערבי,2024,הסטוריה - בי'ס ערבי,5,15,69.87,248625
west,מקיף גדידה,ג'דיידה-מכר,ממלכתי,ערבי,2024,חשבונאות,5,18,84.11,248625
west,מקיף גדידה,ג'דיידה-מכר,ממלכתי,ערבי,2024,כימיה,5,43,83.81,248625
west,מקיף גדידה,ג'דיידה-מכר,ממלכתי,ערבי,2024,מדעי הבריאות,5,20,86.4,248625
west,מקיף גדידה,ג'דיידה-מכר,ממלכתי,ערבי,2024,מדעי לימודי הסביבה,5,47,73.21,248625
west,מקיף גדידה,ג'דיידה-מכר,ממלכתי,ערבי,2024,מנהל וכלכלה,5,33,76.97,248625
west,מקיף גדידה,ג'דיידה-מכר,ממלכתי,ערבי,2024,מערכות אלקטרוניות,5,22,99.14,248625
west,מקיף גדידה,ג'דיידה-מכר,ממלכתי,ערבי,2024,מערכות תקשוב,5,20,61.45,248625
west,מקיף גדידה,ג'דיידה-מכר,ממלכתי,ערבי,2024,מתמטיקה,3,124,70.57,248625
west,מקיף גדידה,ג'דיידה-מכר,ממלכתי,ערבי,2024,מתמטיקה,4,57,83.67,248625
west,מקיף גדידה,ג'דיידה-מכר,ממלכתי,ערבי,2024,מתמטיקה,5,30,82.2,248625
west,מקיף גדידה,ג'דיידה-מכר,ממלכתי,ערבי,2024,עברית בחינוך הערבי,3,136,69.66,248625
west,מקיף גדידה,ג'דיידה-מכר,ממלכתי,ערבי,2024,עברית בחינוך הערבי,5,87,86.61,248625
west,מקיף גדידה,ג'דיידה-מכר,ממלכתי,ערבי,2024,ערבית לערבים,3,186,76.68,248625
west,מקיף גדידה,ג'דיידה-מכר,ממלכתי,ערבי,2024,ערבית לערבים,5,35,84.8,248625
west,מקיף גדידה,ג'דיידה-מכר,ממלכתי,ערבי,2024,פיסיקה,5,29,86.72,248625
west,מקיף גדידה,ג'דיידה-מכר,ממלכתי,ערבי,2024,שווק וקדום מכירות,3,14,85.79,248625
west,מקיף גדידה,ג'דיידה-מכר,ממלכתי,ערבי,2024,תשתיות מחשוב ותקשוב,5,16,63.38,248625
west,"חט""ע מכר-ג'דידה",ג'דיידה-מכר,ממלכתי,ערבי,2024,אזרחות,2,74,83.19,248757
west,"חט""ע מכר-ג'דידה",ג'דיידה-מכר,ממלכתי,ערבי,2024,אנגלית,3,16,79.19,248757
west,"חט""ע מכר-ג'דידה",ג'דיידה-מכר,ממלכתי,ערבי,2024,אנגלית,4,29,77.45,248757
west,"חט""ע מכר-ג'דידה",ג'דיידה-מכר,ממלכתי,ערבי,2024,אנגלית,5,28,88.43,248757
west,"חט""ע מכר-ג'דידה",ג'דיידה-מכר,ממלכתי,ערבי,2024,ביולוגיה,5,37,70.7,248757
west,"חט""ע מכר-ג'דידה",ג'דיידה-מכר,ממלכתי,ערבי,2024,הסטוריה - בי'ס ערבי,2,74,95.47,248757
west,"חט""ע מכר-ג'דידה",ג'דיידה-מכר,ממלכתי,ערבי,2024,כימיה,5,24,72.46,248757
west,"חט""ע מכר-ג'דידה",ג'דיידה-מכר,ממלכתי,ערבי,2024,מדעי לימודי הסביבה,5,39,81.21,248757
west,"חט""ע מכר-ג'דידה",ג'דיידה-מכר,ממלכתי,ערבי,2024,מתמטיקה,3,40,76.35,248757
west,"חט""ע מכר-ג'דידה",ג'דיידה-מכר,ממלכתי,ערבי,2024,מתמטיקה,4,26,82.96,248757
west,"חט""ע מכר-ג'דידה",ג'דיידה-מכר,ממלכתי,ערבי,2024,עברית בחינוך הערבי,3,35,72.11,248757
west,"חט""ע מכר-ג'דידה",ג'דיידה-מכר,ממלכתי,ערבי,2024,עברית בחינוך הערבי,5,37,79.49,248757
west,"חט""ע מכר-ג'דידה",ג'דיידה-מכר,ממלכתי,ערבי,2024,ערבית לערבים,3,73,80.23,248757
west,"חט""ע מכר-ג'דידה",ג'דיידה-מכר,ממלכתי,ערבי,2024,פיסיקה,5,15,71.6,248757
west,דרכא ג'וליס,ג'וליס,ממלכתי,דרוזי,2024,אזרחות,2,91,83.54,247833
west,דרכא ג'וליס,ג'וליס,ממלכתי,דרוזי,2024,אנגלית,3,14,64.79,247833
west,דרכא ג'וליס,ג'וליס,ממלכתי,דרוזי,2024,אנגלית,4,26,70.04,247833
west,דרכא ג'וליס,ג'וליס,ממלכתי,דרוזי,2024,אנגלית,5,50,83.5,247833
west,דרכא ג'וליס,ג'וליס,ממלכתי,דרוזי,2024,ביולוגיה,5,16,79.81,247833
west,דרכא ג'וליס,ג'וליס,ממלכתי,דרוזי,2024,הסטוריה - בי'ס דרוזי,2,91,88.36,247833
west,דרכא ג'וליס,ג'וליס,ממלכתי,דרוזי,2024,כימיה,5,19,77,247833
west,דרכא ג'וליס,ג'וליס,ממלכתי,דרוזי,2024,מדעי המחשב,5,20,80.15,247833
west,דרכא ג'וליס,ג'וליס,ממלכתי,דרוזי,2024,מדעי לימודי הסביבה,5,18,82.83,247833
west,דרכא ג'וליס,ג'וליס,ממלכתי,דרוזי,2024,מערכות תקשוב,5,20,69.15,247833
west,דרכא ג'וליס,ג'וליס,ממלכתי,דרוזי,2024,מתמטיקה,3,43,71.65,247833
west,דרכא ג'וליס,ג'וליס,ממלכתי,דרוזי,2024,מתמטיקה,4,29,83.38,247833
west,דרכא ג'וליס,ג'וליס,ממלכתי,דרוזי,2024,מתמטיקה,5,18,77.22,247833
west,דרכא ג'וליס,ג'וליס,ממלכתי,דרוזי,2024,עברית בחינוך הדרוזי,3,34,63.03,247833
west,דרכא ג'וליס,ג'וליס,ממלכתי,דרוזי,2024,עברית בחינוך הדרוזי,5,57,87.53,247833
west,דרכא ג'וליס,ג'וליס,ממלכתי,דרוזי,2024,ערבית לדרוזים,3,18,74.39,247833
west,דרכא ג'וליס,ג'וליס,ממלכתי,דרוזי,2024,ערבית לדרוזים,5,73,87.44,247833
west,דרכא ג'וליס,ג'וליס,ממלכתי,דרוזי,2024,פיסיקה,5,23,80.17,247833
west,דרכא ג'וליס,ג'וליס,ממלכתי,דרוזי,2024,תכנון ותכנות מערכות,5,19,95,247833
west,דרכא ג'וליס,ג'וליס,ממלכתי,דרוזי,2024,תקשורת )בנתיב העיוני,5,11,85.36,247833
west,דרכא ג'וליס,ג'וליס,ממלכתי,דרוזי,2024,תשתיות מחשוב ותקשוב,5,19,71.37,247833
west,מקיף שש - שנתי,חורפיש,ממלכתי,דרוזי,2024,אזרחות,2,107,75.29,249193
west,מקיף שש - שנתי,חורפיש,ממלכתי,דרוזי,2024,אנגלית,4,29,72.59,249193
west,מקיף שש - שנתי,חורפיש,ממלכתי,דרוזי,2024,אנגלית,5,69,86.12,249193
west,מקיף שש - שנתי,חורפיש,ממלכתי,דרוזי,2024,ביולוגיה,5,21,78.48,249193
west,מקיף שש - שנתי,חורפיש,ממלכתי,דרוזי,2024,בקרת מכונות,5,17,78.53,249193
west,מקיף שש - שנתי,חורפיש,ממלכתי,דרוזי,2024,הסטוריה - בי'ס דרוזי,2,102,88.83,249193
west,מקיף שש - שנתי,חורפיש,ממלכתי,דרוזי,2024,ישומים בביוטכנולוגיה,5,17,94.41,249193
west,מקיף שש - שנתי,חורפיש,ממלכתי,דרוזי,2024,מדעי המחשב,5,14,80.5,249193
west,מקיף שש - שנתי,חורפיש,ממלכתי,דרוזי,2024,מכטרוניקה,5,17,75.82,249193
west,מקיף שש - שנתי,חורפיש,ממלכתי,דרוזי,2024,מכניקה הנדסית,5,14,65.36,249193
west,מקיף שש - שנתי,חורפיש,ממלכתי,דרוזי,2024,מערכות ביוטכנולוגיה,5,16,77.56,249193
west,מקיף שש - שנתי,חורפיש,ממלכתי,דרוזי,2024,"מערכות תיב""מ",5,14,69.5,249193
west,מקיף שש - שנתי,חורפיש,ממלכתי,דרוזי,2024,מתמטיקה,3,52,65.85,249193
west,מקיף שש - שנתי,חורפיש,ממלכתי,דרוזי,2024,מתמטיקה,4,39,84.28,249193
west,מקיף שש - שנתי,חורפיש,ממלכתי,דרוזי,2024,מתמטיקה,5,16,75.69,249193
west,מקיף שש - שנתי,חורפיש,ממלכתי,דרוזי,2024,עברית בחינוך הדרוזי,3,40,71.72,249193
west,מקיף שש - שנתי,חורפיש,ממלכתי,דרוזי,2024,עברית בחינוך הדרוזי,5,67,82.73,249193
west,מקיף שש - שנתי,חורפיש,ממלכתי,דרוזי,2024,ערבית לדרוזים,3,34,67.41,249193
west,מקיף שש - שנתי,חורפיש,ממלכתי,דרוזי,2024,ערבית לדרוזים,5,73,85.26,249193
west,מקיף שש - שנתי,חורפיש,ממלכתי,דרוזי,2024,פיסיקה,5,25,85.2,249193
west,מקיף שש - שנתי,חורפיש,ממלכתי,דרוזי,2024,תכנון ותכנות מערכות,5,14,94.36,249193
west,מקיף שש - שנתי,חורפיש,ממלכתי,דרוזי,2024,תקשורת )בנתיב העיוני,5,29,80.9,249193
west,דרוזי מדעים ומנהיגות,ירכא,ממלכתי,דרוזי,2024,אזרחות,2,64,94.38,247387
west,דרוזי מדעים ומנהיגות,ירכא,ממלכתי,דרוזי,2024,אנגלית,5,64,95,247387
west,דרוזי מדעים ומנהיגות,ירכא,ממלכתי,דרוזי,2024,ביולוגיה,5,13,94.62,247387
west,דרוזי מדעים ומנהיגות,ירכא,ממלכתי,דרוזי,2024,הסטוריה - בי'ס דרוזי,2,58,99.88,247387
west,דרוזי מדעים ומנהיגות,ירכא,ממלכתי,דרוזי,2024,כימיה,5,30,93.03,247387
west,דרוזי מדעים ומנהיגות,ירכא,ממלכתי,דרוזי,2024,מדעי המחשב,5,30,81.77,247387
west,דרוזי מדעים ומנהיגות,ירכא,ממלכתי,דרוזי,2024,מתמטיקה,5,61,83.28,247387
west,דרוזי מדעים ומנהיגות,ירכא,ממלכתי,דרוזי,2024,עברית בחינוך הדרוזי,3,16,90.31,247387
west,דרוזי מדעים ומנהיגות,ירכא,ממלכתי,דרוזי,2024,עברית בחינוך הדרוזי,5,48,95.31,247387
west,דרוזי מדעים ומנהיגות,ירכא,ממלכתי,דרוזי,2024,ערבית לדרוזים,5,60,96.72,247387
west,דרוזי מדעים ומנהיגות,ירכא,ממלכתי,דרוזי,2024,פיסיקה,5,49,88.49,247387
west,דרוזי מדעים ומנהיגות,ירכא,ממלכתי,דרוזי,2024,תכנון ותכנות מערכות,5,21,96.52,247387
west,מקיף אחווה ירכא,ירכא,ממלכתי,דרוזי,2024,אזרחות,2,234,75.52,800060
west,מקיף אחווה ירכא,ירכא,ממלכתי,דרוזי,2024,אלקטרוניקה ומחשבים,5,21,74.43,800060
west,מקיף אחווה ירכא,ירכא,ממלכתי,דרוזי,2024,אמנות שימושית,5,24,57.46,800060
west,מקיף אחווה ירכא,ירכא,ממלכתי,דרוזי,2024,אנגלית,3,81,69.23,800060
west,מקיף אחווה ירכא,ירכא,ממלכתי,דרוזי,2024,אנגלית,4,62,69.42,800060
west,מקיף אחווה ירכא,ירכא,ממלכתי,דרוזי,2024,אנגלית,5,87,83.48,800060
west,מקיף אחווה ירכא,ירכא,ממלכתי,דרוזי,2024,ביולוגיה,5,37,83.86,800060
west,מקיף אחווה ירכא,ירכא,ממלכתי,דרוזי,2024,הסטוריה - בי'ס דרוזי,2,232,83.25,800060
west,מקיף אחווה ירכא,ירכא,ממלכתי,דרוזי,2024,חשבונאות,5,14,62.21,800060
west,מקיף אחווה ירכא,ירכא,ממלכתי,דרוזי,2024,מדעי לימודי הסביבה,5,24,75.63,800060
west,מקיף אחווה ירכא,ירכא,ממלכתי,דרוזי,2024,מנהל וכלכלה,5,57,70.39,800060
west,מקיף אחווה ירכא,ירכא,ממלכתי,דרוזי,2024,מערכות אלקטרוניות,5,44,88.27,800060
west,מקיף אחווה ירכא,ירכא,ממלכתי,דרוזי,2024,מערכות חשמל,5,23,81.52,800060
west,מקיף אחווה ירכא,ירכא,ממלכתי,דרוזי,2024,מערכות פקוד ובקרה,5,22,84.32,800060
west,מקיף אחווה ירכא,ירכא,ממלכתי,דרוזי,2024,מערכות תקשוב,5,34,66.03,800060
west,מקיף אחווה ירכא,ירכא,ממלכתי,דרוזי,2024,מתמטיקה,3,147,64.12,800060
west,מקיף אחווה ירכא,ירכא,ממלכתי,דרוזי,2024,מתמטיקה,4,61,77.51,800060
west,מקיף אחווה ירכא,ירכא,ממלכתי,דרוזי,2024,מתמטיקה,5,19,74.53,800060
west,מקיף אחווה ירכא,ירכא,ממלכתי,דרוזי,2024,ניהול משאבי אנוש,3,24,85.08,800060
west,מקיף אחווה ירכא,ירכא,ממלכתי,דרוזי,2024,עברית בחינוך הדרוזי,3,167,62.12,800060
west,מקיף אחווה ירכא,ירכא,ממלכתי,דרוזי,2024,עברית בחינוך הדרוזי,5,65,85.17,800060
west,מקיף אחווה ירכא,ירכא,ממלכתי,דרוזי,2024,עצוב,3,24,83.17,800060
west,מקיף אחווה ירכא,ירכא,ממלכתי,דרוזי,2024,ערבית לדרוזים,3,175,73.92,800060
west,מקיף אחווה ירכא,ירכא,ממלכתי,דרוזי,2024,ערבית לדרוזים,5,58,87.24,800060
west,מקיף אחווה ירכא,ירכא,ממלכתי,דרוזי,2024,פיסיקה,5,38,75.79,800060
west,מקיף אחווה ירכא,ירכא,ממלכתי,דרוזי,2024,שווק וקדום מכירות,3,18,74.67,800060
west,מקיף אחווה ירכא,ירכא,ממלכתי,דרוזי,2024,תשתיות מחשוב ותקשוב,5,34,81.32,800060
west,עמל כסרא סמיע,כסרא-סמיע,ממלכתי,דרוזי,2024,אזרחות,2,186,77.3,248336
west,עמל כסרא סמיע,כסרא-סמיע,ממלכתי,דרוזי,2024,אנגלית,3,45,68.96,248336
west,עמל כסרא סמיע,כסרא-סמיע,ממלכתי,דרוזי,2024,אנגלית,4,51,62.73,248336
west,עמל כסרא סמיע,כסרא-סמיע,ממלכתי,דרוזי,2024,אנגלית,5,87,79.86,248336
west,עמל כסרא סמיע,כסרא-סמיע,ממלכתי,דרוזי,2024,ביולוגיה,5,34,67.79,248336
west,עמל כסרא סמיע,כסרא-סמיע,ממלכתי,דרוזי,2024,הסטוריה - בי'ס דרוזי,2,186,82.72,248336
west,עמל כסרא סמיע,כסרא-סמיע,ממלכתי,דרוזי,2024,חשבונאות,5,16,70.69,248336
west,עמל כסרא סמיע,כסרא-סמיע,ממלכתי,דרוזי,2024,כימיה,5,70,72.27,248336
west,עמל כסרא סמיע,כסרא-סמיע,ממלכתי,דרוזי,2024,מדע וטכנולוגיה לכל,5,24,82.58,248336
west,עמל כסרא סמיע,כסרא-סמיע,ממלכתי,דרוזי,2024,מדעי המחשב,5,14,72.43,248336
west,עמל כסרא סמיע,כסרא-סמיע,ממלכתי,דרוזי,2024,מידע ונתונים,5,18,59.5,248336
west,עמל כסרא סמיע,כסרא-סמיע,ממלכתי,דרוזי,2024,מנהל וכלכלה,5,20,81.2,248336
west,עמל כסרא סמיע,כסרא-סמיע,ממלכתי,דרוזי,2024,מערכות רפואיות,5,13,82.46,248336
west,עמל כסרא סמיע,כסרא-סמיע,ממלכתי,דרוזי,2024,"מערכות תיב""מ",5,22,65.32,248336
west,עמל כסרא סמיע,כסרא-סמיע,ממלכתי,דרוזי,2024,מתמטיקה,3,111,61.06,248336
west,עמל כסרא סמיע,כסרא-סמיע,ממלכתי,דרוזי,2024,מתמטיקה,4,56,72.89,248336
west,עמל כסרא סמיע,כסרא-סמיע,ממלכתי,דרוזי,2024,מתמטיקה,5,14,81.14,248336
west,עמל כסרא סמיע,כסרא-סמיע,ממלכתי,דרוזי,2024,עברית בחינוך הדרוזי,3,106,61.27,248336
west,עמל כסרא סמיע,כסרא-סמיע,ממלכתי,דרוזי,2024,עברית בחינוך הדרוזי,5,78,84.63,248336
west,עמל כסרא סמיע,כסרא-סמיע,ממלכתי,דרוזי,2024,ערבית לדרוזים,3,89,68.53,248336
west,עמל כסרא סמיע,כסרא-סמיע,ממלכתי,דרוזי,2024,ערבית לדרוזים,5,95,83.97,248336
west,עמל כסרא סמיע,כסרא-סמיע,ממלכתי,דרוזי,2024,פיסיקה,5,23,81.61,248336
west,אמירים כפר ורדים,כפר ורדים,ממלכתי,יהודי,2024,אומנות,5,22,85.82,244483
west,אמירים כפר ורדים,כפר ורדים,ממלכתי,יהודי,2024,אזרחות,2,92,80.51,244483
west,אמירים כפר ורדים,כפר ורדים,ממלכתי,יהודי,2024,אנגלית,5,83,88.29,244483
west,אמירים כפר ורדים,כפר ורדים,ממלכתי,יהודי,2024,ביולוגיה,5,11,86.91,244483
west,אמירים כפר ורדים,כפר ורדים,ממלכתי,יהודי,2024,הסטוריה,2,91,83.57,244483
west,אמירים כפר ורדים,כפר ורדים,ממלכתי,יהודי,2024,כימיה,5,15,86.93,244483
west,אמירים כפר ורדים,כפר ורדים,ממלכתי,יהודי,2024,מדעי החברה,5,14,91.43,244483
west,אמירים כפר ורדים,כפר ורדים,ממלכתי,יהודי,2024,מדעי המחשב,5,13,87.54,244483
west,אמירים כפר ורדים,כפר ורדים,ממלכתי,יהודי,2024,מדעי לימודי הסביבה,5,15,79.87,244483
west,אמירים כפר ורדים,כפר ורדים,ממלכתי,יהודי,2024,מתמטיקה,3,32,85.03,244483
west,אמירים כפר ורדים,כפר ורדים,ממלכתי,יהודי,2024,מתמטיקה,4,33,88.48,244483
west,אמירים כפר ורדים,כפר ורדים,ממלכתי,יהודי,2024,מתמטיקה,5,25,88.36,244483
west,אמירים כפר ורדים,כפר ורדים,ממלכתי,יהודי,2024,ספרות,2,95,80.14,244483
west,אמירים כפר ורדים,כפר ורדים,ממלכתי,יהודי,2024,עברית )לשון והבעה(,2,93,80.33,244483
west,אמירים כפר ורדים,כפר ורדים,ממלכתי,יהודי,2024,פיסיקה,5,12,91.08,244483
west,אמירים כפר ורדים,כפר ורדים,ממלכתי,יהודי,2024,תאטרון,5,18,92.89,244483
west,אמירים כפר ורדים,כפר ורדים,ממלכתי,יהודי,2024,תנ'ך,2,83,84.51,244483
west,אמירים כפר ורדים,כפר ורדים,ממלכתי,יהודי,2024,תנ'ך,5,11,87.91,244483
west,ניסויי על איזורי תפן,כפר ורדים,ממלכתי,יהודי,2024,אזרחות,2,53,79.49,349928
west,ניסויי על איזורי תפן,כפר ורדים,ממלכתי,יהודי,2024,אנגלית,5,45,87.13,349928
west,ניסויי על איזורי תפן,כפר ורדים,ממלכתי,יהודי,2024,ביולוגיה,5,19,90.63,349928
west,ניסויי על איזורי תפן,כפר ורדים,ממלכתי,יהודי,2024,הסטוריה,2,50,78.34,349928
west,ניסויי על איזורי תפן,כפר ורדים,ממלכתי,יהודי,2024,מוסיקה,5,11,90.91,349928
west,ניסויי על איזורי תפן,כפר ורדים,ממלכתי,יהודי,2024,מתמטיקה,3,26,85.73,349928
west,ניסויי על איזורי תפן,כפר ורדים,ממלכתי,יהודי,2024,מתמטיקה,4,15,89.27,349928
west,ניסויי על איזורי תפן,כפר ורדים,ממלכתי,יהודי,2024,מתמטיקה,5,11,90.45,349928
west,ניסויי על איזורי תפן,כפר ורדים,ממלכתי,יהודי,2024,ספרות,2,46,78.24,349928
west,ניסויי על איזורי תפן,כפר ורדים,ממלכתי,יהודי,2024,עברית )לשון והבעה(,2,51,76.94,349928
west,ניסויי על איזורי תפן,כפר ורדים,ממלכתי,יהודי,2024,תיירות,5,12,77,349928
west,ניסויי על איזורי תפן,כפר ורדים,ממלכתי,יהודי,2024,תנ'ך,2,49,81.16,349928
west,"מקיף ע""ש יני",כפר יאסיף,ממלכתי,ערבי,2024,אזרחות,2,188,76.47,248013
west,"מקיף ע""ש יני",כפר יאסיף,ממלכתי,ערבי,2024,אנגלית,3,51,71.37,248013
west,"מקיף ע""ש יני",כפר יאסיף,ממלכתי,ערבי,2024,אנגלית,4,57,80.35,248013
west,"מקיף ע""ש יני",כפר יאסיף,ממלכתי,ערבי,2024,אנגלית,5,75,92.05,248013
west,"מקיף ע""ש יני",כפר יאסיף,ממלכתי,ערבי,2024,ביולוגיה,5,30,75.9,248013
west,"מקיף ע""ש יני",כפר יאסיף,ממלכתי,ערבי,2024,הסטוריה - בי'ס ערבי,2,191,91.97,248013
west,"מקיף ע""ש יני",כפר יאסיף,ממלכתי,ערבי,2024,ישומים בביוטכנולוגיה,5,21,90.95,248013
west,"מקיף ע""ש יני",כפר יאסיף,ממלכתי,ערבי,2024,כימיה,5,42,82.29,248013
west,"מקיף ע""ש יני",כפר יאסיף,ממלכתי,ערבי,2024,מדעי המחשב,5,36,88.33,248013
west,"מקיף ע""ש יני",כפר יאסיף,ממלכתי,ערבי,2024,מדעי לימודי הסביבה,5,66,79.71,248013
west,"מקיף ע""ש יני",כפר יאסיף,ממלכתי,ערבי,2024,מערכות ביוטכנולוגיה,5,21,86.81,248013
west,"מקיף ע""ש יני",כפר יאסיף,ממלכתי,ערבי,2024,מתמטיקה,3,104,70.54,248013
west,"מקיף ע""ש יני",כפר יאסיף,ממלכתי,ערבי,2024,מתמטיקה,4,50,87.16,248013
west,"מקיף ע""ש יני",כפר יאסיף,ממלכתי,ערבי,2024,מתמטיקה,5,29,89.55,248013
west,"מקיף ע""ש יני",כפר יאסיף,ממלכתי,ערבי,2024,עברית בחינוך הערבי,3,155,80.28,248013
west,"מקיף ע""ש יני",כפר יאסיף,ממלכתי,ערבי,2024,עברית בחינוך הערבי,5,28,92.75,248013
west,"מקיף ע""ש יני",כפר יאסיף,ממלכתי,ערבי,2024,ערבית לערבים,3,171,79.36,248013
west,"מקיף ע""ש יני",כפר יאסיף,ממלכתי,ערבי,2024,ערבית לערבים,5,12,95,248013
west,"מקיף ע""ש יני",כפר יאסיף,ממלכתי,ערבי,2024,פיסיקה,5,53,86.38,248013
west,"מקיף ע""ש יני",כפר יאסיף,ממלכתי,ערבי,2024,תכנון ותכנות מערכות,5,52,96.42,248013
west,נירים,מטה אשר,ממלכתי,יהודי,2024,אזרחות,2,23,84.17,240820
west,נירים,מטה אשר,ממלכתי,יהודי,2024,אנגלית,5,12,84.92,240820
west,נירים,מטה אשר,ממלכתי,יהודי,2024,הסטוריה,2,25,70.28,240820
west,נירים,מטה אשר,ממלכתי,יהודי,2024,מדעי לימודי הסביבה,5,11,76.27,240820
west,נירים,מטה אשר,ממלכתי,יהודי,2024,מערכות תקשוב,5,13,84.31,240820
west,נירים,מטה אשר,ממלכתי,יהודי,2024,מתמטיקה,3,21,70.81,240820
west,נירים,מטה אשר,ממלכתי,יהודי,2024,ספרות,2,24,83,240820
west,נירים,מטה אשר,ממלכתי,יהודי,2024,עברית )לשון והבעה(,2,25,80.4,240820
west,נירים,מטה אשר,ממלכתי,יהודי,2024,תנ'ך,2,27,83,240820
west,"בי""ס מקיף השלום דנון",מטה אשר,ממלכתי,ערבי,2024,אזרחות,2,96,72.46,247221
west,"בי""ס מקיף השלום דנון",מטה אשר,ממלכתי,ערבי,2024,אנגלית,3,34,72.06,247221
west,"בי""ס מקיף השלום דנון",מטה אשר,ממלכתי,ערבי,2024,אנגלית,4,23,68.83,247221
west,"בי""ס מקיף השלום דנון",מטה אשר,ממלכתי,ערבי,2024,אנגלית,5,32,81.47,247221
west,"בי""ס מקיף השלום דנון",מטה אשר,ממלכתי,ערבי,2024,ביולוגיה,5,16,81.19,247221
west,"בי""ס מקיף השלום דנון",מטה אשר,ממלכתי,ערבי,2024,הסטוריה - בי'ס ערבי,2,72,77.1,247221
west,"בי""ס מקיף השלום דנון",מטה אשר,ממלכתי,ערבי,2024,הסטוריה - בי'ס ערבי,5,24,72.13,247221
west,"בי""ס מקיף השלום דנון",מטה אשר,ממלכתי,ערבי,2024,הפקות בתקשורת,3,16,71.5,247221
west,"בי""ס מקיף השלום דנון",מטה אשר,ממלכתי,ערבי,2024,כימיה,5,16,78.25,247221
west,"בי""ס מקיף השלום דנון",מטה אשר,ממלכתי,ערבי,2024,מערכות תקשוב,5,18,60.94,247221
west,"בי""ס מקיף השלום דנון",מטה אשר,ממלכתי,ערבי,2024,מתמטיקה,3,58,65.31,247221
west,"בי""ס מקיף השלום דנון",מטה אשר,ממלכתי,ערבי,2024,מתמטיקה,4,17,81.53,247221
west,"בי""ס מקיף השלום דנון",מטה אשר,ממלכתי,ערבי,2024,עברית בחינוך הערבי,3,88,73.13,247221
west,"בי""ס מקיף השלום דנון",מטה אשר,ממלכתי,ערבי,2024,ערבית לערבים,3,66,68.18,247221
west,"בי""ס מקיף השלום דנון",מטה אשר,ממלכתי,ערבי,2024,ערבית לערבים,5,21,87.29,247221
west,"בי""ס מקיף השלום דנון",מטה אשר,ממלכתי,ערבי,2024,תאטרון,5,23,81.39,247221
west,"בי""ס מקיף השלום דנון",מטה אשר,ממלכתי,ערבי,2024,תקשורת וחברה,5,16,89.69,247221
west,"בי""ס מקיף השלום דנון",מטה אשר,ממלכתי,ערבי,2024,תשתיות מחשוב ותקשוב,5,21,80.52,247221
west,נוטרדאם,מעיליא,ממלכתי,ערבי,2024,אזרחות,2,106,91.01,248823
west,נוטרדאם,מעיליא,ממלכתי,ערבי,2024,אנגלית,4,33,81.12,248823
west,נוטרדאם,מעיליא,ממלכתי,ערבי,2024,אנגלית,5,63,94.43,248823
west,נוטרדאם,מעיליא,ממלכתי,ערבי,2024,ביולוגיה,5,28,82.61,248823
west,נוטרדאם,מעיליא,ממלכתי,ערבי,2024,בקרת מכונות,5,36,91.75,248823
west,נוטרדאם,מעיליא,ממלכתי,ערבי,2024,הסטוריה - בי'ס ערבי,2,106,91.12,248823
west,נוטרדאם,מעיליא,ממלכתי,ערבי,2024,כימיה,5,38,92.84,248823
west,נוטרדאם,מעיליא,ממלכתי,ערבי,2024,מדעי לימודי הסביבה,5,28,93.89,248823
west,נוטרדאם,מעיליא,ממלכתי,ערבי,2024,מכטרוניקה,5,36,86.72,248823
west,נוטרדאם,מעיליא,ממלכתי,ערבי,2024,מנהל וכלכלה,5,18,75.39,248823
west,נוטרדאם,מעיליא,ממלכתי,ערבי,2024,מתמטיקה,3,29,86.72,248823
west,נוטרדאם,מעיליא,ממלכתי,ערבי,2024,מתמטיקה,4,37,92.89,248823
west,נוטרדאם,מעיליא,ממלכתי,ערבי,2024,מתמטיקה,5,34,91.91,248823
west,נוטרדאם,מעיליא,ממלכתי,ערבי,2024,ניהול משאבי אנוש,3,18,73.28,248823
west,נוטרדאם,מעיליא,ממלכתי,ערבי,2024,עברית בחינוך הערבי,3,68,77.32,248823
west,נוטרדאם,מעיליא,ממלכתי,ערבי,2024,עברית בחינוך הערבי,5,36,93.36,248823
west,נוטרדאם,מעיליא,ממלכתי,ערבי,2024,ערבית לערבים,3,95,86.34,248823
west,נוטרדאם,מעיליא,ממלכתי,ערבי,2024,פיסיקה,5,49,91.12,248823
west,מקיף אורט מעלות,מעלות-תרשיחא,ממלכתי,יהודי,2024,אזרחות,2,101,77.71,240465
west,מקיף אורט מעלות,מעלות-תרשיחא,ממלכתי,יהודי,2024,אלקטרוניקה ומחשבים,5,17,80.41,240465
west,מקיף אורט מעלות,מעלות-תרשיחא,ממלכתי,יהודי,2024,אמנות שימושית,5,13,82.92,240465
west,מקיף אורט מעלות,מעלות-תרשיחא,ממלכתי,יהודי,2024,אנגלית,3,20,70.9,240465
west,מקיף אורט מעלות,מעלות-תרשיחא,ממלכתי,יהודי,2024,אנגלית,4,22,71.45,240465
west,מקיף אורט מעלות,מעלות-תרשיחא,ממלכתי,יהודי,2024,אנגלית,5,59,85.53,240465
west,מקיף אורט מעלות,מעלות-תרשיחא,ממלכתי,יהודי,2024,ביולוגיה,5,30,76.6,240465
west,מקיף אורט מעלות,מעלות-תרשיחא,ממלכתי,יהודי,2024,הסטוריה,2,97,73.94,240465
west,מקיף אורט מעלות,מעלות-תרשיחא,ממלכתי,יהודי,2024,חנוך גופני,5,12,64.25,240465
west,מקיף אורט מעלות,מעלות-תרשיחא,ממלכתי,יהודי,2024,ישומים בביוטכנולוגיה,5,20,86.9,240465
west,מקיף אורט מעלות,מעלות-תרשיחא,ממלכתי,יהודי,2024,מנהל תיירותי,3,11,82.27,240465
west,מקיף אורט מעלות,מעלות-תרשיחא,ממלכתי,יהודי,2024,מערכות אלקטרוניות,5,13,95.54,240465
west,מקיף אורט מעלות,מעלות-תרשיחא,ממלכתי,יהודי,2024,מערכות ביוטכנולוגיה,5,20,84.1,240465
west,מקיף אורט מעלות,מעלות-תרשיחא,ממלכתי,יהודי,2024,מתמטיקה,3,53,75.72,240465
west,מקיף אורט מעלות,מעלות-תרשיחא,ממלכתי,יהודי,2024,מתמטיקה,4,25,77.84,240465
west,מקיף אורט מעלות,מעלות-תרשיחא,ממלכתי,יהודי,2024,מתמטיקה,5,18,78.72,240465
west,מקיף אורט מעלות,מעלות-תרשיחא,ממלכתי,יהודי,2024,ספרות,2,97,75.3,240465
west,מקיף אורט מעלות,מעלות-תרשיחא,ממלכתי,יהודי,2024,עברית )לשון והבעה(,2,100,71.5,240465
west,מקיף אורט מעלות,מעלות-תרשיחא,ממלכתי,יהודי,2024,פיסיקה,5,17,83.53,240465
west,מקיף אורט מעלות,מעלות-תרשיחא,ממלכתי,יהודי,2024,תיירות,5,23,63.43,240465
west,מקיף אורט מעלות,מעלות-תרשיחא,ממלכתי,יהודי,2024,תנ'ך,2,93,73.58,240465
west,אולפנת צביה מעלות,מעלות-תרשיחא,ממלכתי דתי,יהודי,2024,אזרחות,2,50,81.78,244111
west,אולפנת צביה מעלות,מעלות-תרשיחא,ממלכתי דתי,יהודי,2024,אנגלית,4,21,77.05,244111
west,אולפנת צביה מעלות,מעלות-תרשיחא,ממלכתי דתי,יהודי,2024,אנגלית,5,24,89.42,244111
west,אולפנת צביה מעלות,מעלות-תרשיחא,ממלכתי דתי,יהודי,2024,הסטוריה,2,50,84.18,244111
west,אולפנת צביה מעלות,מעלות-תרשיחא,ממלכתי דתי,יהודי,2024,מדעי החברה,5,16,86.13,244111
west,אולפנת צביה מעלות,מעלות-תרשיחא,ממלכתי דתי,יהודי,2024,מחשבת ישראל וספרות,2,50,87.06,244111
west,אולפנת צביה מעלות,מעלות-תרשיחא,ממלכתי דתי,יהודי,2024,מתמטיקה,3,24,80.21,244111
west,אולפנת צביה מעלות,מעלות-תרשיחא,ממלכתי דתי,יהודי,2024,מתמטיקה,4,17,84.18,244111
west,אולפנת צביה מעלות,מעלות-תרשיחא,ממלכתי דתי,יהודי,2024,עברית )לשון והבעה(,2,49,80.47,244111
west,אולפנת צביה מעלות,מעלות-תרשיחא,ממלכתי דתי,יהודי,2024,עצוב,5,40,87.3,244111
west,אולפנת צביה מעלות,מעלות-תרשיחא,ממלכתי דתי,יהודי,2024,פיסיקה,5,12,85.17,244111
west,אולפנת צביה מעלות,מעלות-תרשיחא,ממלכתי דתי,יהודי,2024,תאטרון,5,12,95.75,244111
west,אולפנת צביה מעלות,מעלות-תרשיחא,ממלכתי דתי,יהודי,2024,תושבע'פ ותלמוד,5,43,86.09,244111
west,אולפנת צביה מעלות,מעלות-תרשיחא,ממלכתי דתי,יהודי,2024,תנ'ך,5,48,82.83,244111
west,מקיף תרשיחא,מעלות-תרשיחא,ממלכתי,ערבי,2024,אזרחות,2,102,85.05,248062
west,מקיף תרשיחא,מעלות-תרשיחא,ממלכתי,ערבי,2024,אלקטרוניקה ומחשבים,5,14,97.64,248062
west,מקיף תרשיחא,מעלות-תרשיחא,ממלכתי,ערבי,2024,אנגלית,3,26,69.19,248062
west,מקיף תרשיחא,מעלות-תרשיחא,ממלכתי,ערבי,2024,אנגלית,5,64,87.22,248062
west,מקיף תרשיחא,מעלות-תרשיחא,ממלכתי,ערבי,2024,ביולוגיה,5,24,82.21,248062
west,מקיף תרשיחא,מעלות-תרשיחא,ממלכתי,ערבי,2024,הסטוריה - בי'ס ערבי,2,99,96.73,248062
west,מקיף תרשיחא,מעלות-תרשיחא,ממלכתי,ערבי,2024,ישומים בביוטכנולוגיה,5,22,89.91,248062
west,מקיף תרשיחא,מעלות-תרשיחא,ממלכתי,ערבי,2024,כימיה,5,25,87.6,248062
west,מקיף תרשיחא,מעלות-תרשיחא,ממלכתי,ערבי,2024,מכניקה הנדסית,5,20,72.55,248062
west,מקיף תרשיחא,מעלות-תרשיחא,ממלכתי,ערבי,2024,מנהל וכלכלה,5,13,71.08,248062
west,מקיף תרשיחא,מעלות-תרשיחא,ממלכתי,ערבי,2024,מערכות אלקטרוניות,5,14,99.57,248062
west,מקיף תרשיחא,מעלות-תרשיחא,ממלכתי,ערבי,2024,מערכות ביוטכנולוגיה,5,20,76.9,248062
west,מקיף תרשיחא,מעלות-תרשיחא,ממלכתי,ערבי,2024,"מערכות תיב""מ",5,20,66.8,248062
west,מקיף תרשיחא,מעלות-תרשיחא,ממלכתי,ערבי,2024,מתמטיקה,3,50,75.84,248062
west,מקיף תרשיחא,מעלות-תרשיחא,ממלכתי,ערבי,2024,מתמטיקה,4,23,90,248062
west,מקיף תרשיחא,מעלות-תרשיחא,ממלכתי,ערבי,2024,מתמטיקה,5,18,88.94,248062
west,מקיף תרשיחא,מעלות-תרשיחא,ממלכתי,ערבי,2024,עברית בחינוך הערבי,3,101,84.53,248062
west,מקיף תרשיחא,מעלות-תרשיחא,ממלכתי,ערבי,2024,ערבית לערבים,3,102,82.87,248062
west,מקיף תרשיחא,מעלות-תרשיחא,ממלכתי,ערבי,2024,פיסיקה,5,30,91.57,248062
west,ישיבה תיכונית,מעלות-תרשיחא,ממלכתי דתי,יהודי,2024,אזרחות,2,28,80.39,460691
west,ישיבה תיכונית,מעלות-תרשיחא,ממלכתי דתי,יהודי,2024,אנגלית,5,17,91,460691
west,ישיבה תיכונית,מעלות-תרשיחא,ממלכתי דתי,יהודי,2024,הסטוריה,2,28,79.82,460691
west,ישיבה תיכונית,מעלות-תרשיחא,ממלכתי דתי,יהודי,2024,הפקות בתקשורת,5,11,72.64,460691
west,ישיבה תיכונית,מעלות-תרשיחא,ממלכתי דתי,יהודי,2024,מחשבת ישראל וספרות,2,28,75.96,460691
west,ישיבה תיכונית,מעלות-תרשיחא,ממלכתי דתי,יהודי,2024,מתמטיקה,3,11,91.91,460691
west,ישיבה תיכונית,מעלות-תרשיחא,ממלכתי דתי,יהודי,2024,עברית )לשון והבעה(,2,28,78.11,460691
west,ישיבה תיכונית,מעלות-תרשיחא,ממלכתי דתי,יהודי,2024,פיסיקה,5,12,86.83,460691
west,ישיבה תיכונית,מעלות-תרשיחא,ממלכתי דתי,יהודי,2024,תושבע'פ ותלמוד,5,28,82.18,460691
west,ישיבה תיכונית,מעלות-תרשיחא,ממלכתי דתי,יהודי,2024,תנ'ך,3,13,79,460691
west,ישיבה תיכונית,מעלות-תרשיחא,ממלכתי דתי,יהודי,2024,תנ'ך,5,15,85.4,460691
west,ישיבה תיכונית,מעלות-תרשיחא,ממלכתי דתי,יהודי,2024,תקשורת וחברה,5,11,74.18,460691
west,ישיבת אביר יעקב,נהריה,ממלכתי דתי,יהודי,2024,אזרחות,2,31,80.68,214098
west,ישיבת אביר יעקב,נהריה,ממלכתי דתי,יהודי,2024,אנגלית,5,21,86.52,214098
west,ישיבת אביר יעקב,נהריה,ממלכתי דתי,יהודי,2024,הסטוריה,2,31,78.74,214098
west,ישיבת אביר יעקב,נהריה,ממלכתי דתי,יהודי,2024,הפקות בתקשורת,3,12,76.67,214098
west,ישיבת אביר יעקב,נהריה,ממלכתי דתי,יהודי,2024,מחשבת ישראל וספרות,2,31,82.39,214098
west,ישיבת אביר יעקב,נהריה,ממלכתי דתי,יהודי,2024,מתמטיקה,4,16,72.56,214098
west,ישיבת אביר יעקב,נהריה,ממלכתי דתי,יהודי,2024,עברית )לשון והבעה(,2,31,73.19,214098
west,ישיבת אביר יעקב,נהריה,ממלכתי דתי,יהודי,2024,תושבע'פ ותלמוד,5,31,67.74,214098
west,ישיבת אביר יעקב,נהריה,ממלכתי דתי,יהודי,2024,תנ'ך,5,22,79,214098
west,ישיבת אביר יעקב,נהריה,ממלכתי דתי,יהודי,2024,תקשורת וחברה,5,13,69.62,214098
west,אורט אולפנת הראל,נהריה,ממלכתי דתי,יהודי,2024,אזרחות,2,33,78.21,240085
west,אורט אולפנת הראל,נהריה,ממלכתי דתי,יהודי,2024,אנגלית,4,13,75.15,240085
west,אורט אולפנת הראל,נהריה,ממלכתי דתי,יהודי,2024,אנגלית,5,16,89.75,240085
west,אורט אולפנת הראל,נהריה,ממלכתי דתי,יהודי,2024,הסטוריה,2,36,84.22,240085
west,אורט אולפנת הראל,נהריה,ממלכתי דתי,יהודי,2024,מחשבת ישראל וספרות,2,33,84.7,240085
west,אורט אולפנת הראל,נהריה,ממלכתי דתי,יהודי,2024,מתמטיקה,3,19,78.37,240085
west,אורט אולפנת הראל,נהריה,ממלכתי דתי,יהודי,2024,מתמטיקה,4,13,81.08,240085
west,אורט אולפנת הראל,נהריה,ממלכתי דתי,יהודי,2024,עברית )לשון והבעה(,2,34,76.82,240085
west,אורט אולפנת הראל,נהריה,ממלכתי דתי,יהודי,2024,תאטרון,5,14,92.64,240085
west,אורט אולפנת הראל,נהריה,ממלכתי דתי,יהודי,2024,תושבע'פ ותלמוד,5,26,84.23,240085
west,אורט אולפנת הראל,נהריה,ממלכתי דתי,יהודי,2024,תנ'ך,3,26,79.88,240085
west,אורט שחקים נהריה,נהריה,ממלכתי,יהודי,2024,אזרחות,2,221,77.31,244152
west,אורט שחקים נהריה,נהריה,ממלכתי,יהודי,2024,אלקטרוניקה ומחשבים,5,17,78.59,244152
west,אורט שחקים נהריה,נהריה,ממלכתי,יהודי,2024,אנגלית,3,32,80.19,244152
west,אורט שחקים נהריה,נהריה,ממלכתי,יהודי,2024,אנגלית,4,96,82.31,244152
west,אורט שחקים נהריה,נהריה,ממלכתי,יהודי,2024,אנגלית,5,88,88.43,244152
west,אורט שחקים נהריה,נהריה,ממלכתי,יהודי,2024,ביולוגיה,5,37,82.19,244152
west,אורט שחקים נהריה,נהריה,ממלכתי,יהודי,2024,גאוגרפיה,5,15,75.93,244152
west,אורט שחקים נהריה,נהריה,ממלכתי,יהודי,2024,הסטוריה,2,221,78.94,244152
west,אורט שחקים נהריה,נהריה,ממלכתי,יהודי,2024,הפקות בתקשורת,5,35,81.03,244152
west,אורט שחקים נהריה,נהריה,ממלכתי,יהודי,2024,מדעי הבריאות,5,20,83.8,244152
west,אורט שחקים נהריה,נהריה,ממלכתי,יהודי,2024,מדעי החברה,5,21,88.38,244152
west,אורט שחקים נהריה,נהריה,ממלכתי,יהודי,2024,מדעי המחשב,5,23,87.39,244152
west,אורט שחקים נהריה,נהריה,ממלכתי,יהודי,2024,מנהל וכלכלה,5,53,72.45,244152
west,אורט שחקים נהריה,נהריה,ממלכתי,יהודי,2024,מערכות אלקטרוניות,5,17,87.47,244152
west,אורט שחקים נהריה,נהריה,ממלכתי,יהודי,2024,מערכות חשמל,5,24,84.63,244152
west,אורט שחקים נהריה,נהריה,ממלכתי,יהודי,2024,מערכות פקוד ובקרה,5,24,83.58,244152
west,אורט שחקים נהריה,נהריה,ממלכתי,יהודי,2024,מערכות רפואיות,5,18,91.61,244152
west,אורט שחקים נהריה,נהריה,ממלכתי,יהודי,2024,מתמטיקה,3,117,79.39,244152
west,אורט שחקים נהריה,נהריה,ממלכתי,יהודי,2024,מתמטיקה,4,59,79.53,244152
west,אורט שחקים נהריה,נהריה,ממלכתי,יהודי,2024,מתמטיקה,5,37,79.68,244152
west,אורט שחקים נהריה,נהריה,ממלכתי,יהודי,2024,ניהול משאבי אנוש,3,30,78.8,244152
west,אורט שחקים נהריה,נהריה,ממלכתי,יהודי,2024,ספרות,2,221,82.39,244152
west,אורט שחקים נהריה,נהריה,ממלכתי,יהודי,2024,עברית )לשון והבעה(,2,218,76.85,244152
west,אורט שחקים נהריה,נהריה,ממלכתי,יהודי,2024,פיסיקה,5,29,85.52,244152
west,אורט שחקים נהריה,נהריה,ממלכתי,יהודי,2024,רוסית,5,16,94.5,244152
west,אורט שחקים נהריה,נהריה,ממלכתי,יהודי,2024,תכנון ותכנות מערכות,5,23,94.83,244152
west,אורט שחקים נהריה,נהריה,ממלכתי,יהודי,2024,תנ'ך,2,218,80.38,244152
west,אורט שחקים נהריה,נהריה,ממלכתי,יהודי,2024,תקשורת וחברה,5,35,78.51,244152
west,אורט מדעים ואומנויות,נהריה,ממלכתי,יהודי,2024,אזרחות,2,197,81.81,270298
west,אורט מדעים ואומנויות,נהריה,ממלכתי,יהודי,2024,אמנות שימושית,5,13,83.69,270298
west,אורט מדעים ואומנויות,נהריה,ממלכתי,יהודי,2024,אנגלית,3,28,83,270298
west,אורט מדעים ואומנויות,נהריה,ממלכתי,יהודי,2024,אנגלית,4,62,80.24,270298
west,אורט מדעים ואומנויות,נהריה,ממלכתי,יהודי,2024,אנגלית,5,102,90.88,270298
west,אורט מדעים ואומנויות,נהריה,ממלכתי,יהודי,2024,ביולוגיה,5,20,84.85,270298
west,אורט מדעים ואומנויות,נהריה,ממלכתי,יהודי,2024,גאוגרפיה,5,33,76.03,270298
west,אורט מדעים ואומנויות,נהריה,ממלכתי,יהודי,2024,הסטוריה,2,197,78.95,270298
west,אורט מדעים ואומנויות,נהריה,ממלכתי,יהודי,2024,כימיה,5,16,90.38,270298
west,אורט מדעים ואומנויות,נהריה,ממלכתי,יהודי,2024,מדעי החברה,5,82,78.05,270298
west,אורט מדעים ואומנויות,נהריה,ממלכתי,יהודי,2024,מדעי המחשב,5,21,84.52,270298
west,אורט מדעים ואומנויות,נהריה,ממלכתי,יהודי,2024,מידע ונתונים,5,16,78.19,270298
west,אורט מדעים ואומנויות,נהריה,ממלכתי,יהודי,2024,מתמטיקה,3,108,77.53,270298
west,אורט מדעים ואומנויות,נהריה,ממלכתי,יהודי,2024,מתמטיקה,4,44,84.32,270298
west,אורט מדעים ואומנויות,נהריה,ממלכתי,יהודי,2024,מתמטיקה,5,41,81.68,270298
west,אורט מדעים ואומנויות,נהריה,ממלכתי,יהודי,2024,ניהול הייצור,5,18,90.06,270298
west,אורט מדעים ואומנויות,נהריה,ממלכתי,יהודי,2024,ניהול התפעול,5,16,74.81,270298
west,אורט מדעים ואומנויות,נהריה,ממלכתי,יהודי,2024,ניתוח נתונים,5,14,87.71,270298
west,אורט מדעים ואומנויות,נהריה,ממלכתי,יהודי,2024,ספרות,2,204,75.8,270298
west,אורט מדעים ואומנויות,נהריה,ממלכתי,יהודי,2024,עברית )לשון והבעה(,2,188,76.81,270298
west,אורט מדעים ואומנויות,נהריה,ממלכתי,יהודי,2024,עצוב,5,11,85.36,270298
west,אורט מדעים ואומנויות,נהריה,ממלכתי,יהודי,2024,ערבית לבי'ס יהודי,5,12,89.08,270298
west,אורט מדעים ואומנויות,נהריה,ממלכתי,יהודי,2024,פיסיקה,5,25,89.84,270298
west,אורט מדעים ואומנויות,נהריה,ממלכתי,יהודי,2024,תאטרון,5,13,84.08,270298
west,אורט מדעים ואומנויות,נהריה,ממלכתי,יהודי,2024,תכנון ותכנות מערכות,5,25,87.88,270298
west,אורט מדעים ואומנויות,נהריה,ממלכתי,יהודי,2024,תנ'ך,2,181,75.61,270298
west,אורט מדעים ואומנויות,נהריה,ממלכתי,יהודי,2024,תקשורת בינלאומית באנ,5,18,82.94,270298
west,"אורט מח""ט פסגות",נהריה,ממלכתי,יהודי,2024,אזרחות,2,43,63.67,370569
west,"אורט מח""ט פסגות",נהריה,ממלכתי,יהודי,2024,אנגלית,3,40,74.32,370569
west,"אורט מח""ט פסגות",נהריה,ממלכתי,יהודי,2024,אנגלית,4,11,79.09,370569
west,"אורט מח""ט פסגות",נהריה,ממלכתי,יהודי,2024,הסטוריה,2,49,67.9,370569
west,"אורט מח""ט פסגות",נהריה,ממלכתי,יהודי,2024,מכניקה הנדסית,5,11,64.82,370569
west,"אורט מח""ט פסגות",נהריה,ממלכתי,יהודי,2024,מנהל וכלכלה,5,23,63.7,370569
west,"אורט מח""ט פסגות",נהריה,ממלכתי,יהודי,2024,"מערכות תיב""מ",3,18,80,370569
west,"אורט מח""ט פסגות",נהריה,ממלכתי,יהודי,2024,מערכות תקשוב,5,15,58.67,370569
west,"אורט מח""ט פסגות",נהריה,ממלכתי,יהודי,2024,מתמטיקה,3,54,65.83,370569
west,"אורט מח""ט פסגות",נהריה,ממלכתי,יהודי,2024,ניהול משאבי אנוש,3,33,77.73,370569
west,"אורט מח""ט פסגות",נהריה,ממלכתי,יהודי,2024,ספרות,2,44,65,370569
west,"אורט מח""ט פסגות",נהריה,ממלכתי,יהודי,2024,עברית )לשון והבעה(,2,44,62.86,370569
west,"אורט מח""ט פסגות",נהריה,ממלכתי,יהודי,2024,תנ'ך,2,43,73.51,370569
west,"אורט מח""ט פסגות",נהריה,ממלכתי,יהודי,2024,תשתיות מחשוב ותקשוב,3,17,70.18,370569
west,"מקיף דתי אמי""ת קנדי",עכו,ממלכתי דתי,יהודי,2024,אזרחות,2,78,77.77,240036
west,"מקיף דתי אמי""ת קנדי",עכו,ממלכתי דתי,יהודי,2024,אנגלית,3,17,72.71,240036
west,"מקיף דתי אמי""ת קנדי",עכו,ממלכתי דתי,יהודי,2024,אנגלית,4,29,78.93,240036
west,"מקיף דתי אמי""ת קנדי",עכו,ממלכתי דתי,יהודי,2024,אנגלית,5,32,86.69,240036
west,"מקיף דתי אמי""ת קנדי",עכו,ממלכתי דתי,יהודי,2024,ביולוגיה,5,13,83.85,240036
west,"מקיף דתי אמי""ת קנדי",עכו,ממלכתי דתי,יהודי,2024,הסטוריה,2,79,77.09,240036
west,"מקיף דתי אמי""ת קנדי",עכו,ממלכתי דתי,יהודי,2024,הפקות בתקשורת,3,20,71.65,240036
west,"מקיף דתי אמי""ת קנדי",עכו,ממלכתי דתי,יהודי,2024,מחשבת ישראל וספרות,2,65,79.86,240036
west,"מקיף דתי אמי""ת קנדי",עכו,ממלכתי דתי,יהודי,2024,מתמטיקה,3,37,79.08,240036
west,"מקיף דתי אמי""ת קנדי",עכו,ממלכתי דתי,יהודי,2024,מתמטיקה,4,31,78.1,240036
west,"מקיף דתי אמי""ת קנדי",עכו,ממלכתי דתי,יהודי,2024,ספרות,5,12,84.67,240036
west,"מקיף דתי אמי""ת קנדי",עכו,ממלכתי דתי,יהודי,2024,עברית )לשון והבעה(,2,80,72.94,240036
west,"מקיף דתי אמי""ת קנדי",עכו,ממלכתי דתי,יהודי,2024,פיסיקה,5,12,94.5,240036
west,"מקיף דתי אמי""ת קנדי",עכו,ממלכתי דתי,יהודי,2024,תאטרון,5,11,84.45,240036
west,"מקיף דתי אמי""ת קנדי",עכו,ממלכתי דתי,יהודי,2024,תושבע'פ ותלמוד,3,75,80.57,240036
west,"מקיף דתי אמי""ת קנדי",עכו,ממלכתי דתי,יהודי,2024,תנ'ך,3,75,79.8,240036
west,"מקיף דתי אמי""ת קנדי",עכו,ממלכתי דתי,יהודי,2024,תקשורת וחברה,5,21,76.57,240036
west,טרה סנטה,עכו,ממלכתי,ערבי,2024,אזרחות,2,37,89.49,247015
west,טרה סנטה,עכו,ממלכתי,ערבי,2024,אלקטרוניקה ומחשבים,5,14,88.79,247015
west,טרה סנטה,עכו,ממלכתי,ערבי,2024,אנגלית,5,25,90.56,247015
west,טרה סנטה,עכו,ממלכתי,ערבי,2024,ביולוגיה,5,22,80.32,247015
west,טרה סנטה,עכו,ממלכתי,ערבי,2024,הסטוריה - בי'ס ערבי,2,37,95.86,247015
west,טרה סנטה,עכו,ממלכתי,ערבי,2024,כימיה,5,15,81.2,247015
west,טרה סנטה,עכו,ממלכתי,ערבי,2024,מערכות אלקטרוניות,5,14,97.29,247015
west,טרה סנטה,עכו,ממלכתי,ערבי,2024,מתמטיקה,4,16,91.5,247015
west,טרה סנטה,עכו,ממלכתי,ערבי,2024,מתמטיקה,5,11,92.18,247015
west,טרה סנטה,עכו,ממלכתי,ערבי,2024,עברית בחינוך הערבי,5,31,91.13,247015
west,טרה סנטה,עכו,ממלכתי,ערבי,2024,ערבית לערבים,3,37,88.16,247015
west,טרה סנטה,עכו,ממלכתי,ערבי,2024,פיסיקה,5,12,87.08,247015
west,מקיף ערבי,עכו,ממלכתי,ערבי,2024,אזרחות,2,124,79.75,278028
west,מקיף ערבי,עכו,ממלכתי,ערבי,2024,אלקטרוניקה ומחשבים,5,19,79,278028
west,מקיף ערבי,עכו,ממלכתי,ערבי,2024,אנגלית,3,46,76.8,278028
west,מקיף ערבי,עכו,ממלכתי,ערבי,2024,אנגלית,4,26,68.08,278028
west,מקיף ערבי,עכו,ממלכתי,ערבי,2024,אנגלית,5,48,81.94,278028
west,מקיף ערבי,עכו,ממלכתי,ערבי,2024,ביולוגיה,5,26,75.73,278028
west,מקיף ערבי,עכו,ממלכתי,ערבי,2024,הסטוריה - בי'ס ערבי,2,121,86.5,278028
west,מקיף ערבי,עכו,ממלכתי,ערבי,2024,כימיה,5,15,83.27,278028
west,מקיף ערבי,עכו,ממלכתי,ערבי,2024,מדעי החברה,5,21,84.1,278028
west,מקיף ערבי,עכו,ממלכתי,ערבי,2024,מכניקה הנדסית,5,21,86.9,278028
west,מקיף ערבי,עכו,ממלכתי,ערבי,2024,מערכות אלקטרוניות,3,19,95.95,278028
west,מקיף ערבי,עכו,ממלכתי,ערבי,2024,"מערכות תיב""מ",3,21,78.38,278028
west,מקיף ערבי,עכו,ממלכתי,ערבי,2024,מערכות תקשוב,5,12,71.08,278028
west,מקיף ערבי,עכו,ממלכתי,ערבי,2024,מתמטיקה,3,82,68.93,278028
west,מקיף ערבי,עכו,ממלכתי,ערבי,2024,מתמטיקה,4,25,83.68,278028
west,מקיף ערבי,עכו,ממלכתי,ערבי,2024,עברית בחינוך הערבי,3,93,77.72,278028
west,מקיף ערבי,עכו,ממלכתי,ערבי,2024,עברית בחינוך הערבי,5,27,86.7,278028
west,מקיף ערבי,עכו,ממלכתי,ערבי,2024,ערבית לערבים,3,98,73.78,278028
west,מקיף ערבי,עכו,ממלכתי,ערבי,2024,ערבית לערבים,5,20,90.35,278028
west,מקיף ערבי,עכו,ממלכתי,ערבי,2024,פיסיקה,5,11,84.09,278028
west,מרכז חינוך טכנולוגי,עכו,ממלכתי,ערבי,2024,אומניות הבשול המלונא,5,16,75.06,499624
west,מרכז חינוך טכנולוגי,עכו,ממלכתי,ערבי,2024,אזרחות,2,22,86.91,499624
west,מרכז חינוך טכנולוגי,עכו,ממלכתי,ערבי,2024,אנגלית,3,17,85.12,499624
west,מרכז חינוך טכנולוגי,עכו,ממלכתי,ערבי,2024,הסטוריה - בי'ס ערבי,2,23,75.96,499624
west,מרכז חינוך טכנולוגי,עכו,ממלכתי,ערבי,2024,מדעי התזונה,5,13,83,499624
west,מרכז חינוך טכנולוגי,עכו,ממלכתי,ערבי,2024,מתמטיקה,3,19,70.58,499624
west,מרכז חינוך טכנולוגי,עכו,ממלכתי,ערבי,2024,עברית בחינוך הערבי,3,20,76.4,499624
west,מרכז חינוך טכנולוגי,עכו,ממלכתי,ערבי,2024,ערבית לערבים,3,20,73.25,499624
west,"מח""ט אורט מרום עכו",עכו,ממלכתי,יהודי,2024,אזרחות,2,30,68.77,585851
west,"מח""ט אורט מרום עכו",עכו,ממלכתי,יהודי,2024,אמנות שימושית,5,12,65.75,585851
west,"מח""ט אורט מרום עכו",עכו,ממלכתי,יהודי,2024,אנגלית,3,23,75.48,585851
west,"מח""ט אורט מרום עכו",עכו,ממלכתי,יהודי,2024,הסטוריה,2,31,65.26,585851
west,"מח""ט אורט מרום עכו",עכו,ממלכתי,יהודי,2024,מערכות תקשוב,5,11,73.27,585851
west,"מח""ט אורט מרום עכו",עכו,ממלכתי,יהודי,2024,מתמטיקה,3,29,65.34,585851
west,"מח""ט אורט מרום עכו",עכו,ממלכתי,יהודי,2024,ספרות,2,28,69.14,585851
west,"מח""ט אורט מרום עכו",עכו,ממלכתי,יהודי,2024,עברית )לשון והבעה(,2,29,63.62,585851
west,"מח""ט אורט מרום עכו",עכו,ממלכתי,יהודי,2024,עצוב,3,13,82.23,585851
west,"מח""ט אורט מרום עכו",עכו,ממלכתי,יהודי,2024,תחזוקת מערכות מכניות,3,11,75.73,585851
west,"מח""ט אורט מרום עכו",עכו,ממלכתי,יהודי,2024,תנ'ך,2,31,68.52,585851
west,שמריהו בירן,עכו,ממלכתי,יהודי,2024,אזרחות,2,210,80.85,770859
west,שמריהו בירן,עכו,ממלכתי,יהודי,2024,אלקטרוניקה ומחשבים,5,12,86.08,770859
west,שמריהו בירן,עכו,ממלכתי,יהודי,2024,אנגלית,3,48,78.17,770859
west,שמריהו בירן,עכו,ממלכתי,יהודי,2024,אנגלית,4,71,81.77,770859
west,שמריהו בירן,עכו,ממלכתי,יהודי,2024,אנגלית,5,91,89.58,770859
west,שמריהו בירן,עכו,ממלכתי,יהודי,2024,ביולוגיה,5,12,83.83,770859
west,שמריהו בירן,עכו,ממלכתי,יהודי,2024,הסטוריה,2,210,83.81,770859
west,שמריהו בירן,עכו,ממלכתי,יהודי,2024,מדעי הבריאות,5,18,80.67,770859
west,שמריהו בירן,עכו,ממלכתי,יהודי,2024,מדעי החברה,5,30,82.8,770859
west,שמריהו בירן,עכו,ממלכתי,יהודי,2024,מדעי המחשב,5,20,77.9,770859
west,שמריהו בירן,עכו,ממלכתי,יהודי,2024,מכניקה הנדסית,5,12,81.75,770859
west,שמריהו בירן,עכו,ממלכתי,יהודי,2024,מערכות אלקטרוניות,5,11,89.64,770859
west,שמריהו בירן,עכו,ממלכתי,יהודי,2024,מערכות רפואיות,5,18,90.56,770859
west,שמריהו בירן,עכו,ממלכתי,יהודי,2024,"מערכות תיב""מ",3,12,76.5,770859
west,שמריהו בירן,עכו,ממלכתי,יהודי,2024,מתמטיקה,3,133,78.08,770859
west,שמריהו בירן,עכו,ממלכתי,יהודי,2024,מתמטיקה,4,52,84.31,770859
west,שמריהו בירן,עכו,ממלכתי,יהודי,2024,מתמטיקה,5,25,85.52,770859
west,שמריהו בירן,עכו,ממלכתי,יהודי,2024,ניהול משאבי אנוש,5,31,73.45,770859
west,שמריהו בירן,עכו,ממלכתי,יהודי,2024,ספרות,2,195,81.99,770859
west,שמריהו בירן,עכו,ממלכתי,יהודי,2024,ספרות,5,15,86.6,770859
west,שמריהו בירן,עכו,ממלכתי,יהודי,2024,עברית )לשון והבעה(,2,210,78.95,770859
west,שמריהו בירן,עכו,ממלכתי,יהודי,2024,פיסיקה,5,41,82.37,770859
west,שמריהו בירן,עכו,ממלכתי,יהודי,2024,תאטרון,5,47,86.3,770859
west,שמריהו בירן,עכו,ממלכתי,יהודי,2024,תכנון ותכנות מערכות,5,18,86,770859
west,שמריהו בירן,עכו,ממלכתי,יהודי,2024,תנ'ך,2,210,80.69,770859
west,שמריהו בירן,עכו,ממלכתי,יהודי,2024,תקשורת )בנתיב העיוני,5,62,83.76,770859
west,אופק,מטה אשר,ממלכתי,יהודי,2024,אומנות,5,17,94.06,260125
west,אופק,מטה אשר,ממלכתי,יהודי,2024,אופטיקה יישומית,5,24,85.96,260125
west,אופק,מטה אשר,ממלכתי,יהודי,2024,אזרחות,2,145,82.75,260125
west,אופק,מטה אשר,ממלכתי,יהודי,2024,אמנות שימושית,5,26,69.38,260125
west,אופק,מטה אשר,ממלכתי,יהודי,2024,אנגלית,3,24,81.96,260125
west,אופק,מטה אשר,ממלכתי,יהודי,2024,אנגלית,4,34,81.76,260125
west,אופק,מטה אשר,ממלכתי,יהודי,2024,אנגלית,5,81,86.26,260125
west,אופק,מטה אשר,ממלכתי,יהודי,2024,ביולוגיה,5,21,85.86,260125
west,אופק,מטה אשר,ממלכתי,יהודי,2024,הסטוריה,2,140,77.69,260125
west,אופק,מטה אשר,ממלכתי,יהודי,2024,חנוך גופני,5,12,73.25,260125
west,אופק,מטה אשר,ממלכתי,יהודי,2024,מדעי החברה,5,12,84.75,260125
west,אופק,מטה אשר,ממלכתי,יהודי,2024,מתמטיקה,3,81,82.54,260125
west,אופק,מטה אשר,ממלכתי,יהודי,2024,מתמטיקה,4,36,89.56,260125
west,אופק,מטה אשר,ממלכתי,יהודי,2024,מתמטיקה,5,21,81.29,260125
west,אופק,מטה אשר,ממלכתי,יהודי,2024,ספרות,2,142,76.73,260125
west,אופק,מטה אשר,ממלכתי,יהודי,2024,עברית )לשון והבעה(,2,142,76.63,260125
west,אופק,מטה אשר,ממלכתי,יהודי,2024,עצוב,3,15,79.93,260125
west,אופק,מטה אשר,ממלכתי,יהודי,2024,עצוב,5,11,83.82,260125
west,אופק,מטה אשר,ממלכתי,יהודי,2024,פיסיקה,5,14,92.5,260125
west,אופק,מטה אשר,ממלכתי,יהודי,2024,צלום,5,11,93.64,260125
west,אופק,מטה אשר,ממלכתי,יהודי,2024,תאטרון,5,13,89.62,260125
west,אופק,מטה אשר,ממלכתי,יהודי,2024,תנ'ך,2,145,81.91,260125
west,"כברי חט""ע",מטה אשר,ממלכתי,יהודי,2024,אומנות,5,17,90.06,260240
west,"כברי חט""ע",מטה אשר,ממלכתי,יהודי,2024,אופטיקה יישומית,5,17,83.24,260240
west,"כברי חט""ע",מטה אשר,ממלכתי,יהודי,2024,אזרחות,2,94,80.76,260240
west,"כברי חט""ע",מטה אשר,ממלכתי,יהודי,2024,אזרחות,5,11,82.36,260240
west,"כברי חט""ע",מטה אשר,ממלכתי,יהודי,2024,אנגלית,4,40,77.38,260240
west,"כברי חט""ע",מטה אשר,ממלכתי,יהודי,2024,אנגלית,5,63,90.21,260240
west,"כברי חט""ע",מטה אשר,ממלכתי,יהודי,2024,הסטוריה,2,91,77.55,260240
west,"כברי חט""ע",מטה אשר,ממלכתי,יהודי,2024,הסטוריה,5,13,81.46,260240
west,"כברי חט""ע",מטה אשר,ממלכתי,יהודי,2024,טלוויזיה וקולנוע,5,16,86.19,260240
west,"כברי חט""ע",מטה אשר,ממלכתי,יהודי,2024,מתמטיקה,3,56,82.82,260240
west,"כברי חט""ע",מטה אשר,ממלכתי,יהודי,2024,מתמטיקה,4,33,85.09,260240
west,"כברי חט""ע",מטה אשר,ממלכתי,יהודי,2024,מתמטיקה,5,14,91.79,260240
west,"כברי חט""ע",מטה אשר,ממלכתי,יהודי,2024,ספרות,2,96,78.6,260240
west,"כברי חט""ע",מטה אשר,ממלכתי,יהודי,2024,עברית )לשון והבעה(,2,107,77.12,260240
west,"כברי חט""ע",מטה אשר,ממלכתי,יהודי,2024,פיסיקה,5,11,90.64,260240
west,"כברי חט""ע",מטה אשר,ממלכתי,יהודי,2024,תאטרון,5,25,90.16,260240
west,"כברי חט""ע",מטה אשר,ממלכתי,יהודי,2024,תנ'ך,2,105,86.14,260240
west,מקיף סולם צור,מטה אשר,ממלכתי,יהודי,2024,אופטיקה יישומית,5,12,79.58,260331
west,מקיף סולם צור,מטה אשר,ממלכתי,יהודי,2024,אזרחות,2,155,83.7,260331
west,מקיף סולם צור,מטה אשר,ממלכתי,יהודי,2024,אלקטרוניקה ומחשבים,5,24,70.21,260331
west,מקיף סולם צור,מטה אשר,ממלכתי,יהודי,2024,אנגלית,4,42,86.86,260331
west,מקיף סולם צור,מטה אשר,ממלכתי,יהודי,2024,אנגלית,5,97,90.02,260331
west,מקיף סולם צור,מטה אשר,ממלכתי,יהודי,2024,ביולוגיה,5,24,87.96,260331
west,מקיף סולם צור,מטה אשר,ממלכתי,יהודי,2024,גאוגרפיה,5,40,83.9,260331
west,מקיף סולם צור,מטה אשר,ממלכתי,יהודי,2024,הסטוריה,2,155,86.1,260331
west,מקיף סולם צור,מטה אשר,ממלכתי,יהודי,2024,חנוך גופני,5,20,77.75,260331
west,מקיף סולם צור,מטה אשר,ממלכתי,יהודי,2024,חקלאות,5,14,83.79,260331
west,מקיף סולם צור,מטה אשר,ממלכתי,יהודי,2024,מדעי המחשב,5,11,78.09,260331
west,מקיף סולם צור,מטה אשר,ממלכתי,יהודי,2024,מדעי לימודי הסביבה,5,21,69.29,260331
west,מקיף סולם צור,מטה אשר,ממלכתי,יהודי,2024,מנהל וכלכלה,5,23,82.26,260331
west,מקיף סולם צור,מטה אשר,ממלכתי,יהודי,2024,מערכות אלקטרוניות,5,22,86.41,260331
west,מקיף סולם צור,מטה אשר,ממלכתי,יהודי,2024,מתמטיקה,3,58,89.69,260331
west,מקיף סולם צור,מטה אשר,ממלכתי,יהודי,2024,מתמטיקה,4,56,84.36,260331
west,מקיף סולם צור,מטה אשר,ממלכתי,יהודי,2024,מתמטיקה,5,26,84,260331
west,מקיף סולם צור,מטה אשר,ממלכתי,יהודי,2024,ספרות,2,148,85.42,260331
west,מקיף סולם צור,מטה אשר,ממלכתי,יהודי,2024,עברית )לשון והבעה(,2,151,80.25,260331
west,מקיף סולם צור,מטה אשר,ממלכתי,יהודי,2024,פיסיקה,5,15,89.2,260331
west,מקיף סולם צור,מטה אשר,ממלכתי,יהודי,2024,שווק וקדום מכירות,5,16,85.94,260331
west,מקיף סולם צור,מטה אשר,ממלכתי,יהודי,2024,תאטרון,5,11,97.91,260331
west,מקיף סולם צור,מטה אשר,ממלכתי,יהודי,2024,תנ'ך,2,153,90.08,260331
west,מקיף גליל מערבי,מעלה יוסף,ממלכתי,יהודי,2024,אזרחות,2,151,74.84,260489
west,מקיף גליל מערבי,מעלה יוסף,ממלכתי,יהודי,2024,אזרחות,5,19,92.11,260489
west,מקיף גליל מערבי,מעלה יוסף,ממלכתי,יהודי,2024,אנגלית,3,47,90.66,260489
west,מקיף גליל מערבי,מעלה יוסף,ממלכתי,יהודי,2024,אנגלית,4,44,86.57,260489
west,מקיף גליל מערבי,מעלה יוסף,ממלכתי,יהודי,2024,אנגלית,5,76,92.7,260489
west,מקיף גליל מערבי,מעלה יוסף,ממלכתי,יהודי,2024,ביולוגיה,5,21,86.33,260489
west,מקיף גליל מערבי,מעלה יוסף,ממלכתי,יהודי,2024,הסטוריה,2,169,73.09,260489
west,מקיף גליל מערבי,מעלה יוסף,ממלכתי,יהודי,2024,חשבונאות,5,14,82.5,260489
west,מקיף גליל מערבי,מעלה יוסף,ממלכתי,יהודי,2024,כימיה,5,19,81.16,260489
west,מקיף גליל מערבי,מעלה יוסף,ממלכתי,יהודי,2024,מדעי החברה,5,11,90.45,260489
west,מקיף גליל מערבי,מעלה יוסף,ממלכתי,יהודי,2024,מדעי המחשב,5,21,88.76,260489
west,מקיף גליל מערבי,מעלה יוסף,ממלכתי,יהודי,2024,מדעי לימודי הסביבה,5,14,78.71,260489
west,מקיף גליל מערבי,מעלה יוסף,ממלכתי,יהודי,2024,מערכות חשמל,5,18,77,260489
west,מקיף גליל מערבי,מעלה יוסף,ממלכתי,יהודי,2024,מערכות פקוד ובקרה,5,17,83.88,260489
west,מקיף גליל מערבי,מעלה יוסף,ממלכתי,יהודי,2024,מתמטיקה,3,86,85.81,260489
west,מקיף גליל מערבי,מעלה יוסף,ממלכתי,יהודי,2024,מתמטיקה,4,45,88.29,260489
west,מקיף גליל מערבי,מעלה יוסף,ממלכתי,יהודי,2024,מתמטיקה,5,29,88.52,260489
west,מקיף גליל מערבי,מעלה יוסף,ממלכתי,יהודי,2024,ניהול משאבי אנוש,5,13,73.69,260489
west,מקיף גליל מערבי,מעלה יוסף,ממלכתי,יהודי,2024,ספרות,2,163,81.64,260489
west,מקיף גליל מערבי,מעלה יוסף,ממלכתי,יהודי,2024,עברית )לשון והבעה(,2,165,76.78,260489
west,מקיף גליל מערבי,מעלה יוסף,ממלכתי,יהודי,2024,פיסיקה,5,25,85.32,260489
west,מקיף גליל מערבי,מעלה יוסף,ממלכתי,יהודי,2024,תאטרון,5,16,91.69,260489
west,מקיף גליל מערבי,מעלה יוסף,ממלכתי,יהודי,2024,תכנון ותכנות מערכות,5,15,97.8,260489
west,מקיף גליל מערבי,מעלה יוסף,ממלכתי,יהודי,2024,תנ'ך,2,170,82.37,260489
west,מקיף גליל מערבי,מעלה יוסף,ממלכתי,יהודי,2024,תקשורת בינלאומית באנ,5,13,83.92,260489
west,מקיף גליל מערבי,מעלה יוסף,ממלכתי,יהודי,2024,תקשורת וחברה,5,16,87,260489
west,"כ""ג יורדי הסירה",עכו,ממלכתי,יהודי,2024,אזרחות,2,97,74.23,270033
west,"כ""ג יורדי הסירה",עכו,ממלכתי,יהודי,2024,אלקטרוניקה ומחשבים,5,34,78.41,270033
west,"כ""ג יורדי הסירה",עכו,ממלכתי,יהודי,2024,אנגלית,3,22,78.91,270033
west,"כ""ג יורדי הסירה",עכו,ממלכתי,יהודי,2024,אנגלית,4,52,79.52,270033
west,"כ""ג יורדי הסירה",עכו,ממלכתי,יהודי,2024,אנגלית,5,27,84.04,270033
west,"כ""ג יורדי הסירה",עכו,ממלכתי,יהודי,2024,בקרת מכונות,5,15,85,270033
west,"כ""ג יורדי הסירה",עכו,ממלכתי,יהודי,2024,הסטוריה,2,106,71.88,270033
west,"כ""ג יורדי הסירה",עכו,ממלכתי,יהודי,2024,ימאות וספינות,5,36,77.61,270033
west,"כ""ג יורדי הסירה",עכו,ממלכתי,יהודי,2024,מדעי הים,5,33,76.06,270033
west,"כ""ג יורדי הסירה",עכו,ממלכתי,יהודי,2024,מערכות אלקטרוניות,5,28,83.89,270033
west,"כ""ג יורדי הסירה",עכו,ממלכתי,יהודי,2024,מתמטיקה,3,58,77.09,270033
west,"כ""ג יורדי הסירה",עכו,ממלכתי,יהודי,2024,מתמטיקה,4,21,88.57,270033
west,"כ""ג יורדי הסירה",עכו,ממלכתי,יהודי,2024,ספרות,2,101,71.64,270033
west,"כ""ג יורדי הסירה",עכו,ממלכתי,יהודי,2024,עברית )לשון והבעה(,2,105,66.64,270033
west,"כ""ג יורדי הסירה",עכו,ממלכתי,יהודי,2024,תנ'ך,2,107,75.32,270033
west,"כ""ג יורדי הסירה",עכו,ממלכתי,יהודי,2024,תרמודינמיקה טכנית,5,15,76.33,270033
west,"מנו""ף",עכו,ממלכתי,יהודי,2024,אזרחות,2,12,65.17,771287
west,"מנו""ף",עכו,ממלכתי,יהודי,2024,הסטוריה,2,12,72.5,771287
west,"מנו""ף",עכו,ממלכתי,יהודי,2024,ספרות,2,12,75.33,771287
west,"מנו""ף",עכו,ממלכתי,יהודי,2024,עברית )לשון והבעה(,2,12,78.33,771287
west,"מנו""ף",עכו,ממלכתי,יהודי,2024,תנ'ך,2,12,69.33,771287
west,"תיכון חרדי לבנות ב""י",עכו,חרדי,יהודי,2024,אזרחות,2,29,81.66,240580
west,"תיכון חרדי לבנות ב""י",עכו,חרדי,יהודי,2024,אנגלית,3,15,83,240580
west,"תיכון חרדי לבנות ב""י",עכו,חרדי,יהודי,2024,הסטוריה,2,26,84.04,240580
west,"תיכון חרדי לבנות ב""י",עכו,חרדי,יהודי,2024,יהדות,5,26,79.85,240580
west,"תיכון חרדי לבנות ב""י",עכו,חרדי,יהודי,2024,מנהל וכלכלה,5,29,80.21,240580
west,"תיכון חרדי לבנות ב""י",עכו,חרדי,יהודי,2024,מתמטיקה,3,18,89.06,240580
west,"תיכון חרדי לבנות ב""י",עכו,חרדי,יהודי,2024,ניהול משאבי אנוש,3,15,86.73,240580
west,"תיכון חרדי לבנות ב""י",עכו,חרדי,יהודי,2024,ספרות,2,27,76.56,240580
west,"תיכון חרדי לבנות ב""י",עכו,חרדי,יהודי,2024,עברית )לשון והבעה(,2,26,84.19,240580
west,"תיכון חרדי לבנות ב""י",עכו,חרדי,יהודי,2024,תנ'ך,5,24,79.96,240580
